[19:17:27] [main/INFO]: Loading Minecraft 1.20.1 with Fabric Loader 0.16.10
[19:17:27] [ForkJoinPool-1-worker-4/WARN]: The mod "dungeons_arise" contains invalid entries in its mod json:
- Unsupported root entry "credits" at line 12 column 12
[19:17:27] [ForkJoinPool-1-worker-2/WARN]: The mod "luna" contains invalid entries in its mod json:
- Unsupported root entry "credits" at line 10 column 14
- Unsupported root entry "incompatible" at line 34 column 19
[19:17:27] [ForkJoinPool-1-worker-1/WARN]: The mod "openblocks" contains invalid entries in its mod json:
- Unsupported root entry "client" at line 24 column 11
[19:17:27] [ForkJoinPool-1-worker-2/WARN]: Mod explorify uses the version v1.3.0-mc1.20 which isn't compatible with Loader's extended semantic version format (Could not parse version number component 'v1'!), SemVer is recommended for reliably evaluating dependencies and prioritizing newer version
[19:17:27] [ForkJoinPool-1-worker-2/WARN]: Mod oceansdelight uses the version fdrf-fabric-1.0.2-1.20 which isn't compatible with Loader's extended semantic version format (Could not parse version number component 'fdrf'!), SemVer is recommended for reliably evaluating dependencies and prioritizing newer version
[19:17:27] [ForkJoinPool-1-worker-2/WARN]: Mod geophilic uses the version v2.1.0-mc1.20u1.20.2 which isn't compatible with Loader's extended semantic version format (Could not parse version number component 'v2'!), SemVer is recommended for reliably evaluating dependencies and prioritizing newer version
[19:17:27] [ForkJoinPool-1-worker-3/WARN]: Mod magna uses the version ${version} which isn't compatible with Loader's extended semantic version format (Could not parse version number component '${version}'!), SemVer is recommended for reliably evaluating dependencies and prioritizing newer version
[19:17:27] [ForkJoinPool-1-worker-3/WARN]: Mod ends_delight uses the version refabricated-1.20.1-alpha-1.0 which isn't compatible with Loader's extended semantic version format (Could not parse version number component 'refabricated'!), SemVer is recommended for reliably evaluating dependencies and prioritizing newer version
[19:17:27] [ForkJoinPool-1-worker-4/WARN]: Mod wither_spawn_fix uses the version MC1.20.1-1.0.0 which isn't compatible with Loader's extended semantic version format (Could not parse version number component 'MC1'!), SemVer is recommended for reliably evaluating dependencies and prioritizing newer version
[19:17:28] [ForkJoinPool-1-worker-1/WARN]: Mod netherdepthsupgrade uses the version fabric-3.1.1-1.20 which isn't compatible with Loader's extended semantic version format (Could not parse version number component 'fabric'!), SemVer is recommended for reliably evaluating dependencies and prioritizing newer version
[19:17:28] [ForkJoinPool-1-worker-3/WARN]: Mod io_netty_netty-codec-http uses the version 4.1.82.Final which isn't compatible with Loader's extended semantic version format (Could not parse version number component 'Final'!), SemVer is recommended for reliably evaluating dependencies and prioritizing newer version
[19:17:28] [ForkJoinPool-1-worker-3/WARN]: Mod io_netty_netty-handler-proxy uses the version 4.1.82.Final which isn't compatible with Loader's extended semantic version format (Could not parse version number component 'Final'!), SemVer is recommended for reliably evaluating dependencies and prioritizing newer version
[19:17:28] [ForkJoinPool-1-worker-3/WARN]: Mod io_netty_netty-codec-socks uses the version 4.1.82.Final which isn't compatible with Loader's extended semantic version format (Could not parse version number component 'Final'!), SemVer is recommended for reliably evaluating dependencies and prioritizing newer version
[19:17:28] [main/INFO]: Dependencies overridden for smoothgui, create_questing, estrogen, thermoo, bettertrims, frostiful, chatanimation, copycats
[19:17:28] [main/WARN]: Warnings were found!
 - Mod 'Alloy Forgery' (alloy_forgery) 2.1.1+1.20 recommends version 12.0.0 or later of roughlyenoughitems, which is missing!
	 - You should install version 12.0.0 or later of roughlyenoughitems for the optimal experience.
 - Mod 'Debugify' (debugify) 1.20.1+2.0 recommends any 3.x version of yet-another-config-lib, which is missing!
	 - You should install any 3.x version of yet-another-config-lib for the optimal experience.
 - Mod 'SimplySkills' (simplyskills) 1.7.1+1.20.1 recommends version 1.4.2+1.20.1 or later of amethyst_core, which is missing!
	 - You should install version 1.4.2+1.20.1 or later of amethyst_core for the optimal experience.
 - Mod 'Spellblades and Such' (spellbladenext) 1.21.3+1.20.1 recommends version 1.2.0+1.20.1 of mod 'Paladins & Priests (RPG Series)' (paladins), but only the wrong version is present: 1.4.0+1.20.1!
	 - You should install version 1.2.0+1.20.1 of mod 'Paladins & Priests (RPG Series)' (paladins) for the optimal experience.
[19:17:28] [main/INFO]: Loading 524 mods:
	- aaa_particles 1.20.1-1.4.7
	- accessories 1.0.0-beta.41+1.20.1
	   |-- io_wispforest_endec 0.1.8
	   |-- io_wispforest_endec_gson 0.1.5
	   \-- io_wispforest_endec_netty 0.1.4
	- ad_astra 1.15.5
	- ad_astra_giselle_addon 5.6
	- advancednetherite 2.0.2-1.20.1
	- adventurez 1.4.20
	- ae2 15.3.4
	   \-- team_reborn_energy 3.0.0
	- ae2wtlib 15.2.1-fabric
	- alloy_forgery 2.1.1+1.20
	- allthetrims 3.4.2
	- almostunified 1.20.1-0.9.4
	- alternate-current 1.7.0
	- amendments 1.20-1.2.11
	- animal_feeding_trough 1.0.3+1.20.1
	- appbot 1.5.0
	- appleskin 2.5.1+mc1.20
	- aquamirae 6
	- aqupdcaracal 1.20-2.3.3
	- archers 1.3.0+1.20.1
	   \-- com_github_zsoltmolnarrr_tinyconfig 2.3.2
	- archers_expansion 0.2.2-1.20.1
	   \-- com_github_zsoltmolnarrr_tinyconfig 2.3.2
	- architectury 9.2.14
	- archon 0.8.0
	   |-- cardinal-components-base 5.2.2
	   |-- cardinal-components-entity 5.2.2
	   |-- com_github_zsoltmolnarrr_tinyconfig 2.3.2
	   |-- omega-config 1.4.0+1.20.1
	   \-- saflib 1.1.0
	- artifacts 9.5.5
	   |-- cardinal-components-base 5.2.2
	   |-- cardinal-components-entity 5.2.2
	   |-- expandability 9.0.4
	   \-- step-height-entity-attribute 1.2.0
	- ash_api 3.0.2+1.20.1
	- athena 3.1.1
	- attributefix 21.0.4
	- autotag-convention 2.0.2+1.20
	   \-- autotag 2.0.2+1.20
	- azurelib 2.0.6
	- azurelibarmor 2.0.0
	- badpackets 0.4.3
	- balm-fabric 7.3.9
	   \-- kuma_api 20.1.8
	- barteringstation 8.0.0
	- bcc 4.0.8
	- bclib 3.0.14
	   \-- wunderlib 1.1.5
	- beachparty 1.1.5
	- beekeeperhut 1.3.0
	- better-trim-tooltips 1.0.1
	- betterarcheology 1.1.0
	- betterchunkloading 1.20.1-2.3
	- bettercombat 1.8.3+1.20.1
	- betterdeserttemples 1.20-Fabric-3.0.3
	   \-- org_reflections_reflections 0.10.2
	- betterdungeons 1.20-Fabric-4.0.3
	- betterend 4.0.11
	- betterend-crashed-ships 1.0.0
	- betterendisland 1.20-Fabric-2.0.4
	- betterfortresses 1.20-Fabric-2.0.5
	- betterfpsdist 1.20.1-4.0
	- betterjungletemples 1.20-Fabric-2.0.4
	- bettermineshafts 1.20-Fabric-4.0.4
	- betternether 9.0.10
	- betteroceanmonuments 1.20-Fabric-3.0.4
	- betterstats 3.5.2+fabric-1.20.1
	   \-- tcdcommons 3.5+fabric-1.20.1
	- betterstrongholds 1.20-Fabric-4.0.3
	- betterthanmending 1.3.0
	- bettertrims 2.3.2
	- betterwitchhuts 1.20-Fabric-3.0.3
	- bewitchment 1.20-8
	   |-- impersonate 2.10.2
	   |    \-- fabric-permissions-api-v0 0.2-SNAPSHOT
	   |-- playerabilitylib 1.8.0
	   |-- reach-entity-attributes 2.4.0
	   \-- terraform-wood-api-v1 7.0.3
	- blockrunner 8.0.2
	- blockswap 5.0.0.0
	- boatbreakfix 1.0.2
	- bookshelf 20.1.6
	- bosses_of_mass_destruction 1.7.5-1.20.1
	   |-- maelstrom_library 1.6.1-1.20
	   \-- multipart_entities 1.5-1.20
	- botania 1.20.1-447-FABRIC
	   |-- fiber 0.23.0-2
	   |-- reach-entity-attributes 2.4.0
	   \-- step-height-entity-attribute 1.2.0
	- botarium 2.3.3
	   \-- team_reborn_energy 3.0.0
	- brewery 1.1.9
	- buildguide 0.4.0
	- cardinal-components 5.2.2
	   |-- cardinal-components-block 5.2.2
	   |-- cardinal-components-chunk 5.2.2
	   |-- cardinal-components-item 5.2.2
	   |-- cardinal-components-level 5.2.2
	   |-- cardinal-components-scoreboard 5.2.2
	   \-- cardinal-components-world 5.2.2
	- carryon 2.1.2.7
	- chefsdelight 1.0.3-fabric-1.20.1
	- chipped 3.0.4
	- chunksavefix 1.0.0
	- cloth-config 11.1.118
	   \-- cloth-basic-math 0.6.1
	- clumps 12.0.0.3
	- collective 7.87
	- combat_effects 1.0.0
	- combatroll 1.3.0+1.20.1
	- comforts 6.3.4+1.20.1
	- commonnetworking 1.0.5-1.20.1
	- computercraft 1.108.4
	   |-- com_electronwill_night-config_core 3.6.7
	   |-- com_electronwill_night-config_toml 3.6.7
	   |-- com_jcraft_jzlib 1.1.3
	   |-- io_netty_netty-codec-http 4.1.82.Final
	   |-- io_netty_netty-codec-socks 4.1.82.Final
	   |-- io_netty_netty-handler-proxy 4.1.82.Final
	   \-- org_squiddev_cobalt 0.7.3
	- connectiblechains 2.2.1+1.20.1
	- connectivity 1.20.1-4.8
	- convenientdecor 0.4.3
	   \-- omega-config 1.4.0+1.20.1
	- copycats 2.1.4+mc.1.20.1-fabric
	- coroutil 1.20.1-1.3.5
	- crash_assistant 1.3.0
	- create 0.5.1-f-build.1417+mc1.20.1
	   |-- com_google_code_findbugs_jsr305 3.0.2
	   |-- flywheel 0.6.10-2
	   |-- milk 1.2.60
	   |    \-- dripstone_fluid_lib 3.0.2
	   |-- porting_lib_brewing 2.3.2+1.20.1
	   |-- porting_lib_client_events 2.3.2+1.20.1
	   |-- porting_lib_obj_loader 2.3.2+1.20.1
	   |-- porting_lib_tags 3.0
	   |-- reach-entity-attributes 2.4.0
	   \-- registrate-fabric 1.3.62-MC1.20.1
	        |-- porting_lib_data 2.1.1090+1.20
	        |    \-- porting_lib_gametest 2.1.1090+1.20
	        \-- porting_lib_model_generators 2.1.1090+1.20
	             \-- porting_lib_gametest 2.1.1090+1.20
	- create_new_age 1.1.2
	- create_questing 1.0.0
	- createaddition 1.2.3
	- creativecore 2.11.10
	   \-- net_minecraftforge_eventbus 6.0.3
	- creeperoverhaul 3.0.1
	- cristellib 1.1.5
	   \-- blue_endless_jankson 1.2.3
	- croptopia 2.3.2
	   |-- com_typesafe_config 1.4.1
	   |-- io_leangen_geantyref_geantyref 1.3.11
	   |-- org_spongepowered_configurate-core 4.1.2
	   \-- org_spongepowered_configurate-hocon 4.1.2
	- ctov 3.3.6
	- cupboard 1.20.1-2.7
	- custom_entity_attributes 1.0.0
	- customitemattributes 2.0.0
	- darkpaintings 17.0.4
	- darkutils 17.0.3
	- dawn 5.0.0
	   \-- terraform-shapes-api-v1 7.0.1
	- death_knights 1.0.0
	- debugify 1.20.1+2.0
	- decorative_blocks 4.0.3
	- deeperdarker 1.3.3
	   \-- customportalapi 0.0.1-beta64-1.20
	- derelict 1.1.1
	- despawntweaks 1.0.0
	- deuf_refabricated 1.1.0
	- do_a_barrel_roll 3.3.7+1.20
	   |-- cicada 0.5.0+1.20.1-minus
	   \-- fabric-permissions-api-v0 0.2-SNAPSHOT
	- doapi 1.2.15
	- doubledoors 5.9
	- dragonfight 1.20.1-4.1
	- dummmmmmy 1.20-1.8.10
	- dungeons_arise 2.1.57
	- dynamictrim 1.3.2
	- eldritch_end 0.3.3
	- emi 1.1.12+1.20.1+fabric
	- emi_enchanting 0.1.1+1.20.1
	- emi_loot 0.7.1+1.20.1
	- endrem 5.2.2
	- ends_delight refabricated-1.20.1-alpha-1.0
	- epherolib 1.2.0
	- estrogen 4.3.0+1.20.1-fabric
	   |-- baubly 1.0.1
	   |-- com_teamresourceful_resourceful-cosmetics-4j 1.0.4
	   |-- critter_lib 0.1-beta.11
	   \-- jukeboxfix 1.0.0+1.20.1
	- eternal_attributes 1.0.0
	- expandeddelight 0.3.1
	   \-- omega-config 1.4.0+1.20.1
	- explorations 1.20.1-1.5.2
	- explorerscompass 1.20.1-2.2.3-fabric
	- explorify v1.3.0-mc1.20
	- extendedae 1.20-1.0.2-fabric
	   \-- configuration 2.2.0
	- extra-mod-integrations 0.4.6+1.20.1
	- extraspellattributes 1.2.14
	- fabric-api 0.92.2+1.20.1
	   |-- fabric-api-base 0.4.31+1802ada577
	   |-- fabric-api-lookup-api-v1 1.6.36+1802ada577
	   |-- fabric-biome-api-v1 13.0.13+1802ada577
	   |-- fabric-block-api-v1 1.0.11+1802ada577
	   |-- fabric-block-view-api-v2 1.0.1+1802ada577
	   |-- fabric-blockrenderlayer-v1 1.1.41+1802ada577
	   |-- fabric-client-tags-api-v1 1.1.2+1802ada577
	   |-- fabric-command-api-v1 1.2.34+f71b366f77
	   |-- fabric-command-api-v2 2.2.13+1802ada577
	   |-- fabric-commands-v0 0.2.51+df3654b377
	   |-- fabric-containers-v0 0.1.64+df3654b377
	   |-- fabric-content-registries-v0 4.0.11+1802ada577
	   |-- fabric-convention-tags-v1 1.5.5+1802ada577
	   |-- fabric-crash-report-info-v1 0.2.19+1802ada577
	   |-- fabric-data-attachment-api-v1 1.0.0+de0fd6d177
	   |-- fabric-data-generation-api-v1 12.3.4+1802ada577
	   |-- fabric-dimensions-v1 2.1.54+1802ada577
	   |-- fabric-entity-events-v1 1.6.0+1c78457f77
	   |-- fabric-events-interaction-v0 0.6.2+1802ada577
	   |-- fabric-events-lifecycle-v0 0.2.63+df3654b377
	   |-- fabric-game-rule-api-v1 1.0.40+1802ada577
	   |-- fabric-item-api-v1 2.1.28+1802ada577
	   |-- fabric-item-group-api-v1 4.0.12+1802ada577
	   |-- fabric-key-binding-api-v1 1.0.37+1802ada577
	   |-- fabric-keybindings-v0 0.2.35+df3654b377
	   |-- fabric-lifecycle-events-v1 2.2.22+1802ada577
	   |-- fabric-loot-api-v2 1.2.1+1802ada577
	   |-- fabric-loot-tables-v1 1.1.45+9e7660c677
	   |-- fabric-message-api-v1 5.1.9+1802ada577
	   |-- fabric-mining-level-api-v1 2.1.50+1802ada577
	   |-- fabric-model-loading-api-v1 1.0.3+1802ada577
	   |-- fabric-models-v0 0.4.2+9386d8a777
	   |-- fabric-networking-api-v1 1.3.11+1802ada577
	   |-- fabric-networking-v0 0.3.51+df3654b377
	   |-- fabric-object-builder-api-v1 11.1.3+1802ada577
	   |-- fabric-particles-v1 1.1.2+1802ada577
	   |-- fabric-recipe-api-v1 1.0.21+1802ada577
	   |-- fabric-registry-sync-v0 2.3.3+1802ada577
	   |-- fabric-renderer-api-v1 3.2.1+1802ada577
	   |-- fabric-renderer-indigo 1.5.2+85287f9f77
	   |-- fabric-renderer-registries-v1 3.2.46+df3654b377
	   |-- fabric-rendering-data-attachment-v1 0.3.37+92a0d36777
	   |-- fabric-rendering-fluids-v1 3.0.28+1802ada577
	   |-- fabric-rendering-v0 1.1.49+df3654b377
	   |-- fabric-rendering-v1 3.0.8+1802ada577
	   |-- fabric-resource-conditions-api-v1 2.3.8+1802ada577
	   |-- fabric-resource-loader-v0 0.11.10+1802ada577
	   |-- fabric-screen-api-v1 2.0.8+1802ada577
	   |-- fabric-screen-handler-api-v1 1.3.30+1802ada577
	   |-- fabric-sound-api-v1 1.0.13+1802ada577
	   |-- fabric-transfer-api-v1 3.3.5+8dd72ea377
	   \-- fabric-transitive-access-wideners-v1 4.3.1+1802ada577
	- fabric-language-kotlin 1.12.0+kotlin.2.0.10
	   |-- org_jetbrains_kotlin_kotlin-reflect 2.0.10
	   |-- org_jetbrains_kotlin_kotlin-stdlib 2.0.10
	   |-- org_jetbrains_kotlin_kotlin-stdlib-jdk7 2.0.10
	   |-- org_jetbrains_kotlin_kotlin-stdlib-jdk8 2.0.10
	   |-- org_jetbrains_kotlinx_atomicfu-jvm 0.25.0
	   |-- org_jetbrains_kotlinx_kotlinx-coroutines-core-jvm 1.8.1
	   |-- org_jetbrains_kotlinx_kotlinx-coroutines-jdk8 1.8.1
	   |-- org_jetbrains_kotlinx_kotlinx-datetime-jvm 0.6.0
	   |-- org_jetbrains_kotlinx_kotlinx-io-bytestring-jvm 0.5.1
	   |-- org_jetbrains_kotlinx_kotlinx-io-core-jvm 0.5.1
	   |-- org_jetbrains_kotlinx_kotlinx-serialization-cbor-jvm 1.7.1
	   |-- org_jetbrains_kotlinx_kotlinx-serialization-core-jvm 1.7.1
	   \-- org_jetbrains_kotlinx_kotlinx-serialization-json-jvm 1.7.1
	- fabricloader 0.16.10
	   \-- mixinextras 0.4.1
	- fakerlib 0.1.4
	- farmersdelight 1.20.1-2.1.6+refabricated
	   |-- mm 2.3
	   |-- porting_lib_accessors 2.3.4+1.20.1
	   |    \-- porting_lib_core 2.3.4+1.20.1
	   |-- porting_lib_base 2.3.4+1.20.1
	   |    |-- porting_lib_core 2.3.4+1.20.1
	   |    |-- porting_lib_fluids 2.3.4+1.20.1
	   |    |-- porting_lib_mixin_extensions 2.3.4+1.20.1
	   |    |-- porting_lib_transfer 2.3.4+1.20.1
	   |    \-- reach-entity-attributes 2.4.0
	   |-- porting_lib_config 2.3.4+1.20.1
	   |    \-- porting_lib_core 2.3.4+1.20.1
	   |-- porting_lib_lazy_registration 2.3.4+1.20.1
	   |    \-- porting_lib_core 2.3.4+1.20.1
	   |-- porting_lib_loot 2.3.4+1.20.1
	   |    \-- porting_lib_core 2.3.4+1.20.1
	   |-- porting_lib_networking 2.3.4+1.20.1
	   |    \-- porting_lib_core 2.3.4+1.20.1
	   |-- porting_lib_recipe_book_categories 2.3.4+1.20.1
	   |    \-- porting_lib_core 2.3.4+1.20.1
	   \-- porting_lib_tool_actions 2.3.4+1.20.1
	        \-- porting_lib_core 2.3.4+1.20.1
	- farmersknives 3.2
	- faster-random 5.1.0
	- fastpaintings 1.20-1.2.4
	- faux-custom-entity-data 6.0.1
	- ferritecore 6.0.1
	- fishontheline 3.1
	- flowerymooblooms 1.1.0
	- forgeconfigapiport 8.0.0
	- forgeconfigscreens 8.0.2
	- friendsandfoes 1.9.8
	- frostiful 1.0.8
	   \-- mm 2.3
	- ftblibrary 2001.1.4
	- ftbquests 2001.2.0
	   \-- team_reborn_energy 3.0.0
	- ftbteams 2001.1.4
	- fwaystones 3.1.3+mc1.20
	- fzzy_config 0.3.7+1.20.1
	   \-- net_peanuuutz_tomlkt_tomlkt-jvm 0.3.7
	- geckolib 4.7
	   \-- com_eliotlash_mclib_mclib 20
	- geophilic v2.1.0-mc1.20u1.20.2
	- grassoverhaul 25.1.31
	- graveyard 2.9.1
	- handcrafted 3.0.6
	- herbalbrews 1.0.11
	- highlight 2.0.1
	- icarus 2.9.1
	- iceberg 1.1.18
	- idwtialsimmoedm 0.2.0+1.20
	- immersive_armors 1.6.1+1.20.1
	- immersive_melodies 0.1.0+1.20.1
	- immersivelanterns 1.0.2
	- immersivemessages 1.0.6
	   |-- mixinextras 0.4.1
	   \-- mm 2.3
	- indrev 1.16.5-BETA
	   |-- libgui 8.1.1+1.20.1
	   |    |-- jankson 6.0.0+j1.2.3
	   |    \-- libninepatch 1.2.0
	   |-- noindium 1.1.0+1.19
	   |-- step-height-entity-attribute 1.2.0
	   \-- team_reborn_energy 3.0.0
	- inventorysorter 1.9.0-1.20
	   \-- kyrptconfig 1.5.6-1.20
	- invoke 1.0.3.1-1.20.1
	- ironchests 5.0.2
	- item_obliterator 2.3.0
	- itemfilters 2001.1.0-build.59
	- jade 11.6.2
	- jamlib 0.6.1+1.20.x
	- java 17
	- jewelry 1.3.7+1.20.1
	   \-- com_github_zsoltmolnarrr_tinyconfig 2.3.2
	- justhammers 2.0.3+mc1.20.1
	- kibe 1.10.1-BETA+1.20
	   \-- playerabilitylib 1.8.0
	- kleeslabs 15.0.0
	- konkrete 1.7.0
	- leavesbegone 8.0.0
	- libz 1.0.3
	   |-- com_fasterxml_jackson_core_jackson-annotations 2.15.2
	   |-- com_fasterxml_jackson_core_jackson-core 2.15.2
	   \-- com_fasterxml_jackson_core_jackson-databind 2.15.2
	- lithium 0.11.2
	- lmft 1.0.2+1.20
	- logbegone 1.0.8
	- lootintegrations 1.20.1-3.4
	- lootr 0.7.33.81
	- luna 1.0.0
	- magnumtorch 8.0.1
	- mavapi 1.1.3
	- mavm 1.2.4
	- mcda 5.0.2
	- mcdw 9.0.4
	- megacells 2.3.6-1.20.1
	- melody 1.0.3
	- memoryleakfix 1.1.2
	- memorysettings 1.20.1-5.5
	- merequester 1.20.1-1.1.4
	- midnightlib 1.4.1
	- minecells 1.9.2
	   \-- gimm1q 0.7.9+1.20.1
	        \-- com_github_redempt_crunch 2.0.3
	- minecraft 1.20.1
	- mixintrace 1.1.1+1.17
	- mmmindicators 1.0.0
	- mobhealthbar 2.3.0
	- modern_industrialization 1.8.6
	   |-- magna 1.10.1+1.20.1
	   |-- noindium 1.1.0+1.20
	   |-- playerabilitylib 1.8.0
	   \-- team_reborn_energy 3.0.0
	- modernfix 5.11.0+mc1.20.1
	- modpack-update-checker 0.15.2
	   \-- mpuc_lavendermd 0.1.2
	- moonlight 1.20-2.12.20
	- more_armor_trims 1.1.3-1.20.1
	- more_rpg_classes 1.2.12-1.20.1
	   \-- com_github_zsoltmolnarrr_tinyconfig 2.3.2
	- moremobvariants 1.2.2
	- moretotems 2.15.0
	- mutantmonsters 8.0.4
	- mythicmobs 1.20.1-fabric-1.4.5
	- mythicmounts 1.20.1-7.2
	- mythicupgrades 2.3.2+mc1.20.1
	- naturalist 4.0.3
	- naturescompass 1.20.1-2.2.3-fabric
	- necronomicon 1.6.0
	- nerb 0.3
	- neruina 1.3.0
	- netherchested 8.0.1
	   \-- puzzlesapi 8.0.2
	- netherdepthsupgrade fabric-3.1.1-1.20
	- netherportalfix 13.0.1
	- nightconfigfixes 8.0.0
	- nochatreports 1.20.1-v2.2.2
	   |-- fabric-rendering-v1 3.0.6+b3afc78b82
	   \-- fabric-screen-api-v1 2.0.6+b3afc78b82
	- obscure_api 16
	- oceansdelight fdrf-fabric-1.0.2-1.20
	- offhandtickfix 1.0.0
	- opaccreatesupport 1.6.0
	- opacpvp 1.0.0
	- openblocks 0.0.3-1.20.1
	- openpartiesandclaims 0.22.0
	- owo 0.11.2+1.20
	- oxidized 1.8.2
	- packanalytics 1.0.3
	- packetfixer 1.2.1
	- paladins 1.4.0+1.20.1
	   \-- com_github_zsoltmolnarrr_tinyconfig 2.3.2
	- patchouli 1.20.1-84-FABRIC
	   \-- fiber 0.23.0-2
	- paxi 1.20-Fabric-4.0
	- pehkui 3.7.11+1.14.4-1.20.2
	   \-- kanos_config 0.4.1+1.14.4-1.19.4
	- philipsruins 1.20.1
	- pigpen 15.0.2
	- ping-wheel 1.7.0
	- player-animator 1.0.2-rc1+1.20
	- polyeng 0.1.0-1.20.1
	- polymorph 0.49.1+1.20.1
	- powah 5.0.5
	- projectile_damage 3.2.2+1.20.1
	- promenade 4.1.1
	   \-- biolith 1.0.0-alpha.8
	        \-- terraform-surfaces-api-v1 7.0.1
	- prominent 3.0.0
	- prominent_ost 1.0.0
	- prominent_talents 2.7.0
	- prominent_ui 1.0.0
	- protbalancer 1.2.0
	- puffish_attributes 0.4.0
	- puffish_skills 0.12.2
	- puzzleslib 8.1.9
	   \-- puzzlesaccessapi 8.0.7
	- quartzelv 2.2.5+1.20
	- questkilltask 0.2.0+1.20.1
	- railways 1.6.4+fabric-mc1.20.1
	   \-- mm 2.3
	- ranged_weapon_api 1.1.4+1.20.1
	- rare-ice 0.6.0
	- reacharound 1.1.2
	- rebalance 1.2.0
	- recipeessentials 1.20.1-3.1
	- redirected 1.0.0
	- regions_unexplored 0.5.6+1.20.1
	- resistance_balancer 1.0.0
	- resourcefulconfig 2.1.2
	- resourcefullib 2.1.29
	   |-- com_teamresourceful_bytecodecs 1.0.2
	   \-- com_teamresourceful_yabn 1.0.3
	- riverredux 0.3.1
	- rogues 1.2.0+1.20.1
	   \-- com_github_zsoltmolnarrr_tinyconfig 2.3.2
	- runelic 18.0.2
	- runes 0.9.13+1.20.1
	- satisfying_buttons 1.1.2
	- sbprom 1.0.6
	   |-- cardinal-components-base 5.2.2
	   |-- cardinal-components-entity 5.2.2
	   \-- com_github_zsoltmolnarrr_tinyconfig 2.3.2
	- seasons 2.3+1.20
	- seasonscroptopiacompat 1.0-2.2.2
	- seasonsdelightcompat 1.0-1.3.9
	- seasonsextras 1.2-BETA+1.20
	- serverbrowser 1.1.2
	- shield_api 1.0.1+1.20.1
	- shield_overhaul 2.0.4
	- simply_houses 1.1.4-1.20.1
	- simplyskills 1.7.1+1.20.1
	- simplyswords 1.56.0-1.20.1
	   \-- spruceui 5.0.0+1.20
	- skinlayers3d 1.6.6
	- skyvillages 1.0.3.2-1.19.2-1.20.1
	- smallships 2.0.0-a2.3.3
	- smoothchunk 1.20.1-3.5
	- smwyg 1.1.1
	- snifferplus 0.2.0
	- sodiumoptionsapi 1.0.2
	   \-- mixinsquared 0.2.0-beta.6
	- sortilege 1.6.3
	- soulsweapons 1.2.1-1.20.1-fabric
	- spark 1.10.53
	- spell-engine-openpac-compat 1.0.0
	- spell_engine 0.15.12+1.20.1
	   \-- com_github_zsoltmolnarrr_tinyconfig 2.3.2
	- spell_power 0.12.0+1.20.1
	   \-- com_github_zsoltmolnarrr_tinyconfig 2.3.2
	- spellbladenext 1.21.3+1.20.1
	   |-- cardinal-components-base 5.2.2
	   |-- cardinal-components-entity 5.2.2
	   \-- com_github_zsoltmolnarrr_tinyconfig 2.3.2
	- stackdeobfuscator 1.4.1+03a1fe4
	   |-- dev_booky_common_ 1.4.1+03a1fe4
	   \-- net_fabricmc_mapping-io 0.3.0
	- starterkit 5.3
	- stoneworks 8.0.0
	- structure_pool_api 1.0+1.20.1
	- structureessentials 1.20.1-3.2
	- supplementaries 1.20-2.8.17
	- swampier_swamps 1.20-4.0.0
	- t_and_t 1.11.1
	- tclayer 3.8.1+beta.14
	   |-- cardinal-components-base 5.2.2
	   \-- cardinal-components-entity 5.2.2
	- techreborn 5.8.8
	   |-- reborncore 5.8.8
	   |    \-- team_reborn_energy 3.0.0
	   \-- team_reborn_energy 3.0.0
	- terrablender 3.0.1.6
	- thaumon 2.2.0+1.20.1
	- the_bumblezone 7.5.14+1.20.1-fabric
	   |-- mixinextras 0.4.1
	   \-- noindium 1.1.0+1.20
	- thermoo 2.3.2
	   |-- cardinal-components-base 5.2.2
	   \-- cardinal-components-entity 5.2.2
	- thiccpackets 1.17-1.19+
	- things 0.3.3+1.20
	   \-- lavender 0.1.0-pre.18+1.20
	        |-- lavender-md 0.1.0-pre.3+1.20
	        \-- lavender-md-owo-ui 0.1.0-pre.3+1.20
	- tiered 1.2.0
	   |-- autotag 2.0.2+1.20
	   \-- reach-entity-attributes 2.4.0
	- tinyskeletons 8.0.1
	- tlc 1.0.1
	- toofast 1.2.0
	- tradingpost 8.0.2
	- transmog 1.3.0+1.20
	- transparent 8.0.1+1.20.1
	- travelersbackpack 9.1.28
	   \-- reach-entity-attributes 2.4.0
	- treechop 0.18.3
	- twigs 3.1.0
	- txnilib 1.0.2
	- unsafe-world-random-access-detector 1.1.0
	- veinmining 1.3.1+1.20.1
	   \-- spectrelib 0.13.15+1.20.1
	- villagernames 7.0
	- villagersplus 2.1
	- vinery 1.4.39
	- visualworkbench 8.0.0
	- wands 2.6.9-release
	- watut 1.20.1-1.0.12
	- windchimes 1.2.4+1.20
	- winterly 0.9.3+1.20
	- wither_spawn_fix MC1.20.1-1.0.0
	- wizards 1.4.1+1.20.1
	   \-- com_github_zsoltmolnarrr_tinyconfig 2.3.2
	- xaerominimap 23.9.3
	- xaeroworldmap 1.37.8
	- yet_another_config_lib_v3 3.2.1+1.20
	   |-- com_twelvemonkeys_common_common-image 3.10.0-SNAPSHOT
	   |-- com_twelvemonkeys_common_common-io 3.10.0-SNAPSHOT
	   |-- com_twelvemonkeys_common_common-lang 3.10.0-SNAPSHOT
	   |-- com_twelvemonkeys_imageio_imageio-core 3.10.0-SNAPSHOT
	   |-- com_twelvemonkeys_imageio_imageio-metadata 3.10.0-SNAPSHOT
	   |-- com_twelvemonkeys_imageio_imageio-webp 3.10.0-SNAPSHOT
	   |-- org_quiltmc_parsers_gson 0.2.1
	   \-- org_quiltmc_parsers_json 0.2.1
	- yigd 2.0.12
	   |-- fabric-permissions-api-v0 0.2-SNAPSHOT
	   \-- libgui 8.1.1+1.20.1
	        |-- jankson 6.0.0+j1.2.3
	        \-- libninepatch 1.2.0
	- yosbr 0.1.2
	- ysns 2.0.2
	- yungsapi 1.20-Fabric-4.0.2
	   \-- org_javassist_javassist 3.29.2-GA
	- yungsbridges 1.20-Fabric-4.0.3
	- zenith 1.2.3-1.20.1
	   |-- mm 2.3
	   |-- porting_lib_base 2.3.4+1.20.1
	   |    |-- porting_lib_core 2.3.4+1.20.1
	   |    |-- porting_lib_fluids 2.3.4+1.20.1
	   |    |-- porting_lib_mixin_extensions 2.3.4+1.20.1
	   |    |-- porting_lib_transfer 2.3.4+1.20.1
	   |    \-- reach-entity-attributes 2.4.0
	   |-- porting_lib_loot 2.3.4+1.20.1
	   |    \-- porting_lib_core 2.3.4+1.20.1
	   |-- porting_lib_model_loader 2.3.4+1.20.1
	   |    \-- porting_lib_core 2.3.4+1.20.1
	   |-- porting_lib_model_materials 2.3.4+1.20.1
	   |    \-- porting_lib_core 2.3.4+1.20.1
	   |-- porting_lib_models 2.3.4+1.20.1
	   |    |-- porting_lib_core 2.3.4+1.20.1
	   |    |-- porting_lib_fluids 2.3.4+1.20.1
	   |    \-- porting_lib_transfer 2.3.4+1.20.1
	   |-- porting_lib_tool_actions 2.3.4+1.20.1
	   |    \-- porting_lib_core 2.3.4+1.20.1
	   \-- porting_lib_utility 2.3.4+1.20.1
	        \-- porting_lib_core 2.3.4+1.20.1
	- zenith_attributes 0.2.7
	   |-- additionalentityattributes 1.7.3+1.20.0
	   |-- cardinal-components-base 5.2.2
	   |-- cardinal-components-entity 5.2.2
	   |-- playerabilitylib 1.8.0
	   |-- porting_lib_attributes 2.3.4+1.20.1
	   |    |-- porting_lib_core 2.3.4+1.20.1
	   |    \-- reach-entity-attributes 2.4.0
	   |-- porting_lib_common 2.3.4+1.20.1
	   |    \-- porting_lib_core 2.3.4+1.20.1
	   |-- porting_lib_entity 2.3.4+1.20.1
	   |    |-- porting_lib_core 2.3.4+1.20.1
	   |    \-- porting_lib_mixin_extensions 2.3.4+1.20.1
	   |-- porting_lib_extensions 2.3.4+1.20.1
	   |    |-- porting_lib_core 2.3.4+1.20.1
	   |    \-- reach-entity-attributes 2.4.0
	   \-- reach-entity-attributes 2.4.0
[19:17:28] [main/WARN]: Found 1 non-fabric mod:
	- fastasyncworldsave-1.20.1-2.1.jar
[19:17:28] [main/INFO]: Applying default options... (YOSBR)
[19:17:28] [main/INFO]: SpongePowered MIXIN Subsystem Version=0.8.7 Source=file:/workspaces/CraftCoso/servidor_minecraft/libraries/net/fabricmc/sponge-mixin/0.15.4+mixin.0.8.7/sponge-mixin-0.15.4+mixin.0.8.7.jar Service=Knot/Fabric Env=SERVER
[19:17:28] [main/INFO]: Compatibility level set to JAVA_17
[19:17:29] [main/WARN]: Reference map 'aaa_particles-fabric-refmap.json' for aaa_particles.mixins.json could not be read. If this is a development environment you can ignore this message
[19:17:29] [main/INFO]: Preloading Debugify
[19:17:29] [main/WARN]: Reference map 'dummmmmmy-fabric-refmap.json' for dummmmmmy.mixins.json could not be read. If this is a development environment you can ignore this message
[19:17:29] [main/INFO]: File exists, reading config for elocindev.item_obliterator.fabric_quilt.config.ConfigEntries.
[19:17:29] [main/INFO]: Config for elocindev.item_obliterator.fabric_quilt.config.ConfigEntries read successfully.
[19:17:29] [main/WARN]: Reference map 'justhammers-common-refmap.json' for justhammers-common.mixins.json could not be read. If this is a development environment you can ignore this message
[19:17:29] [main/INFO]: Loaded configuration file for Lithium: 115 options available, 3 override(s) found
[19:17:29] [main/WARN]: Reference map 'lmft-fabric-refmap.json' for lmft.mixins.json could not be read. If this is a development environment you can ignore this message
[19:17:29] [main/WARN]: Reference map 'mobhealthbar-fabric-1.20.x-refmap.json' for mobhealthbar.mixins.json could not be read. If this is a development environment you can ignore this message
[19:17:29] [main/INFO]: Loaded configuration file for ModernFix 5.11.0+mc1.20.1: 52 options available, 3 override(s) found
[19:17:29] [main/WARN]: Option 'mixin.perf.faster_item_rendering' overriden (by user configuration) to 'true'
[19:17:29] [main/WARN]: Option 'mixin.perf.dynamic_resources' overriden (by user configuration) to 'true'
[19:17:29] [main/WARN]: Option 'mixin.perf.blast_search_trees' overriden (by user configuration) to 'false'
[19:17:29] [main/INFO]: Applying Nashorn fix
[19:17:29] [main/WARN]: Reference map 'mythic-mounts-refmap.json' for mythic-mounts.mixins.json could not be read. If this is a development environment you can ignore this message
[19:17:29] [main/WARN]: Reference map 'nerb-fabric-refmap.json' for nerb.mixins.json could not be read. If this is a development environment you can ignore this message
[19:17:29] [main/WARN]: Reference map 'oceansdelight-refmap.json' for oceansdelight.mixins.json could not be read. If this is a development environment you can ignore this message
[19:17:29] [main/WARN]: Reference map 'philipsruins-refmap.json' for philipsruins.mixins.json could not be read. If this is a development environment you can ignore this message
[19:17:30] [main/WARN]: Reference map 'simplyswords-fabric-refmap.json' for simplyswords.mixins.json could not be read. If this is a development environment you can ignore this message
[19:17:30] [main/WARN]: Reference map 'thaumon-fabric-refmap.json' for thaumon-fabric.mixins.json could not be read. If this is a development environment you can ignore this message
[19:17:30] [main/WARN]: Reference map 'thaumon-common-refmap.json' for thaumon-common.mixins.json could not be read. If this is a development environment you can ignore this message
[19:17:30] [main/WARN]: Error loading class: net/minecraft/class_906 (java.lang.ClassNotFoundException: net/minecraft/class_906)
[19:17:30] [main/WARN]: @Mixin target net.minecraft.class_906 was not found porting_lib_tool_actions.mixins.json:FishingHookRendererMixin from mod porting_lib_tool_actions
[19:17:30] [main/WARN]: Error loading class: net/minecraft/class_761 (java.lang.ClassNotFoundException: net/minecraft/class_761)
[19:17:30] [main/WARN]: @Mixin target net.minecraft.class_761 was not found accessories-common.mixins.json:LevelRendererAccessor from mod accessories
[19:17:30] [main/INFO]: Loaded config for: betterchunkloading.json
[19:17:31] [main/WARN]: Error loading class: io/github/apace100/apoli/power/factory/condition/ConditionFactory (java.lang.ClassNotFoundException: io/github/apace100/apoli/power/factory/condition/ConditionFactory)
[19:17:31] [main/WARN]: Error loading class: link/infra/indium/renderer/helper/GeometryHelper (java.lang.ClassNotFoundException: link/infra/indium/renderer/helper/GeometryHelper)
[19:17:31] [main/WARN]: Error loading class: ca/fxco/moreculling/config/MoreCullingConfig (java.lang.ClassNotFoundException: ca/fxco/moreculling/config/MoreCullingConfig)
[19:17:31] [main/WARN]: Error loading class: net/fabricmc/fabric/impl/client/indigo/renderer/helper/GeometryHelper (java.lang.ClassNotFoundException: net/fabricmc/fabric/impl/client/indigo/renderer/helper/GeometryHelper)
[19:17:31] [main/WARN]: Error loading class: com/firemerald/additionalplacements/common/ConfigCommon (java.lang.ClassNotFoundException: com/firemerald/additionalplacements/common/ConfigCommon)
[19:17:31] [main/WARN]: Error loading class: com/firemerald/additionalplacements/block/AdditionalPlacementBlock (java.lang.ClassNotFoundException: com/firemerald/additionalplacements/block/AdditionalPlacementBlock)
[19:17:31] [main/WARN]: @Mixin target com.firemerald.additionalplacements.block.AdditionalPlacementBlock was not found copycats-common.mixins.json:compat.additionalplacements.PlacementBlockMixin from mod copycats
[19:17:31] [main/WARN]: Error loading class: me/jellysquid/mods/lithium/common/ai/pathing/PathNodeDefaults (java.lang.ClassNotFoundException: me/jellysquid/mods/lithium/common/ai/pathing/PathNodeDefaults)
[19:17:31] [main/WARN]: Error loading class: me/jellysquid/mods/sodium/client/render/chunk/compile/pipeline/BlockOcclusionCache (java.lang.ClassNotFoundException: me/jellysquid/mods/sodium/client/render/chunk/compile/pipeline/BlockOcclusionCache)
[19:17:31] [main/WARN]: Error loading class: me/jellysquid/mods/sodium/client/render/chunk/compile/pipeline/BlockRenderer (java.lang.ClassNotFoundException: me/jellysquid/mods/sodium/client/render/chunk/compile/pipeline/BlockRenderer)
[19:17:31] [main/WARN]: Error loading class: net/minecraft/class_293 (java.lang.ClassNotFoundException: net/minecraft/class_293)
[19:17:31] [main/WARN]: @Mixin target net.minecraft.class_293 was not found creativecore.fabric.mixins.json:VertexFormatMixin from mod creativecore
[19:17:31] [main/INFO]: Loading Faster Random.
[19:17:31] [main/WARN]: Error loading class: net/minecraft/class_632 (java.lang.ClassNotFoundException: net/minecraft/class_632)
[19:17:31] [main/WARN]: @Mixin target net.minecraft.class_632 was not found lavender.mixins.json:ClientAdvancementManagerAccessor from mod lavender
[19:17:31] [main/WARN]: Force-disabling mixin 'ai.nearby_entity_tracking.EntityMixin' as rule 'mixin.ai.nearby_entity_tracking' (added by user configuration) disables it and children
[19:17:31] [main/WARN]: Force-disabling mixin 'ai.nearby_entity_tracking.EntityTrackingSectionMixin' as rule 'mixin.ai.nearby_entity_tracking' (added by user configuration) disables it and children
[19:17:31] [main/WARN]: Force-disabling mixin 'ai.nearby_entity_tracking.ServerEntityManagerAccessor' as rule 'mixin.ai.nearby_entity_tracking' (added by user configuration) disables it and children
[19:17:31] [main/WARN]: Force-disabling mixin 'ai.nearby_entity_tracking.ServerEntityManagerListenerMixin' as rule 'mixin.ai.nearby_entity_tracking' (added by user configuration) disables it and children
[19:17:31] [main/WARN]: Force-disabling mixin 'ai.nearby_entity_tracking.ServerEntityManagerMixin' as rule 'mixin.ai.nearby_entity_tracking' (added by user configuration) disables it and children
[19:17:31] [main/WARN]: Force-disabling mixin 'ai.nearby_entity_tracking.ServerWorldAccessor' as rule 'mixin.ai.nearby_entity_tracking' (added by user configuration) disables it and children
[19:17:31] [main/WARN]: Force-disabling mixin 'ai.nearby_entity_tracking.goals.FleeEntityGoalMixin' as rule 'mixin.ai.nearby_entity_tracking' (added by user configuration) disables it and children
[19:17:31] [main/WARN]: Force-disabling mixin 'ai.nearby_entity_tracking.goals.LookAtEntityGoalMixin' as rule 'mixin.ai.nearby_entity_tracking' (added by user configuration) disables it and children
[19:17:31] [main/WARN]: Force-disabling mixin 'alloc.blockstate.StateMixin' as rule 'mixin.alloc.blockstate' (added by mods [ferritecore]) disables it and children
[19:17:31] [main/WARN]: Error loading class: net/minecraft/class_436 (java.lang.ClassNotFoundException: net/minecraft/class_436)
[19:17:31] [main/WARN]: @Mixin target net.minecraft.class_436 was not found luna.mixins.json:LANMixin from mod luna
[19:17:31] [main/WARN]: Error loading class: net/minecraft/class_337$1 (java.lang.ClassNotFoundException: net/minecraft/class_337$1)
[19:17:31] [main/WARN]: @Mixin target net/minecraft/class_337$1 was not found minecells.mixins.json:client.hud.BossBarUpdaterMixin from mod minecells
[19:17:31] [main/WARN]: Error loading class: net/minecraft/class_806 (java.lang.ClassNotFoundException: net/minecraft/class_806)
[19:17:31] [main/WARN]: @Mixin target net.minecraft.class_806 was not found modernfix-fabric.mixins.json:perf.dynamic_resources.ItemOverridesFabricMixin from mod modernfix
[19:17:31] [main/WARN]: Error loading class: net/minecraft/class_1088$class_7778 (java.lang.ClassNotFoundException: net/minecraft/class_1088$class_7778)
[19:17:31] [main/WARN]: @Mixin target net.minecraft.class_1088$class_7778 was not found modernfix-fabric.mixins.json:perf.dynamic_resources.ModelBakerImplMixin from mod modernfix
[19:17:31] [main/WARN]: Error loading class: net/minecraft/class_918 (java.lang.ClassNotFoundException: net/minecraft/class_918)
[19:17:31] [main/WARN]: @Mixin target net.minecraft.class_918 was not found modernfix-common.mixins.json:perf.faster_item_rendering.ItemRendererMixin from mod modernfix
[19:17:31] [main/WARN]: Error loading class: net/minecraft/class_757 (java.lang.ClassNotFoundException: net/minecraft/class_757)
[19:17:31] [main/WARN]: @Mixin target net.minecraft.class_757 was not found modernfix-common.mixins.json:perf.faster_item_rendering.GameRendererMixin from mod modernfix
[19:17:31] [main/WARN]: Error loading class: net/minecraft/class_763 (java.lang.ClassNotFoundException: net/minecraft/class_763)
[19:17:31] [main/WARN]: @Mixin target net.minecraft.class_763 was not found modernfix-common.mixins.json:perf.dynamic_resources.ItemModelShaperMixin from mod modernfix
[19:17:31] [main/WARN]: Error loading class: net/minecraft/class_806 (java.lang.ClassNotFoundException: net/minecraft/class_806)
[19:17:31] [main/WARN]: @Mixin target net.minecraft.class_806 was not found modernfix-common.mixins.json:perf.dynamic_resources.ItemOverridesMixin from mod modernfix
[19:17:31] [main/WARN]: Error loading class: net/minecraft/class_1092 (java.lang.ClassNotFoundException: net/minecraft/class_1092)
[19:17:31] [main/WARN]: @Mixin target net.minecraft.class_1092 was not found modernfix-common.mixins.json:perf.dynamic_resources.ModelManagerMixin from mod modernfix
[19:17:31] [main/WARN]: Error loading class: fr/catcore/server/translations/api/resource/language/SystemDelegatedLanguage (java.lang.ClassNotFoundException: fr/catcore/server/translations/api/resource/language/SystemDelegatedLanguage)
[19:17:31] [main/WARN]: For can't fit X into 3 error fix. Delete Krypton.
[19:17:31] [main/WARN]: For can't fit X into 3 error fix. Delete Krypton.
[19:17:31] [main/WARN]: Error loading class: draylar/magna/api/reach/ReachDistanceHelper (java.lang.ClassNotFoundException: draylar/magna/api/reach/ReachDistanceHelper)
[19:17:32] [main/INFO]: Loaded config for: recipeessentials.json
[19:17:32] [main/WARN]: Error loading class: net/minecraft/class_5616 (java.lang.ClassNotFoundException: net/minecraft/class_5616)
[19:17:32] [main/WARN]: @Mixin target net.minecraft.class_5616 was not found registrate-fabric.mixins.json:accessor.BlockEntityRenderersAccessor from mod registrate-fabric
[19:17:32] [main/WARN]: Error loading class: com/nhoryzon/mc/farmersdelight/block/BuddingBushBlock (java.lang.ClassNotFoundException: com/nhoryzon/mc/farmersdelight/block/BuddingBushBlock)
[19:17:32] [main/WARN]: @Mixin target com.nhoryzon.mc.farmersdelight.block.BuddingBushBlock was not found seasonsdelightcompat.mixins.json:BuddingBushBlockMixin from mod seasonsdelightcompat
[19:17:32] [main/WARN]: Error loading class: com/nhoryzon/mc/farmersdelight/block/BuddingTomatoBlock (java.lang.ClassNotFoundException: com/nhoryzon/mc/farmersdelight/block/BuddingTomatoBlock)
[19:17:32] [main/WARN]: @Mixin target com.nhoryzon.mc.farmersdelight.block.BuddingTomatoBlock was not found seasonsdelightcompat.mixins.json:BuddingTomatoBlockMixin from mod seasonsdelightcompat
[19:17:32] [main/WARN]: Error loading class: com/nhoryzon/mc/farmersdelight/block/MushroomColonyBlock (java.lang.ClassNotFoundException: com/nhoryzon/mc/farmersdelight/block/MushroomColonyBlock)
[19:17:32] [main/WARN]: @Mixin target com.nhoryzon.mc.farmersdelight.block.MushroomColonyBlock was not found seasonsdelightcompat.mixins.json:MushroomColonyBlockMixin from mod seasonsdelightcompat
[19:17:32] [main/WARN]: Error loading class: com/nhoryzon/mc/farmersdelight/block/RiceCropBlock (java.lang.ClassNotFoundException: com/nhoryzon/mc/farmersdelight/block/RiceCropBlock)
[19:17:32] [main/WARN]: @Mixin target com.nhoryzon.mc.farmersdelight.block.RiceCropBlock was not found seasonsdelightcompat.mixins.json:RiceCropBlockMixin from mod seasonsdelightcompat
[19:17:32] [main/WARN]: Error loading class: com/nhoryzon/mc/farmersdelight/block/TomatoVineBlock (java.lang.ClassNotFoundException: com/nhoryzon/mc/farmersdelight/block/TomatoVineBlock)
[19:17:32] [main/WARN]: @Mixin target com.nhoryzon.mc.farmersdelight.block.TomatoVineBlock was not found seasonsdelightcompat.mixins.json:TomatoVineBlockMixin from mod seasonsdelightcompat
[19:17:32] [main/WARN]: Error loading class: net/minecraft/class_4267 (java.lang.ClassNotFoundException: net/minecraft/class_4267)
[19:17:32] [main/WARN]: @Mixin target net.minecraft.class_4267 was not found serverbrowser.mixins.json:ServerSelectionMixin from mod serverbrowser
[19:17:32] [main/WARN]: Error loading class: net/minecraft/class_329 (java.lang.ClassNotFoundException: net/minecraft/class_329)
[19:17:32] [main/WARN]: @Mixin target net.minecraft.class_329 was not found shield_overhaul.mixins.json:CursorIconMixin from mod shield_overhaul
[19:17:32] [main/WARN]: Error loading class: me/jellysquid/mods/sodium/client/gui/widgets/FlatButtonWidget (java.lang.ClassNotFoundException: me/jellysquid/mods/sodium/client/gui/widgets/FlatButtonWidget)
[19:17:32] [main/WARN]: @Mixin target me.jellysquid.mods.sodium.client.gui.widgets.FlatButtonWidget was not found mixins.sodiumoptionsapi.json:sodium.FlatButtonWidgetAccessor from mod sodiumoptionsapi
[19:17:32] [main/WARN]: Error loading class: me/jellysquid/mods/sodium/client/gui/widgets/FlatButtonWidget (java.lang.ClassNotFoundException: me/jellysquid/mods/sodium/client/gui/widgets/FlatButtonWidget)
[19:17:32] [main/WARN]: @Mixin target me.jellysquid.mods.sodium.client.gui.widgets.FlatButtonWidget was not found mixins.sodiumoptionsapi.json:sodium.FlatButtonWidgetOffsetMixin from mod sodiumoptionsapi
[19:17:32] [main/WARN]: Error loading class: me/flashyreese/mods/reeses_sodium_options/client/gui/SodiumVideoOptionsScreen (java.lang.ClassNotFoundException: me/flashyreese/mods/reeses_sodium_options/client/gui/SodiumVideoOptionsScreen)
[19:17:32] [main/WARN]: @Mixin target me.flashyreese.mods.reeses_sodium_options.client.gui.SodiumVideoOptionsScreen was not found mixins.sodiumoptionsapi.json:sodium.ReesesVideoOptionsScreenMixin from mod sodiumoptionsapi
[19:17:32] [main/INFO]: Loaded config for: structureessentials.json
[19:17:32] [main/WARN]: Error loading class: com/ishland/c2me/fixes/worldgen/threading_issues/common/CheckedThreadLocalRandom (java.lang.ClassNotFoundException: com/ishland/c2me/fixes/worldgen/threading_issues/common/CheckedThreadLocalRandom)
[19:17:32] [main/WARN]: Error loading class: com/beansgalaxy/backpacks/compat/TrinketsRegistry$1 (java.lang.ClassNotFoundException: com/beansgalaxy/backpacks/compat/TrinketsRegistry$1)
[19:17:32] [main/WARN]: Error loading class: com/tiviacz/travelersbackpack/compat/trinkets/TravelersBackpackTrinket (java.lang.ClassNotFoundException: com/tiviacz/travelersbackpack/compat/trinkets/TravelersBackpackTrinket)
[19:17:32] [main/WARN]: Error loading class: io/github/apace100/apoli/power/KeepInventoryPower (java.lang.ClassNotFoundException: io/github/apace100/apoli/power/KeepInventoryPower)
[19:17:32] [main/WARN]: Error loading class: net/minecraft/class_465 (java.lang.ClassNotFoundException: net/minecraft/class_465)
[19:17:32] [main/WARN]: @Mixin target net.minecraft.class_465 was not found zenith.mixins.json:AbstractContainerScreenAccessor from mod zenith
[19:17:32] [main/WARN]: Error loading class: net/minecraft/class_332 (java.lang.ClassNotFoundException: net/minecraft/class_332)
[19:17:32] [main/WARN]: @Mixin target net.minecraft.class_332 was not found zenith.mixins.json:GuiGraphicsAccessor from mod zenith
[19:17:32] [main/WARN]: Error loading class: net/minecraft/class_8002 (java.lang.ClassNotFoundException: net/minecraft/class_8002)
[19:17:32] [main/WARN]: @Mixin target net.minecraft.class_8002 was not found zenith.mixins.json:TooltipRenderUtilAccessor from mod zenith
[19:17:32] [main/INFO]: [MemoryLeakFix] Will be applying 1 memory leak fixes!
[19:17:32] [main/INFO]: [MemoryLeakFix] Currently enabled memory leak fixes: [biomeTemperatureLeak]
[19:17:32] [main/WARN]: Error loading class: com/firemerald/additionalplacements/block/AdditionalPlacementBlock (java.lang.ClassNotFoundException: com/firemerald/additionalplacements/block/AdditionalPlacementBlock)
[19:17:32] [main/WARN]: Error loading class: com/firemerald/additionalplacements/block/AdditionalPlacementBlock (java.lang.ClassNotFoundException: com/firemerald/additionalplacements/block/AdditionalPlacementBlock)
[19:17:32] [main/WARN]: Error loading class: org/jetbrains/annotations/ApiStatus$Internal (java.lang.ClassNotFoundException: org/jetbrains/annotations/ApiStatus$Internal)
[19:17:32] [main/WARN]: Error loading class: net/minecraft/class_314 (java.lang.ClassNotFoundException: net/minecraft/class_314)
[19:17:32] [main/WARN]: @Mixin target net.minecraft.class_314 was not found mixins.mm.json:net.minecraft.class_314 from mod mm
[19:17:33] [main/INFO]: Loaded local config
[19:17:33] [main/INFO]: Loaded server config
[19:17:33] [main/WARN]: launchTarget: SERVER. Crash Assistant is client only mod. Mod will do nothing!
[19:17:33] [main/INFO]: Initializing MixinExtras via com.llamalad7.mixinextras.service.MixinExtrasServiceImpl(version=0.4.1).
[19:17:36] [main/WARN]: @ModifyVariable(@At("INVOKE")) Shift.BY=2 on accessories-fabric.mixins.json:LivingEntityMixin from mod accessories::localvar$zfa000$accessories$adjustLooting exceeds the maximum allowed value: 0. Increase the value of maxShiftBy to suppress this warning.
[19:17:36] [main/WARN]: @Inject(@At("INVOKE")) Shift.BY=2 on porting_lib_entity.mixins.json:common.LivingEntityMixin from mod porting_lib_entity::handler$gmb000$porting_lib_entity$port_lib$onFinishUsing exceeds the maximum allowed value: 0. Increase the value of maxShiftBy to suppress this warning.
[19:17:36] [main/WARN]: Method overwrite conflict for getContainerCounter in porting_lib_accessors.mixins.json:common.accessor.ServerPlayerAccessor from mod porting_lib_accessors, previously written by com.helliongames.snifferplus.mixin.MixinServerPlayer. Skipping method.
[19:17:36] [main/WARN]: Method overwrite conflict for getContainerCounter in moonlight.mixins.json:ServerPlayerAccessor from mod moonlight, previously written by com.helliongames.snifferplus.mixin.MixinServerPlayer. Skipping method.
[19:17:37] [main/INFO]: Loaded default config values from file at path ./defaultconfigs/veinmining-server.toml
[19:17:37] [main/INFO]: Loaded default config values from file at path ./defaultconfigs/comforts-server.toml
[19:17:37] [main/INFO]: Mixing common.MixinFriendlyByteBuf from mixins/common/nochatreports.mixins.json into net.minecraft.class_2540
[19:17:37] [main/INFO]: Renaming synthetic method lambda$onWriteJsonWithCodec$1(Ljava/lang/Object;Ljava/lang/String;)Lio/netty/handler/codec/EncoderException; to mdb78366$nochatreports$lambda$onWriteJsonWithCodec$1$0 in mixins/common/nochatreports.mixins.json:common.MixinFriendlyByteBuf from mod nochatreports
[19:17:37] [main/INFO]: Renaming synthetic method lambda$onReadJsonWithCodec$0(Ljava/lang/String;)Lio/netty/handler/codec/DecoderException; to mdb78366$nochatreports$lambda$onReadJsonWithCodec$0$1 in mixins/common/nochatreports.mixins.json:common.MixinFriendlyByteBuf from mod nochatreports
[19:17:38] [main/INFO]: Injecting BlockStateBase cache population hook into getNeighborPathNodeType from me.jellysquid.mods.lithium.mixin.ai.pathing.AbstractBlockStateMixin
[19:17:38] [main/INFO]: Injecting BlockStateBase cache population hook into getPathNodeType from me.jellysquid.mods.lithium.mixin.ai.pathing.AbstractBlockStateMixin
[19:17:38] [main/INFO]: Injecting BlockStateBase cache population hook into getAllFlags from me.jellysquid.mods.lithium.mixin.util.block_tracking.AbstractBlockStateMixin
[19:17:38] [main/WARN]: @Redirect conflict. Skipping mixins.redirected_fabric_1.20.1.json:net.minecraft.world.level.block.piston.PistonBaseBlockMixin from mod redirected->@Redirect::redirectDirections()[Lnet/minecraft/class_2350; with priority 10, already redirected by lithium.mixins.json:alloc.enum_values.piston_block.PistonBlockMixin from mod lithium->@Redirect::removeAllocation()[Lnet/minecraft/class_2350; with priority 1000
[19:17:38] [main/WARN]: @Redirect conflict. Skipping mixins.redirected_fabric_1.20.1.json:net.minecraft.world.level.block.piston.PistonBaseBlockMixin from mod redirected->@Redirect::redirectDirections()[Lnet/minecraft/class_2350; with priority 10, already redirected by lithium.mixins.json:alloc.enum_values.piston_block.PistonBlockMixin from mod lithium->@Redirect::removeAllocation()[Lnet/minecraft/class_2350; with priority 1000
[19:17:38] [main/WARN]: Error loading class: com/firemerald/additionalplacements/block/AdditionalPlacementBlock (java.lang.ClassNotFoundException: com/firemerald/additionalplacements/block/AdditionalPlacementBlock)
[19:17:38] [main/WARN]: @Redirect conflict. Skipping mixins.redirected_fabric_1.20.1.json:net.minecraft.world.level.block.RedStoneWireBlockMixin from mod redirected->@Redirect::redirectDirections()[Lnet/minecraft/class_2350; with priority 10, already redirected by lithium.mixins.json:alloc.enum_values.redstone_wire.RedstoneWireBlockMixin from mod lithium->@Redirect::removeAllocation1()[Lnet/minecraft/class_2350; with priority 1000
[19:17:38] [main/WARN]: @Redirect conflict. Skipping mixins.redirected_fabric_1.20.1.json:net.minecraft.world.level.block.RedStoneWireBlockMixin from mod redirected->@Redirect::redirectDirections()[Lnet/minecraft/class_2350; with priority 10, already redirected by lithium.mixins.json:alloc.enum_values.redstone_wire.RedstoneWireBlockMixin from mod lithium->@Redirect::removeAllocation2()[Lnet/minecraft/class_2350; with priority 1000
[19:17:38] [main/WARN]: Error loading class: com/firemerald/additionalplacements/block/AdditionalPlacementBlock (java.lang.ClassNotFoundException: com/firemerald/additionalplacements/block/AdditionalPlacementBlock)
[19:17:39] [main/WARN]: Error loading class: com/firemerald/additionalplacements/block/AdditionalPlacementBlock (java.lang.ClassNotFoundException: com/firemerald/additionalplacements/block/AdditionalPlacementBlock)
[19:17:39] [main/WARN]: Error loading class: com/firemerald/additionalplacements/block/AdditionalPlacementBlock (java.lang.ClassNotFoundException: com/firemerald/additionalplacements/block/AdditionalPlacementBlock)
[19:17:39] [main/WARN]: Error loading class: com/firemerald/additionalplacements/block/AdditionalPlacementBlock (java.lang.ClassNotFoundException: com/firemerald/additionalplacements/block/AdditionalPlacementBlock)
[19:17:40] [main/INFO]: Instancing error handler class dev.isxander.debugify.mixinplugin.DebugifyErrorHandler
[19:17:40] [main/WARN]: Mixin apply for mod necronomicon failed necronomicon-common.mixins.json:item.AnimatedItemNameMixin from mod necronomicon -> net.minecraft.class_1799: org.spongepowered.asm.mixin.injection.throwables.InvalidInjectionException Critical injection failure: @Inject annotation on getName could not find any targets matching 'getHoverName' in net/minecraft/class_1799. No refMap loaded. [handler$fln003$necronomicon$getName(Lorg/spongepowered/asm/mixin/injection/callback/CallbackInfoReturnable;)V -> Parse ->  -> Validate Targets]
org.spongepowered.asm.mixin.injection.throwables.InvalidInjectionException: Critical injection failure: @Inject annotation on getName could not find any targets matching 'getHoverName' in net/minecraft/class_1799. No refMap loaded. [handler$fln003$necronomicon$getName(Lorg/spongepowered/asm/mixin/injection/callback/CallbackInfoReturnable;)V -> Parse ->  -> Validate Targets]
	at org.spongepowered.asm.mixin.injection.selectors.TargetSelectors.validate(TargetSelectors.java:346) ~[sponge-mixin-0.15.4+mixin.0.8.7.jar:0.15.4+mixin.0.8.7]
	at org.spongepowered.asm.mixin.injection.struct.InjectionInfo.readAnnotation(InjectionInfo.java:369) ~[sponge-mixin-0.15.4+mixin.0.8.7.jar:0.15.4+mixin.0.8.7]
	at org.spongepowered.asm.mixin.injection.struct.InjectionInfo.<init>(InjectionInfo.java:340) ~[sponge-mixin-0.15.4+mixin.0.8.7.jar:0.15.4+mixin.0.8.7]
	at org.spongepowered.asm.mixin.injection.struct.InjectionInfo.<init>(InjectionInfo.java:331) ~[sponge-mixin-0.15.4+mixin.0.8.7.jar:0.15.4+mixin.0.8.7]
	at org.spongepowered.asm.mixin.injection.struct.CallbackInjectionInfo.<init>(CallbackInjectionInfo.java:48) ~[sponge-mixin-0.15.4+mixin.0.8.7.jar:0.15.4+mixin.0.8.7]
	at jdk.internal.reflect.GeneratedConstructorAccessor24.newInstance(Unknown Source) ~[?:?]
	at jdk.internal.reflect.DelegatingConstructorAccessorImpl.newInstance(DelegatingConstructorAccessorImpl.java:45) ~[?:?]
	at java.lang.reflect.Constructor.newInstanceWithCaller(Constructor.java:500) ~[?:?]
	at java.lang.reflect.Constructor.newInstance(Constructor.java:481) ~[?:?]
	at org.spongepowered.asm.mixin.injection.struct.InjectionInfo$InjectorEntry.create(InjectionInfo.java:196) ~[sponge-mixin-0.15.4+mixin.0.8.7.jar:0.15.4+mixin.0.8.7]
	at org.spongepowered.asm.mixin.injection.struct.InjectionInfo.parse(InjectionInfo.java:664) ~[sponge-mixin-0.15.4+mixin.0.8.7.jar:0.15.4+mixin.0.8.7]
	at org.spongepowered.asm.mixin.transformer.MixinTargetContext.prepareInjections(MixinTargetContext.java:1399) ~[sponge-mixin-0.15.4+mixin.0.8.7.jar:0.15.4+mixin.0.8.7]
	at org.spongepowered.asm.mixin.transformer.MixinApplicatorStandard.prepareInjections(MixinApplicatorStandard.java:731) ~[sponge-mixin-0.15.4+mixin.0.8.7.jar:0.15.4+mixin.0.8.7]
	at org.spongepowered.asm.mixin.transformer.MixinApplicatorStandard.applyMixin(MixinApplicatorStandard.java:315) ~[sponge-mixin-0.15.4+mixin.0.8.7.jar:0.15.4+mixin.0.8.7]
	at org.spongepowered.asm.mixin.transformer.MixinApplicatorStandard.apply(MixinApplicatorStandard.java:246) ~[sponge-mixin-0.15.4+mixin.0.8.7.jar:0.15.4+mixin.0.8.7]
	at org.spongepowered.asm.mixin.transformer.TargetClassContext.apply(TargetClassContext.java:437) ~[sponge-mixin-0.15.4+mixin.0.8.7.jar:0.15.4+mixin.0.8.7]
	at org.spongepowered.asm.mixin.transformer.TargetClassContext.applyMixins(TargetClassContext.java:418) ~[sponge-mixin-0.15.4+mixin.0.8.7.jar:0.15.4+mixin.0.8.7]
	at org.spongepowered.asm.mixin.transformer.MixinProcessor.applyMixins(MixinProcessor.java:363) ~[sponge-mixin-0.15.4+mixin.0.8.7.jar:0.15.4+mixin.0.8.7]
	at org.spongepowered.asm.mixin.transformer.MixinTransformer.transformClass(MixinTransformer.java:234) ~[sponge-mixin-0.15.4+mixin.0.8.7.jar:0.15.4+mixin.0.8.7]
	at org.spongepowered.asm.mixin.transformer.MixinTransformer.transformClassBytes(MixinTransformer.java:202) ~[sponge-mixin-0.15.4+mixin.0.8.7.jar:0.15.4+mixin.0.8.7]
	at net.fabricmc.loader.impl.launch.knot.KnotClassDelegate.getPostMixinClassByteArray(KnotClassDelegate.java:422) ~[fabric-loader-0.16.10.jar:?]
	at net.fabricmc.loader.impl.launch.knot.KnotClassDelegate.tryLoadClass(KnotClassDelegate.java:323) ~[fabric-loader-0.16.10.jar:?]
	at net.fabricmc.loader.impl.launch.knot.KnotClassDelegate.loadClass(KnotClassDelegate.java:218) ~[fabric-loader-0.16.10.jar:?]
	at net.fabricmc.loader.impl.launch.knot.KnotClassLoader.loadClass(KnotClassLoader.java:119) ~[fabric-loader-0.16.10.jar:?]
	at java.lang.ClassLoader.loadClass(ClassLoader.java:525) ~[?:?]
	at net.minecraft.class_5620.method_32211(class_5620.java:39) ~[server-intermediary.jar:?]
	at net.minecraft.class_156.method_654(class_156.java:436) ~[server-intermediary.jar:?]
	at net.minecraft.class_5620.method_32206(class_5620.java:39) ~[server-intermediary.jar:?]
	at net.minecraft.class_5620.<clinit>(class_5620.java:33) ~[server-intermediary.jar:?]
	at net.minecraft.class_5546.<init>(class_5546.java:17) ~[server-intermediary.jar:?]
	at net.minecraft.class_2246.<clinit>(class_2246.java:477) ~[server-intermediary.jar:?]
	at net.minecraft.class_2358.method_10199(class_2358.java:326) ~[server-intermediary.jar:?]
	at net.minecraft.class_2966.method_12851(class_2966.java:54) ~[server-intermediary.jar:?]
	at net.minecraft.server.Main.main(Main.java:109) ~[server-intermediary.jar:?]
	at net.fabricmc.loader.impl.game.minecraft.MinecraftGameProvider.launch(MinecraftGameProvider.java:480) ~[fabric-loader-0.16.10.jar:?]
	at net.fabricmc.loader.impl.launch.knot.Knot.launch(Knot.java:74) ~[fabric-loader-0.16.10.jar:?]
	at net.fabricmc.loader.impl.launch.knot.KnotServer.main(KnotServer.java:23) ~[fabric-loader-0.16.10.jar:?]
	at net.fabricmc.loader.impl.launch.server.FabricServerLauncher.main(FabricServerLauncher.java:69) ~[fabric-loader-0.16.10.jar:?]
	at net.fabricmc.installer.ServerLauncher.main(ServerLauncher.java:69) ~[fabric-server-launch.jar:1.0.1]
[19:17:41] [main/WARN]: Method overwrite conflict for method_7844 in ranged_weapon_api.mixins.json:item.RangedWeaponItemMixin from mod ranged_weapon_api, previously written by net.projectile_damage.mixin.RangedWeaponItemMixin. Skipping method.
[19:17:41] [main/INFO]: friendsandfoes-common.mixins.json:BundleItemAccessor from mod friendsandfoes->@Invoker[METHOD_PROXY]::invokeAddToBundle(Lnet/minecraft/class_1799;Lnet/minecraft/class_1799;)I should be static as its target is
[19:17:43] [main/INFO]: Mixing server.MixinServerGamePacketListenerImpl from mixins/common/nochatreports.mixins.json into net.minecraft.class_3244
[19:17:43] [main/WARN]: @Inject(@At("INVOKE")) Shift.BY=2 on accessories-common.mixins.json:NbtCompoundMixin from mod accessories::handler$zfl000$accessories$adjustCheckForListVariants exceeds the maximum allowed value: 0. Increase the value of maxShiftBy to suppress this warning.
[19:17:43] [main/INFO]: [Kibe] Creating Trinket AbilityRing for minecraft:mayfly
[19:17:43] [main/INFO]: [Kibe] Creating Trinket AbilityRing for kibe:magma_ability
[19:17:43] [main/INFO]: [Kibe] Creating Trinket AbilityRing for kibe:water_ability
[19:17:44] [main/INFO]: [Kibe] Trying to read config file...
[19:17:44] [main/INFO]: [Kibe] A config file was found, loading it..
[19:17:44] [main/INFO]: [Kibe] Successfully loaded config file.
[19:17:45] [main/WARN]: Static binding violation: PRIVATE @Overwrite method method_21740 in modernfix-common.mixins.json:perf.remove_biome_temperature_cache.BiomeMixin from mod modernfix cannot reduce visibiliy of PUBLIC target method, visibility will be upgraded.
[19:17:45] [main/WARN]: Method overwrite conflict for method_21740 in modernfix-common.mixins.json:perf.remove_biome_temperature_cache.BiomeMixin from mod modernfix, previously written by me.jellysquid.mods.lithium.mixin.world.temperature_cache.BiomeMixin. Skipping method.
[19:17:46] [main/INFO]: Vanilla bootstrap took 8949 milliseconds
[19:17:46] [main/INFO]: [bclib] Added Config betternether.main to auto sync (file hash)
[19:17:46] [main/INFO]: [bclib] Added Config betternether.generator to auto sync (file hash)
[19:17:46] [main/INFO]: [bclib] Added Config betternether.blocks to auto sync (file hash)
[19:17:46] [main/INFO]: [bclib] Added Config betternether.items to auto sync (file hash)
[19:17:46] [main/INFO]: [bclib] Added Config betternether.biomes to auto sync (file hash)
[19:17:46] [main/INFO]: [bclib] Added Config betternether.mobs to auto sync (file hash)
[19:17:46] [main/INFO]: [bclib] Added Config betternether.recipes to auto sync (file hash)
[19:17:47] [main/WARN]: [bclib] Recipe betternether:bone_block_bone_button only takes in a single item and should be shapeless
[19:17:47] [main/ERROR]: Entity eldritch_end:ominous_eye has no attributes
[19:17:47] [main/ERROR]: Entity eldritch_end:aberration has no attributes
[19:17:47] [main/ERROR]: Entity eldritch_end:tentacle has no attributes
[19:17:47] [main/ERROR]: Entity eldritch_end:undead_tentacle has no attributes
[19:17:47] [main/ERROR]: Entity eldritch_end:dendler has no attributes
[19:17:47] [main/ERROR]: Entity eldritch_end:the_faceless has no attributes
[19:17:47] [main/INFO]: Registering C2S receiver with id aaa_particles:main/2b101225a0983c178c43c737d76def52
[19:17:47] [main/INFO]: Registering C2S receiver with id aaa_particles:main/878ba3ad853235668eff51eb0a40c900
[19:17:47] [main/INFO]: Registering C2S receiver with id aaa_particles:main/878ba3ad853235668eff51eb0a40c900
[19:17:47] [main/INFO]: Registering C2S receiver with id aaa_particles:main/9b5bc39f00d53db2acf81d859b596583
[19:17:47] [main/INFO]: Registered Trinkets Reloaded Listeners
[19:17:49] [main/INFO]: Hello world!
[19:17:49] [main/INFO]: [AllTheTrims] Config loaded
[19:17:49] [main/INFO]: Loaded config amendments-common.json
[19:17:49] [main/INFO]: [Animal Feeding Trough] Load Complete! Enjoy :D
[19:17:49] [main/INFO]: [AqUpd's mobs] Caracal mod is loaded!
[19:17:49] [main/INFO]: Registering Mod Items for archers_expansion
[19:17:49] [main/INFO]: Registering Item Groups for archers_expansion
[19:17:49] [main/INFO]: Registering C2S receiver with id artifacts:networking_channel/42a7ad70b1cc371599a0eff744096b8a
[19:17:49] [main/INFO]: Registering C2S receiver with id artifacts:networking_channel/74a5e841822a3a87854ae896a33430d6
[19:17:49] [main/INFO]: Registering C2S receiver with id artifacts:networking_channel/eb3d1e2748533430848cadf0f37c7e9c
[19:17:49] [main/INFO]: Registering C2S receiver with id artifacts:networking_channel/91c8520f19f93b3e8b6a727568e194ab
[19:17:49] [main/INFO]: Registering C2S receiver with id artifacts:networking_channel/8c2784d778293fd482ed84b8aa5fedb9
[19:17:49] [main/INFO]: Registering C2S receiver with id artifacts:networking_channel/ea038224ea783d40b2863f52239e2604
[19:17:49] [main/INFO]: Registering C2S receiver with id artifacts:networking_channel/97ad64b7ecaf33209991c4f031501a58
[19:17:50] [main/INFO]: Registered azurelib config for auto-sync function
[19:17:50] [main/INFO]: Constructing common components for barteringstation:main
[19:17:50] [main/INFO]: Better Compatibility Checker starting
[19:17:50] [main/INFO]: Loading config file
[19:17:50] [main/INFO]: Config file loaded
[19:17:50] [main/INFO]: [bclib] Added Config bclib.generator to auto sync (file hash)
[19:17:50] [main/INFO]: [bclib] Added Config bclib.main to auto sync (content diff)
[19:17:50] [main/INFO]: [bclib] Added Config bclib.biomes to auto sync (file hash)
[19:17:50] [main/INFO]: Registering C2S receiver with id beachparty:mouse_scroll
[19:17:50] [main/INFO]: Better Archeology says Hello
[19:17:50] [main/INFO]: [STDOUT]: All 4 have been set properly
[19:17:50] [main/INFO]: Registering Items from betterarcheology
[19:17:50] [main/INFO]: Registering Blocks from betterarcheology
[19:17:50] [main/INFO]: ModEntityTypes of betterarcheology registered.
[19:17:50] [main/INFO]: Registering Enchantments for betterarcheology
[19:17:50] [main/INFO]: betterchunkloading mod initialized
[19:17:50] [main/INFO]: Reflections took 71 ms to scan 1 urls, producing 1 keys and 2 values
[19:17:50] [main/INFO]: Reflections took 2 ms to scan 1 urls, producing 1 keys and 2 values
[19:17:50] [main/INFO]: Reflections took 4 ms to scan 1 urls, producing 1 keys and 3 values
[19:17:50] [main/INFO]: Reflections took 3 ms to scan 1 urls, producing 1 keys and 3 values
[19:17:50] [main/INFO]: [bclib] Added Config betterend.entities to auto sync (file hash)
[19:17:50] [main/INFO]: [bclib] Added Config betterend.blocks to auto sync (file hash)
[19:17:50] [main/INFO]: [bclib] Added Config betterend.items to auto sync (file hash)
[19:17:50] [main/INFO]: [bclib] Added Config betterend.biomes to auto sync (file hash)
[19:17:50] [main/INFO]: [bclib] Added Config betterend.recipes to auto sync (file hash)
[19:17:50] [main/INFO]: [bclib] Added Config betterend.enchantments to auto sync (file hash)
[19:17:51] [main/INFO]: Hello Fabric world!
[19:17:51] [main/INFO]: Reflections took 4 ms to scan 1 urls, producing 1 keys and 2 values
[19:17:51] [main/INFO]: Reflections took 2 ms to scan 1 urls, producing 1 keys and 2 values
[19:17:51] [main/INFO]: Reflections took 4 ms to scan 1 urls, producing 1 keys and 1 values
[19:17:51] [main/INFO]: Reflections took 2 ms to scan 1 urls, producing 1 keys and 1 values
[19:17:51] [main/INFO]: betterfpsdist mod initialized
[19:17:51] [main/INFO]: Reflections took 2 ms to scan 1 urls, producing 1 keys and 3 values
[19:17:51] [main/INFO]: Reflections took 4 ms to scan 1 urls, producing 1 keys and 3 values
[19:17:51] [main/INFO]: Reflections took 1 ms to scan 1 urls, producing 1 keys and 2 values
[19:17:51] [main/INFO]: Reflections took 1 ms to scan 1 urls, producing 1 keys and 2 values
[19:17:51] [main/INFO]: [betternether] =^..^=    BetterNether for 1.20    =^..^=
[19:17:52] [main/WARN]: @Redirect conflict. Skipping mixins.redirected_fabric_1.20.1.json:net.minecraft.world.level.block.state.CacheMixin from mod redirected->@Redirect::redirectSupportTypes()[Lnet/minecraft/class_5431; with priority 10, already redirected by modernfix-common.mixins.json:perf.cache_blockstate_cache_arrays.AbstractBlockStateCacheMixin from mod modernfix->@Redirect::getVoxelShapeValues()[Lnet/minecraft/class_5431; with priority 1000
[19:17:52] [main/INFO]: Reflections took 2 ms to scan 1 urls, producing 1 keys and 1 values
[19:17:52] [main/INFO]: Reflections took 1 ms to scan 1 urls, producing 1 keys and 1 values
[19:17:52] [main/INFO]: Reflections took 1 ms to scan 1 urls, producing 1 keys and 2 values
[19:17:52] [main/INFO]: Reflections took 2 ms to scan 1 urls, producing 1 keys and 2 values
[19:17:52] [main/INFO]: Reflections took 1 ms to scan 1 urls, producing 1 keys and 1 values
[19:17:52] [main/INFO]: Reflections took 0 ms to scan 1 urls, producing 1 keys and 1 values
[19:17:52] [main/INFO]: Biolith is initializing...
[19:17:52] [main/INFO]: Enabling Biolith's TerraBlender compatibility layer.
[19:17:52] [main/INFO]: Constructing common components for blockrunner:main
[19:17:52] [main/INFO]: BoatBreakFix initialized
[19:17:53] [main/INFO]: Fixing MC-151457. Crafting remainder for minecraft:pufferfish_bucket is now minecraft:bucket.
[19:17:53] [main/INFO]: Fixing MC-151457. Crafting remainder for minecraft:salmon_bucket is now minecraft:bucket.
[19:17:53] [main/INFO]: Fixing MC-151457. Crafting remainder for minecraft:cod_bucket is now minecraft:bucket.
[19:17:53] [main/INFO]: Fixing MC-151457. Crafting remainder for minecraft:tropical_fish_bucket is now minecraft:bucket.
[19:17:53] [main/INFO]: Fixing MC-151457. Crafting remainder for minecraft:axolotl_bucket is now minecraft:bucket.
[19:17:53] [main/INFO]: Fixing MC-151457. Crafting remainder for minecraft:powder_snow_bucket is now minecraft:bucket.
[19:17:53] [main/INFO]: Fixing MC-151457. Crafting remainder for minecraft:tadpole_bucket is now minecraft:bucket.
[19:17:53] [main/INFO]: Registering C2S receiver with id brewery:alcohol_sync_request
[19:17:53] [main/INFO]: Registering C2S receiver with id brewery:drink_alcohol
[19:17:53] [main/INFO]: Hello Fabric world!
[19:17:53] [main/INFO]: [STDOUT]: All 6 have been set properly
[19:17:54] [main/INFO]: Loading Collective version 7.87.
[19:17:54] [main/INFO]: File exists, reading config for elocindev.combat_effects.config.entries.MainConfig.
[19:17:54] [main/INFO]: Config for elocindev.combat_effects.config.entries.MainConfig read successfully.
[19:17:55] [main/INFO]: Initialized entity types.
[19:17:55] [main/INFO]: Connectivity initialized
[19:17:55] [Cicada thread 0/INFO]: [do_a_barrel_roll] Why play a flight sim when you have modded Minecraft?
[19:17:55] [Thread-3/WARN]: Configuration file /workspaces/CraftCoso/servidor_minecraft/./config/copycats-common.toml is not correct. Correcting
[19:17:55] [Thread-3/WARN]: Incorrect key disableMigration was corrected from null to its default, false. 
[19:17:55] [Thread-3/WARN]: Incorrect key features was corrected from null to its default, SimpleCommentedConfig:{}. 
[19:17:55] [Thread-3/WARN]: Incorrect key features.copycat_vertical_stairs was corrected from null to its default, true. 
[19:17:55] [Thread-3/WARN]: Incorrect key features.copycat_byte was corrected from null to its default, true. 
[19:17:55] [Thread-3/WARN]: Incorrect key features.copycat_vertical_slice was corrected from null to its default, true. 
[19:17:55] [Thread-3/WARN]: Incorrect key features.copycat_wooden_pressure_plate was corrected from null to its default, true. 
[19:17:55] [Thread-3/WARN]: Incorrect key features.copycat_block was corrected from null to its default, true. 
[19:17:55] [Thread-3/WARN]: Incorrect key features.copycat_shaft was corrected from null to its default, true. 
[19:17:55] [Thread-3/WARN]: Incorrect key features.copycat_large_cogwheel was corrected from null to its default, true. 
[19:17:55] [Thread-3/WARN]: Incorrect key features.copycat_fence was corrected from null to its default, true. 
[19:17:55] [Thread-3/WARN]: Incorrect key features.copycat_wall was corrected from null to its default, true. 
[19:17:55] [Thread-3/WARN]: Incorrect key features.copycat_cogwheel was corrected from null to its default, true. 
[19:17:55] [Thread-3/WARN]: Incorrect key features.copycat_vertical_step was corrected from null to its default, true. 
[19:17:55] [Thread-3/WARN]: Incorrect key features.copycat_slope_layer was corrected from null to its default, true. 
[19:17:55] [Thread-3/WARN]: Incorrect key features.copycat_light_weighted_pressure_plate was corrected from null to its default, true. 
[19:17:55] [Thread-3/WARN]: Incorrect key features.copycat_stairs was corrected from null to its default, true. 
[19:17:55] [Thread-3/WARN]: Incorrect key features.copycat_fence_gate was corrected from null to its default, true. 
[19:17:55] [Thread-3/WARN]: Incorrect key features.copycat_slab was corrected from null to its default, true. 
[19:17:55] [Thread-3/WARN]: Incorrect key features.copycat_board was corrected from null to its default, true. 
[19:17:55] [Thread-3/WARN]: Incorrect key features.copycat_wooden_button was corrected from null to its default, true. 
[19:17:55] [Thread-3/WARN]: Incorrect key features.copycat_trapdoor was corrected from null to its default, true. 
[19:17:55] [Thread-3/WARN]: Incorrect key features.copycat_stone_pressure_plate was corrected from null to its default, true. 
[19:17:55] [Thread-3/WARN]: Incorrect key features.copycat_half_panel was corrected from null to its default, true. 
[19:17:55] [Thread-3/WARN]: Incorrect key features.copycat_slice was corrected from null to its default, true. 
[19:17:55] [Thread-3/WARN]: Incorrect key features.copycat_beam was corrected from null to its default, true. 
[19:17:55] [Thread-3/WARN]: Incorrect key features.copycat_door was corrected from null to its default, true. 
[19:17:55] [Thread-3/WARN]: Incorrect key features.copycat_iron_door was corrected from null to its default, true. 
[19:17:55] [Thread-3/WARN]: Incorrect key features.copycat_ghost_block was corrected from null to its default, true. 
[19:17:55] [Thread-3/WARN]: Incorrect key features.copycat_fluid_pipe was corrected from null to its default, true. 
[19:17:55] [Thread-3/WARN]: Incorrect key features.copycat_heavy_weighted_pressure_plate was corrected from null to its default, true. 
[19:17:55] [Thread-3/WARN]: Incorrect key features.copycat_iron_trapdoor was corrected from null to its default, true. 
[19:17:55] [Thread-3/WARN]: Incorrect key features.copycat_half_layer was corrected from null to its default, true. 
[19:17:55] [Thread-3/WARN]: Incorrect key features.copycat_stone_button was corrected from null to its default, true. 
[19:17:55] [Thread-3/WARN]: Incorrect key features.copycat_ladder was corrected from null to its default, true. 
[19:17:55] [Thread-3/WARN]: Incorrect key features.copycat_layer was corrected from null to its default, true. 
[19:17:55] [Thread-3/WARN]: Incorrect key features.copycat_slope was corrected from null to its default, true. 
[19:17:55] [Thread-3/WARN]: Incorrect key features.copycat_vertical_slope was corrected from null to its default, true. 
[19:17:55] [Thread-3/WARN]: Incorrect key feature_categories was corrected from null to its default, SimpleCommentedConfig:{}. 
[19:17:55] [Thread-3/WARN]: Incorrect key feature_categories.slopes was corrected from null to its default, true. 
[19:17:55] [Thread-3/WARN]: Incorrect key feature_categories.multistates was corrected from null to its default, true. 
[19:17:55] [Thread-3/WARN]: Incorrect key feature_categories.stackables was corrected from null to its default, true. 
[19:17:55] [Thread-3/WARN]: Incorrect key feature_categories.redstone was corrected from null to its default, true. 
[19:17:55] [Thread-3/WARN]: Incorrect key feature_categories.functional was corrected from null to its default, true. 
[19:17:55] [Thread-3/WARN]: Incorrect key feature_categories.create was corrected from null to its default, true. 
[19:17:55] [Thread-3/WARN]: Configuration file /workspaces/CraftCoso/servidor_minecraft/./config/copycats-common.toml is not correct. Correcting
[19:17:55] [Thread-3/WARN]: Incorrect key disableMigration was corrected from null to its default, false. 
[19:17:55] [Thread-3/WARN]: Incorrect key features was corrected from null to its default, SimpleCommentedConfig:{}. 
[19:17:55] [Thread-3/WARN]: Incorrect key features.copycat_vertical_stairs was corrected from null to its default, true. 
[19:17:55] [Thread-3/WARN]: Incorrect key features.copycat_byte was corrected from null to its default, true. 
[19:17:55] [Thread-3/WARN]: Incorrect key features.copycat_vertical_slice was corrected from null to its default, true. 
[19:17:55] [Thread-3/WARN]: Incorrect key features.copycat_wooden_pressure_plate was corrected from null to its default, true. 
[19:17:55] [Thread-3/WARN]: Incorrect key features.copycat_block was corrected from null to its default, true. 
[19:17:55] [Thread-3/WARN]: Incorrect key features.copycat_shaft was corrected from null to its default, true. 
[19:17:55] [Thread-3/WARN]: Incorrect key features.copycat_large_cogwheel was corrected from null to its default, true. 
[19:17:55] [Thread-3/WARN]: Incorrect key features.copycat_fence was corrected from null to its default, true. 
[19:17:55] [Thread-3/WARN]: Incorrect key features.copycat_wall was corrected from null to its default, true. 
[19:17:55] [Thread-3/WARN]: Incorrect key features.copycat_cogwheel was corrected from null to its default, true. 
[19:17:55] [Thread-3/WARN]: Incorrect key features.copycat_vertical_step was corrected from null to its default, true. 
[19:17:55] [Thread-3/WARN]: Incorrect key features.copycat_slope_layer was corrected from null to its default, true. 
[19:17:55] [Thread-3/WARN]: Incorrect key features.copycat_light_weighted_pressure_plate was corrected from null to its default, true. 
[19:17:55] [Thread-3/WARN]: Incorrect key features.copycat_stairs was corrected from null to its default, true. 
[19:17:55] [Thread-3/WARN]: Incorrect key features.copycat_fence_gate was corrected from null to its default, true. 
[19:17:55] [Thread-3/WARN]: Incorrect key features.copycat_slab was corrected from null to its default, true. 
[19:17:55] [Thread-3/WARN]: Incorrect key features.copycat_board was corrected from null to its default, true. 
[19:17:55] [Thread-3/WARN]: Incorrect key features.copycat_wooden_button was corrected from null to its default, true. 
[19:17:55] [Thread-3/WARN]: Incorrect key features.copycat_trapdoor was corrected from null to its default, true. 
[19:17:55] [Thread-3/WARN]: Incorrect key features.copycat_stone_pressure_plate was corrected from null to its default, true. 
[19:17:55] [Thread-3/WARN]: Incorrect key features.copycat_half_panel was corrected from null to its default, true. 
[19:17:55] [Thread-3/WARN]: Incorrect key features.copycat_slice was corrected from null to its default, true. 
[19:17:55] [Thread-3/WARN]: Incorrect key features.copycat_beam was corrected from null to its default, true. 
[19:17:55] [Thread-3/WARN]: Incorrect key features.copycat_door was corrected from null to its default, true. 
[19:17:55] [Thread-3/WARN]: Incorrect key features.copycat_iron_door was corrected from null to its default, true. 
[19:17:55] [Thread-3/WARN]: Incorrect key features.copycat_ghost_block was corrected from null to its default, true. 
[19:17:55] [Thread-3/WARN]: Incorrect key features.copycat_fluid_pipe was corrected from null to its default, true. 
[19:17:55] [Thread-3/WARN]: Incorrect key features.copycat_heavy_weighted_pressure_plate was corrected from null to its default, true. 
[19:17:55] [Thread-3/WARN]: Incorrect key features.copycat_iron_trapdoor was corrected from null to its default, true. 
[19:17:55] [Thread-3/WARN]: Incorrect key features.copycat_half_layer was corrected from null to its default, true. 
[19:17:55] [Thread-3/WARN]: Incorrect key features.copycat_stone_button was corrected from null to its default, true. 
[19:17:55] [Thread-3/WARN]: Incorrect key features.copycat_ladder was corrected from null to its default, true. 
[19:17:55] [Thread-3/WARN]: Incorrect key features.copycat_layer was corrected from null to its default, true. 
[19:17:55] [Thread-3/WARN]: Incorrect key features.copycat_slope was corrected from null to its default, true. 
[19:17:55] [Thread-3/WARN]: Incorrect key features.copycat_vertical_slope was corrected from null to its default, true. 
[19:17:55] [Thread-3/WARN]: Incorrect key feature_categories was corrected from null to its default, SimpleCommentedConfig:{}. 
[19:17:55] [Thread-3/WARN]: Incorrect key feature_categories.slopes was corrected from null to its default, true. 
[19:17:55] [Thread-3/WARN]: Incorrect key feature_categories.multistates was corrected from null to its default, true. 
[19:17:55] [Thread-3/WARN]: Incorrect key feature_categories.stackables was corrected from null to its default, true. 
[19:17:55] [Thread-3/WARN]: Incorrect key feature_categories.redstone was corrected from null to its default, true. 
[19:17:55] [Thread-3/WARN]: Incorrect key feature_categories.functional was corrected from null to its default, true. 
[19:17:55] [Thread-3/WARN]: Incorrect key feature_categories.create was corrected from null to its default, true. 
[19:17:55] [Thread-3/WARN]: Configuration file /workspaces/CraftCoso/servidor_minecraft/./config/copycats-common.toml is not correct. Correcting
[19:17:55] [Thread-3/WARN]: Incorrect key features.copycat_vertical_stairs was corrected from null to its default, true. 
[19:17:55] [Thread-3/WARN]: Incorrect key features.copycat_byte was corrected from null to its default, true. 
[19:17:55] [Thread-3/WARN]: Incorrect key features.copycat_vertical_slice was corrected from null to its default, true. 
[19:17:55] [Thread-3/WARN]: Incorrect key features.copycat_wooden_pressure_plate was corrected from null to its default, true. 
[19:17:55] [Thread-3/WARN]: Incorrect key features.copycat_block was corrected from null to its default, true. 
[19:17:55] [Thread-3/WARN]: Incorrect key features.copycat_shaft was corrected from null to its default, true. 
[19:17:55] [Thread-3/WARN]: Incorrect key features.copycat_large_cogwheel was corrected from null to its default, true. 
[19:17:55] [Thread-3/WARN]: Incorrect key features.copycat_fence was corrected from null to its default, true. 
[19:17:55] [Thread-3/WARN]: Incorrect key features.copycat_wall was corrected from null to its default, true. 
[19:17:55] [Thread-3/WARN]: Incorrect key features.copycat_cogwheel was corrected from null to its default, true. 
[19:17:55] [Thread-3/WARN]: Incorrect key features.copycat_vertical_step was corrected from null to its default, true. 
[19:17:55] [Thread-3/WARN]: Incorrect key features.copycat_slope_layer was corrected from null to its default, true. 
[19:17:55] [Thread-3/WARN]: Incorrect key features.copycat_light_weighted_pressure_plate was corrected from null to its default, true. 
[19:17:55] [Thread-3/WARN]: Incorrect key features.copycat_stairs was corrected from null to its default, true. 
[19:17:55] [Thread-3/WARN]: Incorrect key features.copycat_fence_gate was corrected from null to its default, true. 
[19:17:55] [Thread-3/WARN]: Incorrect key features.copycat_slab was corrected from null to its default, true. 
[19:17:55] [Thread-3/WARN]: Incorrect key features.copycat_board was corrected from null to its default, true. 
[19:17:55] [Thread-3/WARN]: Incorrect key features.copycat_wooden_button was corrected from null to its default, true. 
[19:17:55] [Thread-3/WARN]: Incorrect key features.copycat_trapdoor was corrected from null to its default, true. 
[19:17:55] [Thread-3/WARN]: Incorrect key features.copycat_stone_pressure_plate was corrected from null to its default, true. 
[19:17:55] [Thread-3/WARN]: Incorrect key features.copycat_half_panel was corrected from null to its default, true. 
[19:17:55] [Thread-3/WARN]: Incorrect key features.copycat_slice was corrected from null to its default, true. 
[19:17:55] [Thread-3/WARN]: Incorrect key features.copycat_beam was corrected from null to its default, true. 
[19:17:55] [Thread-3/WARN]: Incorrect key features.copycat_door was corrected from null to its default, true. 
[19:17:55] [Thread-3/WARN]: Incorrect key features.copycat_iron_door was corrected from null to its default, true. 
[19:17:55] [Thread-3/WARN]: Incorrect key features.copycat_ghost_block was corrected from null to its default, true. 
[19:17:55] [Thread-3/WARN]: Incorrect key features.copycat_fluid_pipe was corrected from null to its default, true. 
[19:17:55] [Thread-3/WARN]: Incorrect key features.copycat_heavy_weighted_pressure_plate was corrected from null to its default, true. 
[19:17:55] [Thread-3/WARN]: Incorrect key features.copycat_iron_trapdoor was corrected from null to its default, true. 
[19:17:55] [Thread-3/WARN]: Incorrect key features.copycat_half_layer was corrected from null to its default, true. 
[19:17:55] [Thread-3/WARN]: Incorrect key features.copycat_stone_button was corrected from null to its default, true. 
[19:17:55] [Thread-3/WARN]: Incorrect key features.copycat_ladder was corrected from null to its default, true. 
[19:17:55] [Thread-3/WARN]: Incorrect key features.copycat_layer was corrected from null to its default, true. 
[19:17:55] [Thread-3/WARN]: Incorrect key features.copycat_slope was corrected from null to its default, true. 
[19:17:55] [Thread-3/WARN]: Incorrect key features.copycat_vertical_slope was corrected from null to its default, true. 
[19:17:55] [Thread-3/WARN]: Incorrect key feature_categories was corrected from null to its default, SimpleCommentedConfig:{}. 
[19:17:55] [Thread-3/WARN]: Incorrect key feature_categories.slopes was corrected from null to its default, true. 
[19:17:55] [Thread-3/WARN]: Incorrect key feature_categories.multistates was corrected from null to its default, true. 
[19:17:55] [Thread-3/WARN]: Incorrect key feature_categories.stackables was corrected from null to its default, true. 
[19:17:55] [Thread-3/WARN]: Incorrect key feature_categories.redstone was corrected from null to its default, true. 
[19:17:55] [Thread-3/WARN]: Incorrect key feature_categories.functional was corrected from null to its default, true. 
[19:17:55] [Thread-3/WARN]: Incorrect key feature_categories.create was corrected from null to its default, true. 
[19:17:55] [Thread-3/WARN]: Configuration file /workspaces/CraftCoso/servidor_minecraft/./config/copycats-common.toml is not correct. Correcting
[19:17:55] [Thread-3/WARN]: Incorrect key disableMigration was corrected from null to its default, false. 
[19:17:55] [Thread-3/WARN]: Incorrect key features was corrected from null to its default, SimpleCommentedConfig:{}. 
[19:17:55] [Thread-3/WARN]: Incorrect key features.copycat_vertical_stairs was corrected from null to its default, true. 
[19:17:55] [Thread-3/WARN]: Incorrect key features.copycat_byte was corrected from null to its default, true. 
[19:17:55] [Thread-3/WARN]: Incorrect key features.copycat_vertical_slice was corrected from null to its default, true. 
[19:17:55] [Thread-3/WARN]: Incorrect key features.copycat_wooden_pressure_plate was corrected from null to its default, true. 
[19:17:55] [Thread-3/WARN]: Incorrect key features.copycat_block was corrected from null to its default, true. 
[19:17:55] [Thread-3/WARN]: Incorrect key features.copycat_shaft was corrected from null to its default, true. 
[19:17:55] [Thread-3/WARN]: Incorrect key features.copycat_large_cogwheel was corrected from null to its default, true. 
[19:17:55] [Thread-3/WARN]: Incorrect key features.copycat_fence was corrected from null to its default, true. 
[19:17:55] [Thread-3/WARN]: Incorrect key features.copycat_wall was corrected from null to its default, true. 
[19:17:55] [Thread-3/WARN]: Incorrect key features.copycat_cogwheel was corrected from null to its default, true. 
[19:17:55] [Thread-3/WARN]: Incorrect key features.copycat_vertical_step was corrected from null to its default, true. 
[19:17:55] [Thread-3/WARN]: Incorrect key features.copycat_slope_layer was corrected from null to its default, true. 
[19:17:55] [Thread-3/WARN]: Incorrect key features.copycat_light_weighted_pressure_plate was corrected from null to its default, true. 
[19:17:55] [Thread-3/WARN]: Incorrect key features.copycat_stairs was corrected from null to its default, true. 
[19:17:55] [Thread-3/WARN]: Incorrect key features.copycat_fence_gate was corrected from null to its default, true. 
[19:17:55] [Thread-3/WARN]: Incorrect key features.copycat_slab was corrected from null to its default, true. 
[19:17:55] [Thread-3/WARN]: Incorrect key features.copycat_board was corrected from null to its default, true. 
[19:17:55] [Thread-3/WARN]: Incorrect key features.copycat_wooden_button was corrected from null to its default, true. 
[19:17:55] [Thread-3/WARN]: Incorrect key features.copycat_trapdoor was corrected from null to its default, true. 
[19:17:55] [Thread-3/WARN]: Incorrect key features.copycat_stone_pressure_plate was corrected from null to its default, true. 
[19:17:55] [Thread-3/WARN]: Incorrect key features.copycat_half_panel was corrected from null to its default, true. 
[19:17:55] [Thread-3/WARN]: Incorrect key features.copycat_slice was corrected from null to its default, true. 
[19:17:55] [Thread-3/WARN]: Incorrect key features.copycat_beam was corrected from null to its default, true. 
[19:17:55] [Thread-3/WARN]: Incorrect key features.copycat_door was corrected from null to its default, true. 
[19:17:55] [Thread-3/WARN]: Incorrect key features.copycat_iron_door was corrected from null to its default, true. 
[19:17:55] [Thread-3/WARN]: Incorrect key features.copycat_ghost_block was corrected from null to its default, true. 
[19:17:55] [Thread-3/WARN]: Incorrect key features.copycat_fluid_pipe was corrected from null to its default, true. 
[19:17:55] [Thread-3/WARN]: Incorrect key features.copycat_heavy_weighted_pressure_plate was corrected from null to its default, true. 
[19:17:55] [Thread-3/WARN]: Incorrect key features.copycat_iron_trapdoor was corrected from null to its default, true. 
[19:17:55] [Thread-3/WARN]: Incorrect key features.copycat_half_layer was corrected from null to its default, true. 
[19:17:55] [Thread-3/WARN]: Incorrect key features.copycat_stone_button was corrected from null to its default, true. 
[19:17:55] [Thread-3/WARN]: Incorrect key features.copycat_ladder was corrected from null to its default, true. 
[19:17:55] [Thread-3/WARN]: Incorrect key features.copycat_layer was corrected from null to its default, true. 
[19:17:55] [Thread-3/WARN]: Incorrect key features.copycat_slope was corrected from null to its default, true. 
[19:17:55] [Thread-3/WARN]: Incorrect key features.copycat_vertical_slope was corrected from null to its default, true. 
[19:17:55] [Thread-3/WARN]: Incorrect key feature_categories was corrected from null to its default, SimpleCommentedConfig:{}. 
[19:17:55] [Thread-3/WARN]: Incorrect key feature_categories.slopes was corrected from null to its default, true. 
[19:17:55] [Thread-3/WARN]: Incorrect key feature_categories.multistates was corrected from null to its default, true. 
[19:17:55] [Thread-3/WARN]: Incorrect key feature_categories.stackables was corrected from null to its default, true. 
[19:17:55] [Thread-3/WARN]: Incorrect key feature_categories.redstone was corrected from null to its default, true. 
[19:17:55] [Thread-3/WARN]: Incorrect key feature_categories.functional was corrected from null to its default, true. 
[19:17:55] [Thread-3/WARN]: Incorrect key feature_categories.create was corrected from null to its default, true. 
[19:17:55] [Thread-3/WARN]: Configuration file /workspaces/CraftCoso/servidor_minecraft/./config/copycats-common.toml is not correct. Correcting
[19:17:55] [Thread-3/WARN]: Incorrect key disableMigration was corrected from null to its default, false. 
[19:17:55] [Thread-3/WARN]: Incorrect key features was corrected from null to its default, SimpleCommentedConfig:{}. 
[19:17:55] [Thread-3/WARN]: Incorrect key features.copycat_vertical_stairs was corrected from null to its default, true. 
[19:17:55] [Thread-3/WARN]: Incorrect key features.copycat_byte was corrected from null to its default, true. 
[19:17:55] [Thread-3/WARN]: Incorrect key features.copycat_vertical_slice was corrected from null to its default, true. 
[19:17:55] [Thread-3/WARN]: Incorrect key features.copycat_wooden_pressure_plate was corrected from null to its default, true. 
[19:17:55] [Thread-3/WARN]: Incorrect key features.copycat_block was corrected from null to its default, true. 
[19:17:55] [Thread-3/WARN]: Incorrect key features.copycat_shaft was corrected from null to its default, true. 
[19:17:55] [Thread-3/WARN]: Incorrect key features.copycat_large_cogwheel was corrected from null to its default, true. 
[19:17:55] [Thread-3/WARN]: Incorrect key features.copycat_fence was corrected from null to its default, true. 
[19:17:55] [Thread-3/WARN]: Incorrect key features.copycat_wall was corrected from null to its default, true. 
[19:17:55] [Thread-3/WARN]: Incorrect key features.copycat_cogwheel was corrected from null to its default, true. 
[19:17:55] [Thread-3/WARN]: Incorrect key features.copycat_vertical_step was corrected from null to its default, true. 
[19:17:55] [Thread-3/WARN]: Incorrect key features.copycat_slope_layer was corrected from null to its default, true. 
[19:17:55] [Thread-3/WARN]: Incorrect key features.copycat_light_weighted_pressure_plate was corrected from null to its default, true. 
[19:17:55] [Thread-3/WARN]: Incorrect key features.copycat_stairs was corrected from null to its default, true. 
[19:17:55] [Thread-3/WARN]: Incorrect key features.copycat_fence_gate was corrected from null to its default, true. 
[19:17:55] [Thread-3/WARN]: Incorrect key features.copycat_slab was corrected from null to its default, true. 
[19:17:55] [Thread-3/WARN]: Incorrect key features.copycat_board was corrected from null to its default, true. 
[19:17:55] [Thread-3/WARN]: Incorrect key features.copycat_wooden_button was corrected from null to its default, true. 
[19:17:55] [Thread-3/WARN]: Incorrect key features.copycat_trapdoor was corrected from null to its default, true. 
[19:17:55] [Thread-3/WARN]: Incorrect key features.copycat_stone_pressure_plate was corrected from null to its default, true. 
[19:17:55] [Thread-3/WARN]: Incorrect key features.copycat_half_panel was corrected from null to its default, true. 
[19:17:55] [Thread-3/WARN]: Incorrect key features.copycat_slice was corrected from null to its default, true. 
[19:17:55] [Thread-3/WARN]: Incorrect key features.copycat_beam was corrected from null to its default, true. 
[19:17:55] [Thread-3/WARN]: Incorrect key features.copycat_door was corrected from null to its default, true. 
[19:17:55] [Thread-3/WARN]: Incorrect key features.copycat_iron_door was corrected from null to its default, true. 
[19:17:55] [Thread-3/WARN]: Incorrect key features.copycat_ghost_block was corrected from null to its default, true. 
[19:17:55] [Thread-3/WARN]: Incorrect key features.copycat_fluid_pipe was corrected from null to its default, true. 
[19:17:55] [Thread-3/WARN]: Incorrect key features.copycat_heavy_weighted_pressure_plate was corrected from null to its default, true. 
[19:17:55] [Thread-3/WARN]: Incorrect key features.copycat_iron_trapdoor was corrected from null to its default, true. 
[19:17:55] [Thread-3/WARN]: Incorrect key features.copycat_half_layer was corrected from null to its default, true. 
[19:17:55] [Thread-3/WARN]: Incorrect key features.copycat_stone_button was corrected from null to its default, true. 
[19:17:55] [Thread-3/WARN]: Incorrect key features.copycat_ladder was corrected from null to its default, true. 
[19:17:55] [Thread-3/WARN]: Incorrect key features.copycat_layer was corrected from null to its default, true. 
[19:17:55] [Thread-3/WARN]: Incorrect key features.copycat_slope was corrected from null to its default, true. 
[19:17:55] [Thread-3/WARN]: Incorrect key features.copycat_vertical_slope was corrected from null to its default, true. 
[19:17:55] [Thread-3/WARN]: Incorrect key feature_categories was corrected from null to its default, SimpleCommentedConfig:{}. 
[19:17:55] [Thread-3/WARN]: Incorrect key feature_categories.slopes was corrected from null to its default, true. 
[19:17:55] [Thread-3/WARN]: Incorrect key feature_categories.multistates was corrected from null to its default, true. 
[19:17:55] [Thread-3/WARN]: Incorrect key feature_categories.stackables was corrected from null to its default, true. 
[19:17:55] [Thread-3/WARN]: Incorrect key feature_categories.redstone was corrected from null to its default, true. 
[19:17:55] [Thread-3/WARN]: Incorrect key feature_categories.functional was corrected from null to its default, true. 
[19:17:55] [Thread-3/WARN]: Incorrect key feature_categories.create was corrected from null to its default, true. 
[19:17:55] [Thread-3/WARN]: Configuration file /workspaces/CraftCoso/servidor_minecraft/./config/copycats-common.toml is not correct. Correcting
[19:17:55] [Thread-3/WARN]: Incorrect key feature_categories.slopes was corrected from null to its default, true. 
[19:17:55] [Thread-3/WARN]: Incorrect key feature_categories.multistates was corrected from null to its default, true. 
[19:17:55] [Thread-3/WARN]: Incorrect key feature_categories.stackables was corrected from null to its default, true. 
[19:17:55] [Thread-3/WARN]: Incorrect key feature_categories.redstone was corrected from null to its default, true. 
[19:17:55] [Thread-3/WARN]: Incorrect key feature_categories.functional was corrected from null to its default, true. 
[19:17:55] [Thread-3/WARN]: Incorrect key feature_categories.create was corrected from null to its default, true. 
[19:17:55] [Thread-3/WARN]: Configuration file /workspaces/CraftCoso/servidor_minecraft/./config/copycats-common.toml is not correct. Correcting
[19:17:55] [Thread-3/WARN]: Incorrect key disableMigration was corrected from null to its default, false. 
[19:17:55] [Thread-3/WARN]: Incorrect key features was corrected from null to its default, SimpleCommentedConfig:{}. 
[19:17:55] [Thread-3/WARN]: Incorrect key features.copycat_vertical_stairs was corrected from null to its default, true. 
[19:17:55] [Thread-3/WARN]: Incorrect key features.copycat_byte was corrected from null to its default, true. 
[19:17:55] [Thread-3/WARN]: Incorrect key features.copycat_vertical_slice was corrected from null to its default, true. 
[19:17:55] [Thread-3/WARN]: Incorrect key features.copycat_wooden_pressure_plate was corrected from null to its default, true. 
[19:17:55] [Thread-3/WARN]: Incorrect key features.copycat_block was corrected from null to its default, true. 
[19:17:55] [Thread-3/WARN]: Incorrect key features.copycat_shaft was corrected from null to its default, true. 
[19:17:55] [Thread-3/WARN]: Incorrect key features.copycat_large_cogwheel was corrected from null to its default, true. 
[19:17:55] [Thread-3/WARN]: Incorrect key features.copycat_fence was corrected from null to its default, true. 
[19:17:55] [Thread-3/WARN]: Incorrect key features.copycat_wall was corrected from null to its default, true. 
[19:17:55] [Thread-3/WARN]: Incorrect key features.copycat_cogwheel was corrected from null to its default, true. 
[19:17:55] [Thread-3/WARN]: Incorrect key features.copycat_vertical_step was corrected from null to its default, true. 
[19:17:55] [Thread-3/WARN]: Incorrect key features.copycat_slope_layer was corrected from null to its default, true. 
[19:17:55] [Thread-3/WARN]: Incorrect key features.copycat_light_weighted_pressure_plate was corrected from null to its default, true. 
[19:17:55] [Thread-3/WARN]: Incorrect key features.copycat_stairs was corrected from null to its default, true. 
[19:17:55] [Thread-3/WARN]: Incorrect key features.copycat_fence_gate was corrected from null to its default, true. 
[19:17:55] [Thread-3/WARN]: Incorrect key features.copycat_slab was corrected from null to its default, true. 
[19:17:55] [Thread-3/WARN]: Incorrect key features.copycat_board was corrected from null to its default, true. 
[19:17:55] [Thread-3/WARN]: Incorrect key features.copycat_wooden_button was corrected from null to its default, true. 
[19:17:55] [Thread-3/WARN]: Incorrect key features.copycat_trapdoor was corrected from null to its default, true. 
[19:17:55] [Thread-3/WARN]: Incorrect key features.copycat_stone_pressure_plate was corrected from null to its default, true. 
[19:17:55] [Thread-3/WARN]: Incorrect key features.copycat_half_panel was corrected from null to its default, true. 
[19:17:55] [Thread-3/WARN]: Incorrect key features.copycat_slice was corrected from null to its default, true. 
[19:17:55] [Thread-3/WARN]: Incorrect key features.copycat_beam was corrected from null to its default, true. 
[19:17:55] [Thread-3/WARN]: Incorrect key features.copycat_door was corrected from null to its default, true. 
[19:17:55] [Thread-3/WARN]: Incorrect key features.copycat_iron_door was corrected from null to its default, true. 
[19:17:55] [Thread-3/WARN]: Incorrect key features.copycat_ghost_block was corrected from null to its default, true. 
[19:17:55] [Thread-3/WARN]: Incorrect key features.copycat_fluid_pipe was corrected from null to its default, true. 
[19:17:55] [Thread-3/WARN]: Incorrect key features.copycat_heavy_weighted_pressure_plate was corrected from null to its default, true. 
[19:17:55] [Thread-3/WARN]: Incorrect key features.copycat_iron_trapdoor was corrected from null to its default, true. 
[19:17:55] [Thread-3/WARN]: Incorrect key features.copycat_half_layer was corrected from null to its default, true. 
[19:17:55] [Thread-3/WARN]: Incorrect key features.copycat_stone_button was corrected from null to its default, true. 
[19:17:55] [Thread-3/WARN]: Incorrect key features.copycat_ladder was corrected from null to its default, true. 
[19:17:55] [Thread-3/WARN]: Incorrect key features.copycat_layer was corrected from null to its default, true. 
[19:17:55] [Thread-3/WARN]: Incorrect key features.copycat_slope was corrected from null to its default, true. 
[19:17:55] [Thread-3/WARN]: Incorrect key features.copycat_vertical_slope was corrected from null to its default, true. 
[19:17:55] [Thread-3/WARN]: Incorrect key feature_categories was corrected from null to its default, SimpleCommentedConfig:{}. 
[19:17:55] [Thread-3/WARN]: Incorrect key feature_categories.slopes was corrected from null to its default, true. 
[19:17:55] [Thread-3/WARN]: Incorrect key feature_categories.multistates was corrected from null to its default, true. 
[19:17:55] [Thread-3/WARN]: Incorrect key feature_categories.stackables was corrected from null to its default, true. 
[19:17:55] [Thread-3/WARN]: Incorrect key feature_categories.redstone was corrected from null to its default, true. 
[19:17:55] [Thread-3/WARN]: Incorrect key feature_categories.functional was corrected from null to its default, true. 
[19:17:55] [Thread-3/WARN]: Incorrect key feature_categories.create was corrected from null to its default, true. 
[19:17:55] [Thread-3/WARN]: Configuration file /workspaces/CraftCoso/servidor_minecraft/./config/copycats-common.toml is not correct. Correcting
[19:17:55] [Thread-3/WARN]: Incorrect key features was corrected from null to its default, SimpleCommentedConfig:{}. 
[19:17:55] [Thread-3/WARN]: Incorrect key features.copycat_vertical_stairs was corrected from null to its default, true. 
[19:17:55] [Thread-3/WARN]: Incorrect key features.copycat_byte was corrected from null to its default, true. 
[19:17:55] [Thread-3/WARN]: Incorrect key features.copycat_vertical_slice was corrected from null to its default, true. 
[19:17:55] [Thread-3/WARN]: Incorrect key features.copycat_wooden_pressure_plate was corrected from null to its default, true. 
[19:17:55] [Thread-3/WARN]: Incorrect key features.copycat_block was corrected from null to its default, true. 
[19:17:55] [Thread-3/WARN]: Incorrect key features.copycat_shaft was corrected from null to its default, true. 
[19:17:55] [Thread-3/WARN]: Incorrect key features.copycat_large_cogwheel was corrected from null to its default, true. 
[19:17:55] [Thread-3/WARN]: Incorrect key features.copycat_fence was corrected from null to its default, true. 
[19:17:55] [Thread-3/WARN]: Incorrect key features.copycat_wall was corrected from null to its default, true. 
[19:17:55] [Thread-3/WARN]: Incorrect key features.copycat_cogwheel was corrected from null to its default, true. 
[19:17:55] [Thread-3/WARN]: Incorrect key features.copycat_vertical_step was corrected from null to its default, true. 
[19:17:55] [Thread-3/WARN]: Incorrect key features.copycat_slope_layer was corrected from null to its default, true. 
[19:17:55] [Thread-3/WARN]: Incorrect key features.copycat_light_weighted_pressure_plate was corrected from null to its default, true. 
[19:17:55] [Thread-3/WARN]: Incorrect key features.copycat_stairs was corrected from null to its default, true. 
[19:17:55] [Thread-3/WARN]: Incorrect key features.copycat_fence_gate was corrected from null to its default, true. 
[19:17:55] [Thread-3/WARN]: Incorrect key features.copycat_slab was corrected from null to its default, true. 
[19:17:55] [Thread-3/WARN]: Incorrect key features.copycat_board was corrected from null to its default, true. 
[19:17:55] [Thread-3/WARN]: Incorrect key features.copycat_wooden_button was corrected from null to its default, true. 
[19:17:55] [Thread-3/WARN]: Incorrect key features.copycat_trapdoor was corrected from null to its default, true. 
[19:17:55] [Thread-3/WARN]: Incorrect key features.copycat_stone_pressure_plate was corrected from null to its default, true. 
[19:17:55] [Thread-3/WARN]: Incorrect key features.copycat_half_panel was corrected from null to its default, true. 
[19:17:55] [Thread-3/WARN]: Incorrect key features.copycat_slice was corrected from null to its default, true. 
[19:17:55] [Thread-3/WARN]: Incorrect key features.copycat_beam was corrected from null to its default, true. 
[19:17:55] [Thread-3/WARN]: Incorrect key features.copycat_door was corrected from null to its default, true. 
[19:17:55] [Thread-3/WARN]: Incorrect key features.copycat_iron_door was corrected from null to its default, true. 
[19:17:55] [Thread-3/WARN]: Incorrect key features.copycat_ghost_block was corrected from null to its default, true. 
[19:17:55] [Thread-3/WARN]: Incorrect key features.copycat_fluid_pipe was corrected from null to its default, true. 
[19:17:55] [Thread-3/WARN]: Incorrect key features.copycat_heavy_weighted_pressure_plate was corrected from null to its default, true. 
[19:17:55] [Thread-3/WARN]: Incorrect key features.copycat_iron_trapdoor was corrected from null to its default, true. 
[19:17:55] [Thread-3/WARN]: Incorrect key features.copycat_half_layer was corrected from null to its default, true. 
[19:17:55] [Thread-3/WARN]: Incorrect key features.copycat_stone_button was corrected from null to its default, true. 
[19:17:55] [Thread-3/WARN]: Incorrect key features.copycat_ladder was corrected from null to its default, true. 
[19:17:55] [Thread-3/WARN]: Incorrect key features.copycat_layer was corrected from null to its default, true. 
[19:17:55] [Thread-3/WARN]: Incorrect key features.copycat_slope was corrected from null to its default, true. 
[19:17:55] [Thread-3/WARN]: Incorrect key features.copycat_vertical_slope was corrected from null to its default, true. 
[19:17:55] [Thread-3/WARN]: Incorrect key feature_categories was corrected from null to its default, SimpleCommentedConfig:{}. 
[19:17:55] [Thread-3/WARN]: Incorrect key feature_categories.slopes was corrected from null to its default, true. 
[19:17:55] [Thread-3/WARN]: Incorrect key feature_categories.multistates was corrected from null to its default, true. 
[19:17:55] [Thread-3/WARN]: Incorrect key feature_categories.stackables was corrected from null to its default, true. 
[19:17:55] [Thread-3/WARN]: Incorrect key feature_categories.redstone was corrected from null to its default, true. 
[19:17:55] [Thread-3/WARN]: Incorrect key feature_categories.functional was corrected from null to its default, true. 
[19:17:55] [Thread-3/WARN]: Incorrect key feature_categories.create was corrected from null to its default, true. 
[19:17:55] [Thread-3/WARN]: Configuration file /workspaces/CraftCoso/servidor_minecraft/./config/copycats-common.toml is not correct. Correcting
[19:17:55] [Thread-3/WARN]: Incorrect key disableMigration was corrected from null to its default, false. 
[19:17:55] [Thread-3/WARN]: Incorrect key features was corrected from null to its default, SimpleCommentedConfig:{}. 
[19:17:55] [Thread-3/WARN]: Incorrect key features.copycat_vertical_stairs was corrected from null to its default, true. 
[19:17:55] [Thread-3/WARN]: Incorrect key features.copycat_byte was corrected from null to its default, true. 
[19:17:55] [Thread-3/WARN]: Incorrect key features.copycat_vertical_slice was corrected from null to its default, true. 
[19:17:55] [Thread-3/WARN]: Incorrect key features.copycat_wooden_pressure_plate was corrected from null to its default, true. 
[19:17:55] [Thread-3/WARN]: Incorrect key features.copycat_block was corrected from null to its default, true. 
[19:17:55] [Thread-3/WARN]: Incorrect key features.copycat_shaft was corrected from null to its default, true. 
[19:17:55] [Thread-3/WARN]: Incorrect key features.copycat_large_cogwheel was corrected from null to its default, true. 
[19:17:55] [Thread-3/WARN]: Incorrect key features.copycat_fence was corrected from null to its default, true. 
[19:17:55] [Thread-3/WARN]: Incorrect key features.copycat_wall was corrected from null to its default, true. 
[19:17:55] [Thread-3/WARN]: Incorrect key features.copycat_cogwheel was corrected from null to its default, true. 
[19:17:55] [Thread-3/WARN]: Incorrect key features.copycat_vertical_step was corrected from null to its default, true. 
[19:17:55] [Thread-3/WARN]: Incorrect key features.copycat_slope_layer was corrected from null to its default, true. 
[19:17:55] [Thread-3/WARN]: Incorrect key features.copycat_light_weighted_pressure_plate was corrected from null to its default, true. 
[19:17:55] [Thread-3/WARN]: Incorrect key features.copycat_stairs was corrected from null to its default, true. 
[19:17:55] [Thread-3/WARN]: Incorrect key features.copycat_fence_gate was corrected from null to its default, true. 
[19:17:55] [Thread-3/WARN]: Incorrect key features.copycat_slab was corrected from null to its default, true. 
[19:17:55] [Thread-3/WARN]: Incorrect key features.copycat_board was corrected from null to its default, true. 
[19:17:55] [Thread-3/WARN]: Incorrect key features.copycat_wooden_button was corrected from null to its default, true. 
[19:17:55] [Thread-3/WARN]: Incorrect key features.copycat_trapdoor was corrected from null to its default, true. 
[19:17:55] [Thread-3/WARN]: Incorrect key features.copycat_stone_pressure_plate was corrected from null to its default, true. 
[19:17:55] [Thread-3/WARN]: Incorrect key features.copycat_half_panel was corrected from null to its default, true. 
[19:17:55] [Thread-3/WARN]: Incorrect key features.copycat_slice was corrected from null to its default, true. 
[19:17:55] [Thread-3/WARN]: Incorrect key features.copycat_beam was corrected from null to its default, true. 
[19:17:55] [Thread-3/WARN]: Incorrect key features.copycat_door was corrected from null to its default, true. 
[19:17:55] [Thread-3/WARN]: Incorrect key features.copycat_iron_door was corrected from null to its default, true. 
[19:17:55] [Thread-3/WARN]: Incorrect key features.copycat_ghost_block was corrected from null to its default, true. 
[19:17:55] [Thread-3/WARN]: Incorrect key features.copycat_fluid_pipe was corrected from null to its default, true. 
[19:17:55] [Thread-3/WARN]: Incorrect key features.copycat_heavy_weighted_pressure_plate was corrected from null to its default, true. 
[19:17:55] [Thread-3/WARN]: Incorrect key features.copycat_iron_trapdoor was corrected from null to its default, true. 
[19:17:55] [Thread-3/WARN]: Incorrect key features.copycat_half_layer was corrected from null to its default, true. 
[19:17:55] [Thread-3/WARN]: Incorrect key features.copycat_stone_button was corrected from null to its default, true. 
[19:17:55] [Thread-3/WARN]: Incorrect key features.copycat_ladder was corrected from null to its default, true. 
[19:17:55] [Thread-3/WARN]: Incorrect key features.copycat_layer was corrected from null to its default, true. 
[19:17:55] [Thread-3/WARN]: Incorrect key features.copycat_slope was corrected from null to its default, true. 
[19:17:55] [Thread-3/WARN]: Incorrect key features.copycat_vertical_slope was corrected from null to its default, true. 
[19:17:55] [Thread-3/WARN]: Incorrect key feature_categories was corrected from null to its default, SimpleCommentedConfig:{}. 
[19:17:55] [Thread-3/WARN]: Incorrect key feature_categories.slopes was corrected from null to its default, true. 
[19:17:55] [Thread-3/WARN]: Incorrect key feature_categories.multistates was corrected from null to its default, true. 
[19:17:55] [Thread-3/WARN]: Incorrect key feature_categories.stackables was corrected from null to its default, true. 
[19:17:55] [Thread-3/WARN]: Incorrect key feature_categories.redstone was corrected from null to its default, true. 
[19:17:55] [Thread-3/WARN]: Incorrect key feature_categories.functional was corrected from null to its default, true. 
[19:17:55] [Thread-3/WARN]: Incorrect key feature_categories.create was corrected from null to its default, true. 
[19:17:55] [Thread-3/WARN]: Configuration file /workspaces/CraftCoso/servidor_minecraft/./config/copycats-common.toml is not correct. Correcting
[19:17:55] [Thread-3/WARN]: Incorrect key feature_categories was corrected from null to its default, SimpleCommentedConfig:{}. 
[19:17:55] [Thread-3/WARN]: Incorrect key feature_categories.slopes was corrected from null to its default, true. 
[19:17:55] [Thread-3/WARN]: Incorrect key feature_categories.multistates was corrected from null to its default, true. 
[19:17:55] [Thread-3/WARN]: Incorrect key feature_categories.stackables was corrected from null to its default, true. 
[19:17:55] [Thread-3/WARN]: Incorrect key feature_categories.redstone was corrected from null to its default, true. 
[19:17:55] [Thread-3/WARN]: Incorrect key feature_categories.functional was corrected from null to its default, true. 
[19:17:55] [Thread-3/WARN]: Incorrect key feature_categories.create was corrected from null to its default, true. 
[19:17:57] [Thread-3/WARN]: Configuration file /workspaces/CraftCoso/servidor_minecraft/./config/create-common.toml is not correct. Correcting
[19:17:57] [Thread-3/WARN]: Incorrect key worldgen was corrected from null to its default, SimpleCommentedConfig:{}. 
[19:17:57] [Thread-3/WARN]: Incorrect key worldgen.disableWorldGen was corrected from null to its default, false. 
[19:17:57] [Thread-3/WARN]: Configuration file /workspaces/CraftCoso/servidor_minecraft/./config/create-common.toml is not correct. Correcting
[19:17:57] [Thread-3/WARN]: Incorrect key worldgen.disableWorldGen was corrected from null to its default, false. 
[19:17:57] [main/INFO]: Hello 1.20.1 Create!
[19:17:57] [Thread-3/WARN]: Configuration file /workspaces/CraftCoso/servidor_minecraft/./config/create_new_age-common.toml is not correct. Correcting
[19:17:57] [Thread-3/WARN]: Incorrect key suToEnergy was corrected from null to its default, 0.029296875. 
[19:17:57] [Thread-3/WARN]: Incorrect key maxCoils was corrected from null to its default, 8. 
[19:17:57] [Thread-3/WARN]: Incorrect key maxRodsInDirection was corrected from null to its default, 32. 
[19:17:57] [Thread-3/WARN]: Incorrect key conductivityMultiplier was corrected from null to its default, 1.0. 
[19:17:57] [Thread-3/WARN]: Incorrect key maxPathfindingDepth was corrected from null to its default, 32. 
[19:17:57] [Thread-3/WARN]: Incorrect key energiserSpeedMultiplier was corrected from null to its default, 1.0. 
[19:17:57] [Thread-3/WARN]: Incorrect key overheatingMultiplier was corrected from null to its default, 1.0. 
[19:17:57] [main/INFO]: File exists, reading config for elocindev.create_questing.fabric.config.ConfigEntries.
[19:17:57] [main/INFO]: Config for elocindev.create_questing.fabric.config.ConfigEntries read successfully.
[19:17:57] [Thread-3/WARN]: Incorrect key passiveHeatSourceMultiplier was corrected from null to its default, 1.0. 
[19:17:57] [Thread-3/WARN]: Incorrect key passivePipeHeatLoss was corrected from null to its default, 1.0. 
[19:17:57] [Thread-3/WARN]: Incorrect key boilerRequiredHeatMultiplier was corrected from null to its default, 1.0. 
[19:17:57] [Thread-3/WARN]: Incorrect key ReactorRodHeat was corrected from null to its default, 30.0. 
[19:17:57] [Thread-3/WARN]: Incorrect key ReactorRodHeatLoss was corrected from null to its default, 25.0. 
[19:17:57] [Thread-3/WARN]: Incorrect key solarPanelHeatMultiplier was corrected from null to its default, 1.0. 
[19:17:57] [Thread-3/WARN]: Incorrect key maxWireLength was corrected from null to its default, 16. 
[19:17:57] [Thread-3/WARN]: Incorrect key Motors was corrected from null to its default, SimpleCommentedConfig:{}. 
[19:17:57] [Thread-3/WARN]: Incorrect key Motors.motorSuMultiplier was corrected from null to its default, 1.0. 
[19:17:57] [Thread-3/WARN]: Incorrect key Motors.basicMotorCapacity was corrected from null to its default, 16000. 
[19:17:57] [Thread-3/WARN]: Incorrect key Motors.advancedMotorCapacity was corrected from null to its default, 64000. 
[19:17:57] [Thread-3/WARN]: Incorrect key Motors.reinforcedMotorCapacity was corrected from null to its default, 128000. 
[19:17:57] [Thread-3/WARN]: Incorrect key Motors.basicMotorSpeed was corrected from null to its default, 128.0. 
[19:17:57] [Thread-3/WARN]: Incorrect key Motors.advancedMotorSpeed was corrected from null to its default, 256.0. 
[19:17:57] [Thread-3/WARN]: Incorrect key Motors.reinforcedMotorSpeed was corrected from null to its default, 256.0. 
[19:17:57] [Thread-3/WARN]: Incorrect key Motors.basicMotorStress was corrected from null to its default, 512.0. 
[19:17:57] [Thread-3/WARN]: Incorrect key Motors.advancedMotorStress was corrected from null to its default, 2048.0. 
[19:17:57] [Thread-3/WARN]: Incorrect key Motors.reinforcedMotorStress was corrected from null to its default, 8192.0. 
[19:17:57] [Thread-3/WARN]: Incorrect key Motor Extensions was corrected from null to its default, SimpleCommentedConfig:{}. 
[19:17:57] [Thread-3/WARN]: Incorrect key Motor Extensions.basicMotorExtensionMultiplier was corrected from null to its default, 2.0. 
[19:17:57] [Thread-3/WARN]: Incorrect key Motor Extensions.advancedMotorExtensionMultiplier was corrected from null to its default, 8.0. 
[19:17:57] [Thread-3/WARN]: Incorrect key Motor Extensions.basicMotorExtensionExtraCapacity was corrected from null to its default, 64000. 
[19:17:57] [Thread-3/WARN]: Incorrect key Motor Extensions.advancedMotorExtensionExtraCapacity was corrected from null to its default, 256000. 
[19:17:57] [Thread-3/WARN]: Incorrect key Motor Extensions.basicMotorExtensionScrollStep was corrected from null to its default, 1. 
[19:17:57] [Thread-3/WARN]: Incorrect key Motor Extensions.advancedMotorExtensionScrollStep was corrected from null to its default, 8. 
[19:17:57] [Thread-3/WARN]: Configuration file /workspaces/CraftCoso/servidor_minecraft/./config/create_new_age-common.toml is not correct. Correcting
[19:17:57] [main/INFO]: Loaded Create Questing Config
[19:17:57] [Thread-3/WARN]: Incorrect key suToEnergy was corrected from null to its default, 0.029296875. 
[19:17:57] [Thread-3/WARN]: Incorrect key maxCoils was corrected from null to its default, 8. 
[19:17:57] [Thread-3/WARN]: Incorrect key maxRodsInDirection was corrected from null to its default, 32. 
[19:17:57] [Thread-3/WARN]: Incorrect key conductivityMultiplier was corrected from null to its default, 1.0. 
[19:17:57] [Thread-3/WARN]: Incorrect key maxPathfindingDepth was corrected from null to its default, 32. 
[19:17:57] [Thread-3/WARN]: Incorrect key energiserSpeedMultiplier was corrected from null to its default, 1.0. 
[19:17:57] [Thread-3/WARN]: Incorrect key overheatingMultiplier was corrected from null to its default, 1.0. 
[19:17:57] [Thread-3/WARN]: Incorrect key passiveHeatSourceMultiplier was corrected from null to its default, 1.0. 
[19:17:57] [Thread-3/WARN]: Incorrect key passivePipeHeatLoss was corrected from null to its default, 1.0. 
[19:17:57] [Thread-3/WARN]: Incorrect key boilerRequiredHeatMultiplier was corrected from null to its default, 1.0. 
[19:17:57] [Thread-3/WARN]: Incorrect key ReactorRodHeat was corrected from null to its default, 30.0. 
[19:17:57] [Thread-3/WARN]: Incorrect key ReactorRodHeatLoss was corrected from null to its default, 25.0. 
[19:17:57] [Thread-3/WARN]: Incorrect key solarPanelHeatMultiplier was corrected from null to its default, 1.0. 
[19:17:57] [Thread-3/WARN]: Incorrect key maxWireLength was corrected from null to its default, 16. 
[19:17:57] [Thread-3/WARN]: Incorrect key Motors was corrected from null to its default, SimpleCommentedConfig:{}. 
[19:17:57] [Thread-3/WARN]: Incorrect key Motors.motorSuMultiplier was corrected from null to its default, 1.0. 
[19:17:57] [Thread-3/WARN]: Incorrect key Motors.basicMotorCapacity was corrected from null to its default, 16000. 
[19:17:57] [Thread-3/WARN]: Incorrect key Motors.advancedMotorCapacity was corrected from null to its default, 64000. 
[19:17:57] [Thread-3/WARN]: Incorrect key Motors.reinforcedMotorCapacity was corrected from null to its default, 128000. 
[19:17:57] [Thread-3/WARN]: Incorrect key Motors.basicMotorSpeed was corrected from null to its default, 128.0. 
[19:17:57] [Thread-3/WARN]: Incorrect key Motors.advancedMotorSpeed was corrected from null to its default, 256.0. 
[19:17:57] [Thread-3/WARN]: Incorrect key Motors.reinforcedMotorSpeed was corrected from null to its default, 256.0. 
[19:17:57] [Thread-3/WARN]: Incorrect key Motors.basicMotorStress was corrected from null to its default, 512.0. 
[19:17:57] [Thread-3/WARN]: Incorrect key Motors.advancedMotorStress was corrected from null to its default, 2048.0. 
[19:17:57] [Thread-3/WARN]: Incorrect key Motors.reinforcedMotorStress was corrected from null to its default, 8192.0. 
[19:17:57] [Thread-3/WARN]: Incorrect key Motor Extensions was corrected from null to its default, SimpleCommentedConfig:{}. 
[19:17:57] [Thread-3/WARN]: Incorrect key Motor Extensions.basicMotorExtensionMultiplier was corrected from null to its default, 2.0. 
[19:17:57] [Thread-3/WARN]: Incorrect key Motor Extensions.advancedMotorExtensionMultiplier was corrected from null to its default, 8.0. 
[19:17:57] [Thread-3/WARN]: Incorrect key Motor Extensions.basicMotorExtensionExtraCapacity was corrected from null to its default, 64000. 
[19:17:57] [Thread-3/WARN]: Incorrect key Motor Extensions.advancedMotorExtensionExtraCapacity was corrected from null to its default, 256000. 
[19:17:57] [Thread-3/WARN]: Incorrect key Motor Extensions.basicMotorExtensionScrollStep was corrected from null to its default, 1. 
[19:17:57] [Thread-3/WARN]: Incorrect key Motor Extensions.advancedMotorExtensionScrollStep was corrected from null to its default, 8. 
[19:17:57] [Thread-3/WARN]: Configuration file ./config/create_new_age-common.toml could not be parsed. Correcting
[19:17:57] [Thread-3/WARN]: Configuration file /workspaces/CraftCoso/servidor_minecraft/./config/create_new_age-common.toml is not correct. Correcting
[19:17:57] [Thread-3/WARN]: Incorrect key suToEnergy was corrected from null to its default, 0.029296875. 
[19:17:57] [Thread-3/WARN]: Incorrect key maxCoils was corrected from null to its default, 8. 
[19:17:57] [Thread-3/WARN]: Incorrect key maxRodsInDirection was corrected from null to its default, 32. 
[19:17:57] [Thread-3/WARN]: Incorrect key conductivityMultiplier was corrected from null to its default, 1.0. 
[19:17:57] [Thread-3/WARN]: Incorrect key maxPathfindingDepth was corrected from null to its default, 32. 
[19:17:57] [Thread-3/WARN]: Incorrect key energiserSpeedMultiplier was corrected from null to its default, 1.0. 
[19:17:57] [Thread-3/WARN]: Incorrect key overheatingMultiplier was corrected from null to its default, 1.0. 
[19:17:57] [Thread-3/WARN]: Incorrect key passiveHeatSourceMultiplier was corrected from null to its default, 1.0. 
[19:17:57] [Thread-3/WARN]: Incorrect key passivePipeHeatLoss was corrected from null to its default, 1.0. 
[19:17:57] [Thread-3/WARN]: Incorrect key boilerRequiredHeatMultiplier was corrected from null to its default, 1.0. 
[19:17:57] [Thread-3/WARN]: Incorrect key ReactorRodHeat was corrected from null to its default, 30.0. 
[19:17:57] [Thread-3/WARN]: Incorrect key ReactorRodHeatLoss was corrected from null to its default, 25.0. 
[19:17:57] [Thread-3/WARN]: Incorrect key solarPanelHeatMultiplier was corrected from null to its default, 1.0. 
[19:17:57] [Thread-3/WARN]: Incorrect key maxWireLength was corrected from null to its default, 16. 
[19:17:57] [Thread-3/WARN]: Incorrect key Motors was corrected from null to its default, SimpleCommentedConfig:{}. 
[19:17:57] [Thread-3/WARN]: Incorrect key Motors.motorSuMultiplier was corrected from null to its default, 1.0. 
[19:17:57] [Thread-3/WARN]: Incorrect key Motors.basicMotorCapacity was corrected from null to its default, 16000. 
[19:17:57] [Thread-3/WARN]: Incorrect key Motors.advancedMotorCapacity was corrected from null to its default, 64000. 
[19:17:57] [Thread-3/WARN]: Incorrect key Motors.reinforcedMotorCapacity was corrected from null to its default, 128000. 
[19:17:57] [Thread-3/WARN]: Incorrect key Motors.basicMotorSpeed was corrected from null to its default, 128.0. 
[19:17:57] [Thread-3/WARN]: Incorrect key Motors.advancedMotorSpeed was corrected from null to its default, 256.0. 
[19:17:57] [Thread-3/WARN]: Incorrect key Motors.reinforcedMotorSpeed was corrected from null to its default, 256.0. 
[19:17:57] [Thread-3/WARN]: Incorrect key Motors.basicMotorStress was corrected from null to its default, 512.0. 
[19:17:57] [Thread-3/WARN]: Incorrect key Motors.advancedMotorStress was corrected from null to its default, 2048.0. 
[19:17:57] [Thread-3/WARN]: Incorrect key Motors.reinforcedMotorStress was corrected from null to its default, 8192.0. 
[19:17:57] [Thread-3/WARN]: Incorrect key Motor Extensions was corrected from null to its default, SimpleCommentedConfig:{}. 
[19:17:57] [Thread-3/WARN]: Incorrect key Motor Extensions.basicMotorExtensionMultiplier was corrected from null to its default, 2.0. 
[19:17:57] [Thread-3/WARN]: Incorrect key Motor Extensions.advancedMotorExtensionMultiplier was corrected from null to its default, 8.0. 
[19:17:57] [Thread-3/WARN]: Incorrect key Motor Extensions.basicMotorExtensionExtraCapacity was corrected from null to its default, 64000. 
[19:17:57] [Thread-3/WARN]: Incorrect key Motor Extensions.advancedMotorExtensionExtraCapacity was corrected from null to its default, 256000. 
[19:17:57] [Thread-3/WARN]: Incorrect key Motor Extensions.basicMotorExtensionScrollStep was corrected from null to its default, 1. 
[19:17:57] [Thread-3/WARN]: Incorrect key Motor Extensions.advancedMotorExtensionScrollStep was corrected from null to its default, 8. 
[19:17:57] [main/WARN]: Tried to register an overly high cookTime: 57600 > 32767! (air)
[19:17:57] [main/INFO]: [STDOUT]: Create Crafts & Additions Initialized!
[19:17:58] [main/INFO]: Loaded config for: cupboard.json
[19:17:58] [main/INFO]: File exists, reading config for elocindev.customentityattributes.config.CEABasicConfig.
[19:17:58] [main/INFO]: Config for elocindev.customentityattributes.config.CEABasicConfig read successfully.
[19:17:58] [main/INFO]: File exists, reading config for elocindev.customentityattributes.config.CEAAdvancedConfig.
[19:17:58] [main/INFO]: Config for elocindev.customentityattributes.config.CEAAdvancedConfig read successfully.
[19:17:58] [main/INFO]: File exists, reading config for elocindev.customitemattributes.config.CIAConfig.
[19:17:58] [main/INFO]: Config for elocindev.customitemattributes.config.CIAConfig read successfully.
[19:17:58] [main/INFO]: File exists, reading config for elocindev.deathknights.config.entries.enchants.DecayingEnchantConfig.
[19:17:58] [main/INFO]: Config for elocindev.deathknights.config.entries.enchants.DecayingEnchantConfig read successfully.
[19:17:58] [main/INFO]: File exists, reading config for elocindev.deathknights.config.entries.loot.JewelryLootConfig.
[19:17:58] [main/INFO]: Config for elocindev.deathknights.config.entries.loot.JewelryLootConfig read successfully.
[19:17:58] [main/INFO]: File exists, reading config for elocindev.deathknights.config.entries.spells.frost.ObliterateConfig.
[19:17:58] [main/INFO]: Config for elocindev.deathknights.config.entries.spells.frost.ObliterateConfig read successfully.
[19:17:58] [main/INFO]: File exists, reading config for elocindev.deathknights.config.entries.spells.frost.RemorselessWinterConfig.
[19:17:58] [main/INFO]: Config for elocindev.deathknights.config.entries.spells.frost.RemorselessWinterConfig read successfully.
[19:17:58] [main/INFO]: File exists, reading config for elocindev.deathknights.config.entries.spells.frost.BreathOfAgonyConfig.
[19:17:58] [main/INFO]: Config for elocindev.deathknights.config.entries.spells.frost.BreathOfAgonyConfig read successfully.
[19:17:58] [main/INFO]: File exists, reading config for elocindev.deathknights.config.entries.spells.unholy.PlaguesConfig.
[19:17:58] [main/INFO]: Config for elocindev.deathknights.config.entries.spells.unholy.PlaguesConfig read successfully.
[19:17:58] [main/INFO]: File exists, reading config for elocindev.deathknights.config.entries.spells.unholy.DeathCoilConfig.
[19:17:58] [main/INFO]: Config for elocindev.deathknights.config.entries.spells.unholy.DeathCoilConfig read successfully.
[19:17:58] [main/INFO]: File exists, reading config for elocindev.deathknights.config.entries.spells.unholy.EpidemicConfig.
[19:17:58] [main/INFO]: Config for elocindev.deathknights.config.entries.spells.unholy.EpidemicConfig read successfully.
[19:17:58] [main/INFO]: File exists, reading config for elocindev.deathknights.config.entries.spells.unholy.DeathGripConfig.
[19:17:58] [main/INFO]: Config for elocindev.deathknights.config.entries.spells.unholy.DeathGripConfig read successfully.
[19:17:58] [main/INFO]: File exists, reading config for elocindev.deathknights.config.entries.spells.blood.DeathStrikeConfig.
[19:17:58] [main/INFO]: Config for elocindev.deathknights.config.entries.spells.blood.DeathStrikeConfig read successfully.
[19:17:58] [main/INFO]: File exists, reading config for elocindev.deathknights.config.entries.spells.blood.MarrowrendConfig.
[19:17:58] [main/INFO]: Config for elocindev.deathknights.config.entries.spells.blood.MarrowrendConfig read successfully.
[19:17:58] [main/INFO]: File exists, reading config for elocindev.deathknights.config.entries.spells.blood.BloodBoilConfig.
[19:17:58] [main/INFO]: Config for elocindev.deathknights.config.entries.spells.blood.BloodBoilConfig read successfully.
[19:17:58] [main/INFO]: File exists, reading config for elocindev.deathknights.config.entries.spells.blood.BloodThirstConfig.
[19:17:58] [main/INFO]: Config for elocindev.deathknights.config.entries.spells.blood.BloodThirstConfig read successfully.
[19:17:58] [main/INFO]: Death Knights Config Loaded!
[19:17:58] [main/INFO]: Death Knights Initialized!
[19:17:58] [main/INFO]: Saving config because the loaded bug fixes are different to stored json.
[19:17:58] [main/INFO]: Saving Debugify
[19:17:58] [main/INFO]: Enabled 2 bug fixes: [MC-89146, MC-199467]
[19:17:58] [main/INFO]: Successfully Debugify'd your game!
[19:17:58] [main/INFO]: Bypassed Mojang DFU
[19:17:58] [main/INFO]: Instantiating Mojang DFU
[19:17:59] [main/ERROR]: No data fixer registered for crystallized_amber
[19:17:59] [main/ERROR]: No data fixer registered for sculk_jaw
[19:17:59] [main/INFO]: Derelict initializing
[19:17:59] [main/INFO]: Loaded DEUF Refabricated Config
[19:17:59] [main/WARN]: Lithium detected. MmmMmmMmmMmm scarecrow mode has been disabled as lithium doesnt have a way to add goals to new entities
[19:17:59] [main/INFO]: File exists, reading config for elocindev.eldritch_end.config.entries.biomes.PrimordialAbyssConfig.
[19:17:59] [main/INFO]: Config for elocindev.eldritch_end.config.entries.biomes.PrimordialAbyssConfig read successfully.
[19:17:59] [main/INFO]: File exists, reading config for elocindev.eldritch_end.config.entries.biomes.HasturianWastesConfig.
[19:17:59] [main/INFO]: Config for elocindev.eldritch_end.config.entries.biomes.HasturianWastesConfig read successfully.
[19:17:59] [main/INFO]: File exists, reading config for elocindev.eldritch_end.config.entries.entities.AberrationConfig.
[19:17:59] [main/INFO]: Config for elocindev.eldritch_end.config.entries.entities.AberrationConfig read successfully.
[19:17:59] [main/INFO]: File exists, reading config for elocindev.eldritch_end.config.entries.entities.TentacleConfig.
[19:17:59] [main/INFO]: Config for elocindev.eldritch_end.config.entries.entities.TentacleConfig read successfully.
[19:17:59] [main/INFO]: File exists, reading config for elocindev.eldritch_end.config.entries.entities.DendlerConfig.
[19:17:59] [main/INFO]: Config for elocindev.eldritch_end.config.entries.entities.DendlerConfig read successfully.
[19:17:59] [main/INFO]: File exists, reading config for elocindev.eldritch_end.config.entries.entities.boss.FacelessConfig.
[19:17:59] [main/INFO]: Config for elocindev.eldritch_end.config.entries.entities.boss.FacelessConfig read successfully.
[19:17:59] [main/INFO]: File exists, reading config for elocindev.eldritch_end.config.entries.entities.boss.HasturConfig.
[19:17:59] [main/INFO]: Config for elocindev.eldritch_end.config.entries.entities.boss.HasturConfig read successfully.
[19:17:59] [main/INFO]: File exists, reading config for elocindev.eldritch_end.config.entries.mechanics.CorruptionConfig.
[19:17:59] [main/INFO]: Config for elocindev.eldritch_end.config.entries.mechanics.CorruptionConfig read successfully.
[19:17:59] [main/INFO]: File exists, reading config for elocindev.eldritch_end.config.entries.mechanics.InfusionConfig.
[19:17:59] [main/INFO]: Config for elocindev.eldritch_end.config.entries.mechanics.InfusionConfig read successfully.
[19:17:59] [main/INFO]: File exists, reading config for elocindev.eldritch_end.config.entries.item.XalConfig.
[19:17:59] [main/INFO]: Config for elocindev.eldritch_end.config.entries.item.XalConfig read successfully.
[19:17:59] [main/INFO]: Eldritch End's Config Loaded!
[19:17:59] [main/INFO]: Registered Eldritch End items
[19:18:00] [main/INFO]: Registering Item Group for ends_delight
[19:18:00] [main/INFO]: Registering Mod Blocks for ends_delight
[19:18:00] [main/INFO]: Registering Mod Features for ends_delight
[19:18:00] [main/INFO]: Hello Fabric world!
[19:18:00] [Thread-3/WARN]: Configuration file /workspaces/CraftCoso/servidor_minecraft/./config/estrogen-client.toml is not correct. Correcting
[19:18:00] [Thread-3/WARN]: Incorrect key chestRenderingGlobal was corrected from null to its default, SimpleCommentedConfig:{}. 
[19:18:00] [Thread-3/WARN]: Incorrect key chestRenderingGlobal.chestFeatureRendering was corrected from null to its default, true. 
[19:18:00] [Thread-3/WARN]: Incorrect key chestRenderingGlobal.chestArmorRendering was corrected from null to its default, true. 
[19:18:00] [Thread-3/WARN]: Incorrect key chestRenderingGlobal.chestPhysicsRendering was corrected from null to its default, true. 
[19:18:00] [Thread-3/WARN]: Incorrect key chestEstrogen was corrected from null to its default, SimpleCommentedConfig:{}. 
[19:18:00] [Thread-3/WARN]: Incorrect key chestEstrogen.chestFeature was corrected from null to its default, true. 
[19:18:00] [Thread-3/WARN]: Incorrect key chestEstrogen.chestArmor was corrected from null to its default, true. 
[19:18:00] [Thread-3/WARN]: Incorrect key chestEstrogen.chestPhysics was corrected from null to its default, true. 
[19:18:00] [Thread-3/WARN]: Incorrect key chestEstrogen.chestBounciness was corrected from null to its default, 0.27000001072883606. 
[19:18:00] [Thread-3/WARN]: Incorrect key chestEstrogen.chestDamping was corrected from null to its default, 0.375. 
[19:18:00] [Thread-3/WARN]: Incorrect key dreamBlock was corrected from null to its default, SimpleCommentedConfig:{}. 
[19:18:00] [Thread-3/WARN]: Incorrect key dreamBlock.advancedRendering was corrected from null to its default, DEFAULT. 
[19:18:00] [Thread-3/WARN]: Incorrect key dreamBlock.animateTexture was corrected from null to its default, true. 
[19:18:00] [Thread-3/WARN]: Incorrect key dreamBlock.ui was corrected from null to its default, SimpleCommentedConfig:{}. 
[19:18:00] [Thread-3/WARN]: Incorrect key dreamBlock.ui.dashOverlay was corrected from null to its default, true. 
[19:18:00] [Thread-3/WARN]: Incorrect key estrogenButton was corrected from null to its default, SimpleCommentedConfig:{}. 
[19:18:00] [Thread-3/WARN]: Incorrect key estrogenButton.enabled was corrected from null to its default, true. 
[19:18:00] [Thread-3/WARN]: Incorrect key estrogenButton.xOffset was corrected from null to its default, -23. 
[19:18:00] [Thread-3/WARN]: Incorrect key estrogenButton.yOffset was corrected from null to its default, 0. 
[19:18:00] [Thread-3/WARN]: Incorrect key estrogenButton.estrogenSplashes was corrected from null to its default, true. 
[19:18:00] [Thread-3/WARN]: Incorrect key misc was corrected from null to its default, SimpleCommentedConfig:{}. 
[19:18:00] [Thread-3/WARN]: Incorrect key misc.entityPatting was corrected from null to its default, true. 
[19:18:00] [Thread-3/WARN]: Incorrect key accessory was corrected from null to its default, SimpleCommentedConfig:{}. 
[19:18:00] [Thread-3/WARN]: Incorrect key accessory.estrogenPatchRender was corrected from null to its default, true. 
[19:18:00] [Thread-3/WARN]: Incorrect key compat was corrected from null to its default, SimpleCommentedConfig:{}. 
[19:18:00] [Thread-3/WARN]: Incorrect key compat.ears was corrected from null to its default, true. 
[19:18:00] [Thread-3/WARN]: Incorrect key compat.figura was corrected from null to its default, true. 
[19:18:00] [Thread-3/WARN]: Incorrect key sounds was corrected from null to its default, SimpleCommentedConfig:{}. 
[19:18:00] [Thread-3/WARN]: Incorrect key sounds.ambientMusic was corrected from null to its default, true. 
[19:18:00] [Thread-3/WARN]: Configuration file /workspaces/CraftCoso/servidor_minecraft/./config/estrogen-client.toml is not correct. Correcting
[19:18:00] [Thread-3/WARN]: Incorrect key chestRenderingGlobal was corrected from null to its default, SimpleCommentedConfig:{}. 
[19:18:00] [Thread-3/WARN]: Incorrect key chestRenderingGlobal.chestFeatureRendering was corrected from null to its default, true. 
[19:18:00] [Thread-3/WARN]: Incorrect key chestRenderingGlobal.chestArmorRendering was corrected from null to its default, true. 
[19:18:00] [Thread-3/WARN]: Incorrect key chestRenderingGlobal.chestPhysicsRendering was corrected from null to its default, true. 
[19:18:00] [Thread-3/WARN]: Incorrect key chestEstrogen was corrected from null to its default, SimpleCommentedConfig:{}. 
[19:18:00] [Thread-3/WARN]: Incorrect key chestEstrogen.chestFeature was corrected from null to its default, true. 
[19:18:00] [Thread-3/WARN]: Incorrect key chestEstrogen.chestArmor was corrected from null to its default, true. 
[19:18:00] [Thread-3/WARN]: Incorrect key chestEstrogen.chestPhysics was corrected from null to its default, true. 
[19:18:00] [Thread-3/WARN]: Incorrect key chestEstrogen.chestBounciness was corrected from null to its default, 0.27000001072883606. 
[19:18:00] [Thread-3/WARN]: Incorrect key chestEstrogen.chestDamping was corrected from null to its default, 0.375. 
[19:18:00] [Thread-3/WARN]: Incorrect key dreamBlock was corrected from null to its default, SimpleCommentedConfig:{}. 
[19:18:00] [Thread-3/WARN]: Incorrect key dreamBlock.advancedRendering was corrected from null to its default, DEFAULT. 
[19:18:00] [Thread-3/WARN]: Incorrect key dreamBlock.animateTexture was corrected from null to its default, true. 
[19:18:00] [Thread-3/WARN]: Incorrect key dreamBlock.ui was corrected from null to its default, SimpleCommentedConfig:{}. 
[19:18:00] [Thread-3/WARN]: Incorrect key dreamBlock.ui.dashOverlay was corrected from null to its default, true. 
[19:18:00] [Thread-3/WARN]: Incorrect key estrogenButton was corrected from null to its default, SimpleCommentedConfig:{}. 
[19:18:00] [Thread-3/WARN]: Incorrect key estrogenButton.enabled was corrected from null to its default, true. 
[19:18:00] [Thread-3/WARN]: Incorrect key estrogenButton.xOffset was corrected from null to its default, -23. 
[19:18:00] [Thread-3/WARN]: Incorrect key estrogenButton.yOffset was corrected from null to its default, 0. 
[19:18:00] [Thread-3/WARN]: Incorrect key estrogenButton.estrogenSplashes was corrected from null to its default, true. 
[19:18:00] [Thread-3/WARN]: Incorrect key misc was corrected from null to its default, SimpleCommentedConfig:{}. 
[19:18:00] [Thread-3/WARN]: Incorrect key misc.entityPatting was corrected from null to its default, true. 
[19:18:00] [Thread-3/WARN]: Incorrect key accessory was corrected from null to its default, SimpleCommentedConfig:{}. 
[19:18:00] [Thread-3/WARN]: Incorrect key accessory.estrogenPatchRender was corrected from null to its default, true. 
[19:18:00] [Thread-3/WARN]: Incorrect key compat was corrected from null to its default, SimpleCommentedConfig:{}. 
[19:18:00] [Thread-3/WARN]: Incorrect key compat.ears was corrected from null to its default, true. 
[19:18:00] [Thread-3/WARN]: Incorrect key compat.figura was corrected from null to its default, true. 
[19:18:00] [Thread-3/WARN]: Incorrect key sounds was corrected from null to its default, SimpleCommentedConfig:{}. 
[19:18:00] [Thread-3/WARN]: Incorrect key sounds.ambientMusic was corrected from null to its default, true. 
[19:18:00] [main/INFO]: Injecting Estrogen into your veins!
[19:18:00] [main/INFO]: ExpandAbility here, who dis?
[19:18:00] [main/INFO]: Hello Fabric world!
[19:18:00] [main/INFO]: Look at the cleanse, look at the moves!
[19:18:00] [Placebo (FakerLib) Patreon Wing Loader/INFO]: Loading patreon wing data...
[19:18:00] [Placebo (FakerLib) Patreon Trail Loader/INFO]: Loading patreon trails data...
[19:18:00] [Placebo (FakerLib) Patreon Wing Loader/INFO]: Loaded 25 patreon wings.
[19:18:00] [Placebo (FakerLib) Patreon Trail Loader/INFO]: Loaded 33 patreon trails.
[19:18:00] [main/INFO]: Farmer's Knives loaded!
[19:18:00] [main/INFO]: Initialized Frostiful!
[19:18:00] [main/INFO]: Registering C2S receiver with id ftblibrary:edit_nbt_response
[19:18:01] [main/INFO]: Registering C2S receiver with id ftbquests:submit_task
[19:18:01] [main/INFO]: Registering C2S receiver with id ftbquests:claim_reward
[19:18:01] [main/INFO]: Registering C2S receiver with id ftbquests:get_emergency_items
[19:18:01] [main/INFO]: Registering C2S receiver with id ftbquests:claim_all_rewards
[19:18:01] [main/INFO]: Registering C2S receiver with id ftbquests:claim_choice_reward
[19:18:01] [main/INFO]: Registering C2S receiver with id ftbquests:toggle_pinned
[19:18:01] [main/INFO]: Registering C2S receiver with id ftbquests:toggle_chapter_pinned
[19:18:01] [main/INFO]: Registering C2S receiver with id ftbquests:toggle_editing_mode
[19:18:01] [main/INFO]: Registering C2S receiver with id ftbquests:force_save
[19:18:01] [main/INFO]: Registering C2S receiver with id ftbquests:set_custom_image
[19:18:01] [main/INFO]: Registering C2S receiver with id ftbquests:task_screen_config_resp
[19:18:01] [main/INFO]: Registering C2S receiver with id ftbquests:change_progress
[19:18:01] [main/INFO]: Registering C2S receiver with id ftbquests:create_object
[19:18:01] [main/INFO]: Registering C2S receiver with id ftbquests:create_task_at
[19:18:01] [main/INFO]: Registering C2S receiver with id ftbquests:delete_object
[19:18:01] [main/INFO]: Registering C2S receiver with id ftbquests:edit_object
[19:18:01] [main/INFO]: Registering C2S receiver with id ftbquests:move_chapter
[19:18:01] [main/INFO]: Registering C2S receiver with id ftbquests:move_quest
[19:18:01] [main/INFO]: Registering C2S receiver with id ftbquests:change_chapter_group
[19:18:01] [main/INFO]: Registering C2S receiver with id ftbquests:move_chapter_group
[19:18:01] [main/INFO]: Registering C2S receiver with id ftbquests:copy_quest
[19:18:01] [main/INFO]: Registering C2S receiver with id ftbquests:copy_chapter_image
[19:18:01] [main/INFO]: Registering C2S receiver with id ftbquests:sync_structures_request
[19:18:01] [main/INFO]: Registering C2S receiver with id ftbquests:request_team_data
[19:18:01] [main/INFO]: Registering C2S receiver with id ftbteams:open_gui
[19:18:01] [main/INFO]: Registering C2S receiver with id ftbteams:update_settings
[19:18:01] [main/INFO]: Registering C2S receiver with id ftbteams:send_message
[19:18:01] [main/INFO]: Registering C2S receiver with id ftbteams:create_party
[19:18:01] [main/INFO]: Registering C2S receiver with id ftbteams:player_gui_operation
[19:18:01] [main/INFO]: Is initializing.
[19:18:01] [main/INFO]: Has successfully been initialized.
[19:18:01] [main/INFO]: Initializing Gimm1q - Mim1q's Fabric modding library!
[19:18:02] [main/INFO]: Industrial Revolution has initialized.
[19:18:02] [main/INFO]: Hello Fabric world!
[19:18:02] [main/INFO]: File exists, reading config for elocindev.item_obliterator.fabric_quilt.config.ConfigEntries.
[19:18:02] [main/INFO]: Config for elocindev.item_obliterator.fabric_quilt.config.ConfigEntries read successfully.
[19:18:02] [main/INFO]: Item Obliterator Config Loaded
[19:18:02] [main/INFO]: Registering C2S receiver with id itemfilters:main/14e7fa1454283aec8ae811ef844ada28
[19:18:02] [main/INFO]: Registering C2S receiver with id itemfilters:main/8f6a899247753217b9d86ab427a2b279
[19:18:02] [main/INFO]: [jamlib] Mod initialized!
[19:18:02] [main/INFO]: [KONKRETE] Successfully initialized!
[19:18:02] [main/INFO]: [KONKRETE] Server-side libs ready to use!
[19:18:02] [main/INFO]: Constructing common components for leavesbegone:main
[19:18:02] [main/INFO]: [LMFT]: Loaded Config File!
[19:18:02] [main/INFO]: Constructing common components for magnumtorch:main
[19:18:02] [main/INFO]: Registering Blocks for mcda
[19:18:02] [main/INFO]: [MELODY] Disabling Melody since it's loaded server-side.
[19:18:02] [main/INFO]: Loaded config for: memorysettings.json
[19:18:02] [main/WARN]: You have more more memory allocated than recommended for your system, the recommended amount for your system is: 8186 mb.

[19:18:03] [main/INFO]: Definitely not up to no good
[19:18:03] [main/INFO]: [STDOUT]: All 13 have been set properly
[19:18:03] [main/INFO]: Modern Industrialization setup done!
[19:18:03] [main/INFO]: [STDOUT]: found type, is TWO
[19:18:03] [main/INFO]: [STDOUT]: [Modpack Update Checker] Loaded configuration file.
[19:18:03] [main/INFO]: Registering items for modmore_armor_trims
[19:18:03] [main/INFO]: Registering Mod Items for more_rpg_classes
[19:18:03] [main/INFO]: Registering Item Groups for more_rpg_classes
[19:18:03] [main/INFO]: Giving mobs a fresh coat of paint...
[19:18:03] [main/INFO]: Constructing common components for mutantmonsters:main
[19:18:03] [main/INFO]: Loading common config for mutantmonsters
[19:18:03] [Thread-3/INFO]: Reloading common config for mutantmonsters
[19:18:03] [main/INFO]: Hello from Mythic Mobs!
[19:18:03] [main/INFO]: Registering items for Mythic Mobs
[19:18:03] [main/INFO]: Registering blocks for Mythic Mobs
[19:18:03] [main/INFO]: Registering item group for Mythic Mobs
[19:18:03] [main/INFO]: Registering entities for Mythic Mobs
[19:18:03] [main/INFO]: Registering particles for Mythic Mobs
[19:18:03] [main/INFO]: Registering block entities for Mythic Mobs
[19:18:03] [main/INFO]: Registering sounds for Mythic Mobs
[19:18:03] [main/INFO]: Generating world-gen for Mythic Mobs
[19:18:03] [main/INFO]: Registering Mythic Items for mythicupgrades
[19:18:03] [main/INFO]: Registering Mythic Blocks for mythicupgrades
[19:18:03] [main/INFO]: Mythic Upgrades works properly! CAN ANNENE SELAMLAR KARŞİM <3!
[19:18:04] [main/INFO]: Necronomicon Initialized
[19:18:04] [main/INFO]: File exists, reading config for elocindev.necronomicon.NecronomiconConfig.
[19:18:04] [main/INFO]: Config for elocindev.necronomicon.NecronomiconConfig read successfully.
[19:18:04] [main/INFO]: Initializing Neruina
[19:18:04] [main/INFO]: Constructing common components for netherchested:main
[19:18:04] [main/INFO]: Registering Items for netherdepthsupgrade
[19:18:04] [main/INFO]: Registering Blocks for netherdepthsupgrade
[19:18:04] [main/INFO]: Registering Block Entities for netherdepthsupgrade
[19:18:04] [main/INFO]: Registering tabs for netherdepthsupgrade
[19:18:04] [main/INFO]: Registering Entity Types for netherdepthsupgrade
[19:18:04] [main/INFO]: Registering Effects for netherdepthsupgrade
[19:18:04] [main/INFO]: Registering Potions for netherdepthsupgrade
[19:18:04] [main/INFO]: Registering Enchantments for netherdepthsupgrade
[19:18:04] [main/INFO]: Registering Particles for netherdepthsupgrade
[19:18:04] [main/INFO]: Registering Features for netherdepthsupgrade
[19:18:04] [main/INFO]: Registering ConfiguredFeatures for netherdepthsupgrade
[19:18:04] [main/INFO]: Registering PlacedFeatures for netherdepthsupgrade
[19:18:04] [main/INFO]: Registering Structures for netherdepthsupgrade
[19:18:04] [main/INFO]: Setting up compat for Farmers Delight
[19:18:04] [main/INFO]: KONNICHIWA ZA WARUDO!
[19:18:04] [main/INFO]: Default JVM text encoding is: UTF-8
[19:18:04] [main/INFO]: Reading config file NoChatReports/NCR-Common.json...
[19:18:04] [main/INFO]: Writing config file NoChatReports/NCR-Common.json...
[19:18:04] [main/INFO]: Registering Items for oceansdelight
[19:18:04] [main/INFO]: Registering Blocks for oceansdelight
[19:18:04] [main/INFO]: Registering tabs for oceansdelight
[19:18:04] [main/INFO]: File exists, reading config for elocindev.offhandtickfix.config.entries.OffHandTickFixConfig.
[19:18:04] [main/INFO]: Config for elocindev.offhandtickfix.config.entries.OffHandTickFixConfig read successfully.
[19:18:04] [main/INFO]: Open Parties and Claims: Create mod support!
[19:18:04] [main/INFO]: File exists, reading config for elocindev.opacpvp.config.entries.OpacPvPConfig.
[19:18:04] [main/INFO]: Config for elocindev.opacpvp.config.entries.OpacPvPConfig read successfully.
[19:18:04] [main/INFO]: [STDOUT]: All 1 have been set properly
[19:18:04] [main/INFO]: remember to update ubuntu, before it is too late
[19:18:04] [main/INFO]: Packet Fixer (Fabric) has been initialized successfully
[19:18:04] [main/ERROR]: Failed to load book betternether:betternether_book defined by mod betternether, skipping
java.lang.IllegalArgumentException: Book betternether:betternether_book has use_resource_pack set to false. This behaviour was removed in 1.20. The book author should enable this flag and move all book contents clientside to /assets/, leaving the book.json in /data/. See https://vazkiimods.github.io/Patchouli/docs/upgrading/upgrade-guide-120 for details.
	at vazkii.patchouli.common.book.Book.<init>(Book.java:145) ~[Patchouli-1.20.1-84-FABRIC.jar:?]
	at vazkii.patchouli.common.book.BookRegistry.loadBook(BookRegistry.java:90) ~[Patchouli-1.20.1-84-FABRIC.jar:?]
	at vazkii.patchouli.common.book.BookRegistry.lambda$init$3(BookRegistry.java:75) ~[Patchouli-1.20.1-84-FABRIC.jar:?]
	at java.util.HashMap.forEach(HashMap.java:1421) ~[?:?]
	at vazkii.patchouli.common.book.BookRegistry.init(BookRegistry.java:70) ~[Patchouli-1.20.1-84-FABRIC.jar:?]
	at vazkii.patchouli.fabric.common.FabricModInitializer.onInitialize(FabricModInitializer.java:33) ~[Patchouli-1.20.1-84-FABRIC.jar:?]
	at net.fabricmc.loader.impl.FabricLoaderImpl.invokeEntrypoints(FabricLoaderImpl.java:399) ~[fabric-loader-0.16.10.jar:?]
	at net.fabricmc.loader.impl.game.minecraft.Hooks.startServer(Hooks.java:63) ~[fabric-loader-0.16.10.jar:?]
	at net.minecraft.server.Main.main(Main.java:112) ~[server-intermediary.jar:?]
	at net.fabricmc.loader.impl.game.minecraft.MinecraftGameProvider.launch(MinecraftGameProvider.java:480) ~[fabric-loader-0.16.10.jar:?]
	at net.fabricmc.loader.impl.launch.knot.Knot.launch(Knot.java:74) ~[fabric-loader-0.16.10.jar:?]
	at net.fabricmc.loader.impl.launch.knot.KnotServer.main(KnotServer.java:23) ~[fabric-loader-0.16.10.jar:?]
	at net.fabricmc.loader.impl.launch.server.FabricServerLauncher.main(FabricServerLauncher.java:69) ~[fabric-loader-0.16.10.jar:?]
	at net.fabricmc.installer.ServerLauncher.main(ServerLauncher.java:69) ~[fabric-server-launch.jar:1.0.1]
[19:18:04] [main/ERROR]: Failed to load book seasonsextras:seasonal_compendium defined by mod seasonsextras, skipping
java.lang.IllegalArgumentException: Book seasonsextras:seasonal_compendium has use_resource_pack set to false. This behaviour was removed in 1.20. The book author should enable this flag and move all book contents clientside to /assets/, leaving the book.json in /data/. See https://vazkiimods.github.io/Patchouli/docs/upgrading/upgrade-guide-120 for details.
	at vazkii.patchouli.common.book.Book.<init>(Book.java:145) ~[Patchouli-1.20.1-84-FABRIC.jar:?]
	at vazkii.patchouli.common.book.BookRegistry.loadBook(BookRegistry.java:90) ~[Patchouli-1.20.1-84-FABRIC.jar:?]
	at vazkii.patchouli.common.book.BookRegistry.lambda$init$3(BookRegistry.java:75) ~[Patchouli-1.20.1-84-FABRIC.jar:?]
	at java.util.HashMap.forEach(HashMap.java:1421) ~[?:?]
	at vazkii.patchouli.common.book.BookRegistry.init(BookRegistry.java:70) ~[Patchouli-1.20.1-84-FABRIC.jar:?]
	at vazkii.patchouli.fabric.common.FabricModInitializer.onInitialize(FabricModInitializer.java:33) ~[Patchouli-1.20.1-84-FABRIC.jar:?]
	at net.fabricmc.loader.impl.FabricLoaderImpl.invokeEntrypoints(FabricLoaderImpl.java:399) ~[fabric-loader-0.16.10.jar:?]
	at net.fabricmc.loader.impl.game.minecraft.Hooks.startServer(Hooks.java:63) ~[fabric-loader-0.16.10.jar:?]
	at net.minecraft.server.Main.main(Main.java:112) ~[server-intermediary.jar:?]
	at net.fabricmc.loader.impl.game.minecraft.MinecraftGameProvider.launch(MinecraftGameProvider.java:480) ~[fabric-loader-0.16.10.jar:?]
	at net.fabricmc.loader.impl.launch.knot.Knot.launch(Knot.java:74) ~[fabric-loader-0.16.10.jar:?]
	at net.fabricmc.loader.impl.launch.knot.KnotServer.main(KnotServer.java:23) ~[fabric-loader-0.16.10.jar:?]
	at net.fabricmc.loader.impl.launch.server.FabricServerLauncher.main(FabricServerLauncher.java:69) ~[fabric-loader-0.16.10.jar:?]
	at net.fabricmc.installer.ServerLauncher.main(ServerLauncher.java:69) ~[fabric-server-launch.jar:1.0.1]
[19:18:04] [main/WARN]: @ModifyConstant conflict. Skipping connectivity.mixins.json:ClientboundCustomPayloadPacketMixin from mod connectivity->@ModifyConstant::modifyLimit(I)I with priority 1, already redirected by packetfixer.mixins.json:CustomPayloadS2CPacketMixin from mod packetfixer->@ModifyConstant::newSize(I)I with priority 9999
[19:18:04] [main/WARN]: @ModifyConstant conflict. Skipping xlpackets.mixins.json:ClientboundCustomPayloadPacketMixin from mod thiccpackets->@ModifyConstant::xlPackets(I)I with priority 1000, already redirected by packetfixer.mixins.json:CustomPayloadS2CPacketMixin from mod packetfixer->@ModifyConstant::newSize(I)I with priority 9999
[19:18:04] [main/INFO]: [Ping-Wheel] Init
[19:18:04] [main/INFO]: Registering C2S receiver with id powah:packet
[19:18:04] [main/INFO]: File exists, reading config for elocindev.prominent.config.ServerConfig.
[19:18:04] [main/INFO]: Config for elocindev.prominent.config.ServerConfig read successfully.
[19:18:04] [main/INFO]: File exists, reading config for elocindev.prominent.config.BossLevels.
[19:18:04] [main/INFO]: Config for elocindev.prominent.config.BossLevels read successfully.
[19:18:04] [main/INFO]: File exists, reading config for elocindev.prominent.config.ItemLevels.
[19:18:04] [main/INFO]: Config for elocindev.prominent.config.ItemLevels read successfully.
[19:18:04] [main/INFO]: Registered Prominent Sounds
[19:18:04] [main/INFO]: Registered Prominent Items
[19:18:04] [main/INFO]: Loaded Prominent Config
[19:18:04] [main/INFO]: Registered Prominent Sounds
[19:18:04] [main/INFO]: Registered Prominent Items
[19:18:04] [main/INFO]: File exists, reading config for elocindev.prominent_talents.config.Config.
[19:18:04] [main/INFO]: Config for elocindev.prominent_talents.config.Config read successfully.
[19:18:04] [main/INFO]: Registered Prominent Talents Sounds
[19:18:04] [main/INFO]: File exists, reading config for elocindev.protbalancer.config.ProtectionBalancerConfig.
[19:18:04] [main/INFO]: Config for elocindev.protbalancer.config.ProtectionBalancerConfig read successfully.
[19:18:04] [main/INFO]: Constructing common components for puzzlesapi:iteminteractions
[19:18:04] [main/INFO]: Constructing common components for puzzlesapi:slotcycling
[19:18:04] [main/INFO]: Constructing common components for puzzlesapi:limitlesscontainers
[19:18:04] [main/INFO]: Constructing common components for puzzleslib:main
[19:18:05] [main/INFO]: Registered bogey styles from railways
[19:18:05] [main/INFO]: Registering data fixers
[19:18:05] [main/INFO]: 0 Datafixer optimizations took 0 milliseconds
[19:18:05] [main/INFO]: Registering tracks for Hex Casting
[19:18:05] [main/INFO]: Registering tracks for Oh The Biomes You'll Go
[19:18:05] [main/INFO]: Registering tracks for Blue Skies
[19:18:05] [main/INFO]: Registering tracks for Twilight Forest
[19:18:05] [main/INFO]: Registering tracks for Biomes O' Plenty
[19:18:05] [main/INFO]: Registering tracks for Nature's Spirit
[19:18:05] [main/INFO]: Registering tracks for Dreams and Desires
[19:18:05] [main/INFO]: Registering tracks for Quark
[19:18:05] [main/INFO]: Registering tracks for TerraFirmaCraft
[19:18:05] [main/INFO]: Reacharound Initializing.
[19:18:05] [main/INFO]: Reacharound Initialized.
[19:18:05] [main/INFO]: File exists, reading config for elocindev.rebalance.config.ReBalanceConfig.
[19:18:05] [main/INFO]: Config for elocindev.rebalance.config.ReBalanceConfig read successfully.
[19:18:05] [main/INFO]: [Regions Unexplored] generating and loading config
[19:18:05] [Thread-3/WARN]: Configuration file /workspaces/CraftCoso/servidor_minecraft/./config/regions_unexplored/regions_unexplored-primary-region.toml could not be parsed. Correcting
[19:18:05] [Thread-3/WARN]: Configuration file /workspaces/CraftCoso/servidor_minecraft/./config/regions_unexplored/regions_unexplored-primary-region.toml is not correct. Correcting
[19:18:05] [Thread-3/WARN]: Incorrect key -----------------MIDDLE_BIOMES-------------------- was corrected from null to its default, SimpleCommentedConfig:{}. 
[19:18:05] [Thread-3/WARN]: Incorrect key -----------------MIDDLE_BIOMES--------------------.icy_arid was corrected from null to its default, regions_unexplored:frozen_tundra. 
[19:18:05] [Thread-3/WARN]: Incorrect key -----------------MIDDLE_BIOMES--------------------.icy_dry was corrected from null to its default, regions_unexplored:frozen_tundra. 
[19:18:05] [Thread-3/WARN]: Incorrect key -----------------MIDDLE_BIOMES--------------------.icy_neutral was corrected from null to its default, regions_unexplored:frozen_pine_taiga. 
[19:18:05] [Thread-3/WARN]: Incorrect key -----------------MIDDLE_BIOMES--------------------.icy_wet was corrected from null to its default, regions_unexplored:cold_boreal_taiga. 
[19:18:05] [Thread-3/WARN]: Incorrect key -----------------MIDDLE_BIOMES--------------------.icy_humid was corrected from null to its default, regions_unexplored:cold_boreal_taiga. 
[19:18:05] [Thread-3/WARN]: Incorrect key -----------------MIDDLE_BIOMES--------------------.cool_arid was corrected from null to its default, regions_unexplored:pumpkin_fields. 
[19:18:05] [Thread-3/WARN]: Incorrect key -----------------MIDDLE_BIOMES--------------------.cool_dry was corrected from null to its default, regions_unexplored:autumnal_maple_forest. 
[19:18:05] [Thread-3/WARN]: Incorrect key -----------------MIDDLE_BIOMES--------------------.cool_neutral was corrected from null to its default, regions_unexplored:maple_forest. 
[19:18:05] [Thread-3/WARN]: Incorrect key -----------------MIDDLE_BIOMES--------------------.cool_wet was corrected from null to its default, regions_unexplored:boreal_taiga. 
[19:18:05] [Thread-3/WARN]: Incorrect key -----------------MIDDLE_BIOMES--------------------.cool_humid was corrected from null to its default, regions_unexplored:boreal_taiga. 
[19:18:05] [Thread-3/WARN]: Incorrect key -----------------MIDDLE_BIOMES--------------------.neutral_arid was corrected from null to its default, regions_unexplored:orchard. 
[19:18:05] [Thread-3/WARN]: Incorrect key -----------------MIDDLE_BIOMES--------------------.neutral_dry was corrected from null to its default, regions_unexplored:shrubland. 
[19:18:05] [Thread-3/WARN]: Incorrect key -----------------MIDDLE_BIOMES--------------------.neutral_neutral was corrected from null to its default, regions_unexplored:temperate_grove. 
[19:18:05] [Thread-3/WARN]: Incorrect key -----------------MIDDLE_BIOMES--------------------.neutral_wet was corrected from null to its default, regions_unexplored:pine_taiga. 
[19:18:05] [Thread-3/WARN]: Incorrect key -----------------MIDDLE_BIOMES--------------------.neutral_humid was corrected from null to its default, regions_unexplored:blackwood_taiga. 
[19:18:05] [Thread-3/WARN]: Incorrect key -----------------MIDDLE_BIOMES--------------------.warm_arid was corrected from null to its default, regions_unexplored:barley_fields. 
[19:18:05] [Thread-3/WARN]: Incorrect key -----------------MIDDLE_BIOMES--------------------.warm_dry was corrected from null to its default, regions_unexplored:prairie. 
[19:18:05] [Thread-3/WARN]: Incorrect key -----------------MIDDLE_BIOMES--------------------.warm_neutral was corrected from null to its default, regions_unexplored:grassland. 
[19:18:05] [Thread-3/WARN]: Incorrect key -----------------MIDDLE_BIOMES--------------------.warm_wet was corrected from null to its default, regions_unexplored:redwoods. 
[19:18:05] [Thread-3/WARN]: Incorrect key -----------------MIDDLE_BIOMES--------------------.warm_humid was corrected from null to its default, regions_unexplored:redwoods. 
[19:18:05] [Thread-3/WARN]: Incorrect key -----------------MIDDLE_BIOMES--------------------.hot_arid was corrected from null to its default, regions_unexplored:baobab_savanna. 
[19:18:05] [Thread-3/WARN]: Incorrect key -----------------MIDDLE_BIOMES--------------------.hot_dry was corrected from null to its default, regions_unexplored:baobab_savanna. 
[19:18:05] [Thread-3/WARN]: Incorrect key -----------------MIDDLE_BIOMES--------------------.hot_neutral was corrected from null to its default, regions_unexplored:saguaro_desert. 
[19:18:05] [Thread-3/WARN]: Incorrect key -----------------MIDDLE_BIOMES--------------------.hot_wet was corrected from null to its default, regions_unexplored:outback. 
[19:18:05] [Thread-3/WARN]: Incorrect key -----------------MIDDLE_BIOMES--------------------.hot_humid was corrected from null to its default, regions_unexplored:eucalyptus_forest. 
[19:18:05] [Thread-3/WARN]: Incorrect key -----------------MIDDLE_BIOMES_VARIANT-------------------- was corrected from null to its default, SimpleCommentedConfig:{}. 
[19:18:05] [Thread-3/WARN]: Incorrect key -----------------MIDDLE_BIOMES_VARIANT--------------------.icy_arid was corrected from null to its default, regions_unexplored:frozen_pine_taiga. 
[19:18:05] [Thread-3/WARN]: Incorrect key -----------------MIDDLE_BIOMES_VARIANT--------------------.icy_dry was corrected from null to its default, regions_unexplored:frozen_tundra. 
[19:18:05] [Thread-3/WARN]: Incorrect key -----------------MIDDLE_BIOMES_VARIANT--------------------.icy_neutral was corrected from null to its default, regions_unexplored:frozen_tundra. 
[19:18:05] [Thread-3/WARN]: Incorrect key -----------------MIDDLE_BIOMES_VARIANT--------------------.icy_wet was corrected from null to its default, regions_unexplored:cold_boreal_taiga. 
[19:18:05] [Thread-3/WARN]: Incorrect key -----------------MIDDLE_BIOMES_VARIANT--------------------.icy_humid was corrected from null to its default, regions_unexplored:spires. 
[19:18:05] [Thread-3/WARN]: Incorrect key -----------------MIDDLE_BIOMES_VARIANT--------------------.cool_arid was corrected from null to its default, regions_unexplored:autumnal_maple_forest. 
[19:18:05] [Thread-3/WARN]: Incorrect key -----------------MIDDLE_BIOMES_VARIANT--------------------.cool_dry was corrected from null to its default, regions_unexplored:autumnal_maple_forest. 
[19:18:05] [Thread-3/WARN]: Incorrect key -----------------MIDDLE_BIOMES_VARIANT--------------------.cool_neutral was corrected from null to its default, regions_unexplored:maple_forest. 
[19:18:05] [Thread-3/WARN]: Incorrect key -----------------MIDDLE_BIOMES_VARIANT--------------------.cool_wet was corrected from null to its default, regions_unexplored:boreal_taiga. 
[19:18:05] [Thread-3/WARN]: Incorrect key -----------------MIDDLE_BIOMES_VARIANT--------------------.cool_humid was corrected from null to its default, regions_unexplored:golden_boreal_taiga. 
[19:18:05] [Thread-3/WARN]: Incorrect key -----------------MIDDLE_BIOMES_VARIANT--------------------.neutral_arid was corrected from null to its default, regions_unexplored:orchard. 
[19:18:05] [Thread-3/WARN]: Incorrect key -----------------MIDDLE_BIOMES_VARIANT--------------------.neutral_dry was corrected from null to its default, regions_unexplored:shrubland. 
[19:18:05] [Thread-3/WARN]: Incorrect key -----------------MIDDLE_BIOMES_VARIANT--------------------.neutral_neutral was corrected from null to its default, regions_unexplored:temperate_grove. 
[19:18:05] [Thread-3/WARN]: Incorrect key -----------------MIDDLE_BIOMES_VARIANT--------------------.neutral_wet was corrected from null to its default, regions_unexplored:pine_taiga. 
[19:18:05] [Thread-3/WARN]: Incorrect key -----------------MIDDLE_BIOMES_VARIANT--------------------.neutral_humid was corrected from null to its default, regions_unexplored:blackwood_taiga. 
[19:18:05] [Thread-3/WARN]: Incorrect key -----------------MIDDLE_BIOMES_VARIANT--------------------.warm_arid was corrected from null to its default, regions_unexplored:prairie. 
[19:18:05] [Thread-3/WARN]: Incorrect key -----------------MIDDLE_BIOMES_VARIANT--------------------.warm_dry was corrected from null to its default, regions_unexplored:deciduous_forest. 
[19:18:05] [Thread-3/WARN]: Incorrect key -----------------MIDDLE_BIOMES_VARIANT--------------------.warm_neutral was corrected from null to its default, regions_unexplored:grassland. 
[19:18:05] [Thread-3/WARN]: Incorrect key -----------------MIDDLE_BIOMES_VARIANT--------------------.warm_wet was corrected from null to its default, regions_unexplored:redwoods. 
[19:18:05] [Thread-3/WARN]: Incorrect key -----------------MIDDLE_BIOMES_VARIANT--------------------.warm_humid was corrected from null to its default, regions_unexplored:sparse_redwoods. 
[19:18:05] [Thread-3/WARN]: Incorrect key -----------------MIDDLE_BIOMES_VARIANT--------------------.hot_arid was corrected from null to its default, regions_unexplored:baobab_savanna. 
[19:18:05] [Thread-3/WARN]: Incorrect key -----------------MIDDLE_BIOMES_VARIANT--------------------.hot_dry was corrected from null to its default, regions_unexplored:baobab_savanna. 
[19:18:05] [Thread-3/WARN]: Incorrect key -----------------MIDDLE_BIOMES_VARIANT--------------------.hot_neutral was corrected from null to its default, regions_unexplored:saguaro_desert. 
[19:18:05] [Thread-3/WARN]: Incorrect key -----------------MIDDLE_BIOMES_VARIANT--------------------.hot_wet was corrected from null to its default, regions_unexplored:outback. 
[19:18:05] [Thread-3/WARN]: Incorrect key -----------------MIDDLE_BIOMES_VARIANT--------------------.hot_humid was corrected from null to its default, regions_unexplored:eucalyptus_forest. 
[19:18:05] [Thread-3/WARN]: Incorrect key -----------------PLATEAU_BIOMES-------------------- was corrected from null to its default, SimpleCommentedConfig:{}. 
[19:18:05] [Thread-3/WARN]: Incorrect key -----------------PLATEAU_BIOMES--------------------.icy_arid was corrected from null to its default, regions_unexplored:icy_heights. 
[19:18:05] [Thread-3/WARN]: Incorrect key -----------------PLATEAU_BIOMES--------------------.icy_dry was corrected from null to its default, regions_unexplored:icy_heights. 
[19:18:05] [Thread-3/WARN]: Incorrect key -----------------PLATEAU_BIOMES--------------------.icy_neutral was corrected from null to its default, regions_unexplored:icy_heights. 
[19:18:05] [Thread-3/WARN]: Incorrect key -----------------PLATEAU_BIOMES--------------------.icy_wet was corrected from null to its default, regions_unexplored:icy_heights. 
[19:18:05] [Thread-3/WARN]: Incorrect key -----------------PLATEAU_BIOMES--------------------.icy_humid was corrected from null to its default, regions_unexplored:cold_boreal_taiga. 
[19:18:05] [Thread-3/WARN]: Incorrect key -----------------PLATEAU_BIOMES--------------------.cool_arid was corrected from null to its default, regions_unexplored:autumnal_maple_forest. 
[19:18:05] [Thread-3/WARN]: Incorrect key -----------------PLATEAU_BIOMES--------------------.cool_dry was corrected from null to its default, regions_unexplored:autumnal_maple_forest. 
[19:18:05] [Thread-3/WARN]: Incorrect key -----------------PLATEAU_BIOMES--------------------.cool_neutral was corrected from null to its default, regions_unexplored:maple_forest. 
[19:18:05] [Thread-3/WARN]: Incorrect key -----------------PLATEAU_BIOMES--------------------.cool_wet was corrected from null to its default, regions_unexplored:boreal_taiga. 
[19:18:05] [Thread-3/WARN]: Incorrect key -----------------PLATEAU_BIOMES--------------------.cool_humid was corrected from null to its default, regions_unexplored:boreal_taiga. 
[19:18:05] [Thread-3/WARN]: Incorrect key -----------------PLATEAU_BIOMES--------------------.neutral_arid was corrected from null to its default, regions_unexplored:highland_fields. 
[19:18:05] [Thread-3/WARN]: Incorrect key -----------------PLATEAU_BIOMES--------------------.neutral_dry was corrected from null to its default, regions_unexplored:highland_fields. 
[19:18:05] [Thread-3/WARN]: Incorrect key -----------------PLATEAU_BIOMES--------------------.neutral_neutral was corrected from null to its default, regions_unexplored:highland_fields. 
[19:18:05] [Thread-3/WARN]: Incorrect key -----------------PLATEAU_BIOMES--------------------.neutral_wet was corrected from null to its default, regions_unexplored:highland_fields. 
[19:18:05] [Thread-3/WARN]: Incorrect key -----------------PLATEAU_BIOMES--------------------.neutral_humid was corrected from null to its default, regions_unexplored:blackwood_taiga. 
[19:18:05] [Thread-3/WARN]: Incorrect key -----------------PLATEAU_BIOMES--------------------.warm_arid was corrected from null to its default, regions_unexplored:barley_fields. 
[19:18:05] [Thread-3/WARN]: Incorrect key -----------------PLATEAU_BIOMES--------------------.warm_dry was corrected from null to its default, regions_unexplored:deciduous_forest. 
[19:18:05] [Thread-3/WARN]: Incorrect key -----------------PLATEAU_BIOMES--------------------.warm_neutral was corrected from null to its default, regions_unexplored:deciduous_forest. 
[19:18:05] [Thread-3/WARN]: Incorrect key -----------------PLATEAU_BIOMES--------------------.warm_wet was corrected from null to its default, regions_unexplored:redwoods. 
[19:18:05] [Thread-3/WARN]: Incorrect key -----------------PLATEAU_BIOMES--------------------.warm_humid was corrected from null to its default, regions_unexplored:redwoods. 
[19:18:05] [Thread-3/WARN]: Incorrect key -----------------PLATEAU_BIOMES--------------------.hot_arid was corrected from null to its default, regions_unexplored:steppe. 
[19:18:05] [Thread-3/WARN]: Incorrect key -----------------PLATEAU_BIOMES--------------------.hot_dry was corrected from null to its default, regions_unexplored:steppe. 
[19:18:05] [Thread-3/WARN]: Incorrect key -----------------PLATEAU_BIOMES--------------------.hot_neutral was corrected from null to its default, regions_unexplored:saguaro_desert. 
[19:18:05] [Thread-3/WARN]: Incorrect key -----------------PLATEAU_BIOMES--------------------.hot_wet was corrected from null to its default, regions_unexplored:eucalyptus_forest. 
[19:18:05] [Thread-3/WARN]: Incorrect key -----------------PLATEAU_BIOMES--------------------.hot_humid was corrected from null to its default, regions_unexplored:eucalyptus_forest. 
[19:18:05] [Thread-3/WARN]: Incorrect key -----------------PLATEAU_BIOMES_VARIANT-------------------- was corrected from null to its default, SimpleCommentedConfig:{}. 
[19:18:05] [Thread-3/WARN]: Incorrect key -----------------PLATEAU_BIOMES_VARIANT--------------------.icy_arid was corrected from null to its default, regions_unexplored:icy_heights. 
[19:18:05] [Thread-3/WARN]: Incorrect key -----------------PLATEAU_BIOMES_VARIANT--------------------.icy_dry was corrected from null to its default, regions_unexplored:icy_heights. 
[19:18:05] [Thread-3/WARN]: Incorrect key -----------------PLATEAU_BIOMES_VARIANT--------------------.icy_neutral was corrected from null to its default, regions_unexplored:icy_heights. 
[19:18:05] [Thread-3/WARN]: Incorrect key -----------------PLATEAU_BIOMES_VARIANT--------------------.icy_wet was corrected from null to its default, regions_unexplored:icy_heights. 
[19:18:05] [Thread-3/WARN]: Incorrect key -----------------PLATEAU_BIOMES_VARIANT--------------------.icy_humid was corrected from null to its default, regions_unexplored:spires. 
[19:18:05] [Thread-3/WARN]: Incorrect key -----------------PLATEAU_BIOMES_VARIANT--------------------.cool_arid was corrected from null to its default, regions_unexplored:autumnal_maple_forest. 
[19:18:05] [Thread-3/WARN]: Incorrect key -----------------PLATEAU_BIOMES_VARIANT--------------------.cool_dry was corrected from null to its default, regions_unexplored:autumnal_maple_forest. 
[19:18:05] [Thread-3/WARN]: Incorrect key -----------------PLATEAU_BIOMES_VARIANT--------------------.cool_neutral was corrected from null to its default, regions_unexplored:maple_forest. 
[19:18:05] [Thread-3/WARN]: Incorrect key -----------------PLATEAU_BIOMES_VARIANT--------------------.cool_wet was corrected from null to its default, regions_unexplored:boreal_taiga. 
[19:18:05] [Thread-3/WARN]: Incorrect key -----------------PLATEAU_BIOMES_VARIANT--------------------.cool_humid was corrected from null to its default, regions_unexplored:golden_boreal_taiga. 
[19:18:05] [Thread-3/WARN]: Incorrect key -----------------PLATEAU_BIOMES_VARIANT--------------------.neutral_arid was corrected from null to its default, regions_unexplored:orchard. 
[19:18:05] [Thread-3/WARN]: Incorrect key -----------------PLATEAU_BIOMES_VARIANT--------------------.neutral_dry was corrected from null to its default, regions_unexplored:highland_fields. 
[19:18:05] [Thread-3/WARN]: Incorrect key -----------------PLATEAU_BIOMES_VARIANT--------------------.neutral_neutral was corrected from null to its default, regions_unexplored:temperate_grove. 
[19:18:05] [Thread-3/WARN]: Incorrect key -----------------PLATEAU_BIOMES_VARIANT--------------------.neutral_wet was corrected from null to its default, regions_unexplored:pine_taiga. 
[19:18:05] [Thread-3/WARN]: Incorrect key -----------------PLATEAU_BIOMES_VARIANT--------------------.neutral_humid was corrected from null to its default, regions_unexplored:blackwood_taiga. 
[19:18:05] [Thread-3/WARN]: Incorrect key -----------------PLATEAU_BIOMES_VARIANT--------------------.warm_arid was corrected from null to its default, regions_unexplored:deciduous_forest. 
[19:18:05] [Thread-3/WARN]: Incorrect key -----------------PLATEAU_BIOMES_VARIANT--------------------.warm_dry was corrected from null to its default, regions_unexplored:deciduous_forest. 
[19:18:05] [Thread-3/WARN]: Incorrect key -----------------PLATEAU_BIOMES_VARIANT--------------------.warm_neutral was corrected from null to its default, regions_unexplored:deciduous_forest. 
[19:18:05] [Thread-3/WARN]: Incorrect key -----------------PLATEAU_BIOMES_VARIANT--------------------.warm_wet was corrected from null to its default, regions_unexplored:redwoods. 
[19:18:05] [Thread-3/WARN]: Incorrect key -----------------PLATEAU_BIOMES_VARIANT--------------------.warm_humid was corrected from null to its default, regions_unexplored:sparse_redwoods. 
[19:18:05] [Thread-3/WARN]: Incorrect key -----------------PLATEAU_BIOMES_VARIANT--------------------.hot_arid was corrected from null to its default, regions_unexplored:steppe. 
[19:18:05] [Thread-3/WARN]: Incorrect key -----------------PLATEAU_BIOMES_VARIANT--------------------.hot_dry was corrected from null to its default, regions_unexplored:steppe. 
[19:18:05] [Thread-3/WARN]: Incorrect key -----------------PLATEAU_BIOMES_VARIANT--------------------.hot_neutral was corrected from null to its default, regions_unexplored:saguaro_desert. 
[19:18:05] [Thread-3/WARN]: Incorrect key -----------------PLATEAU_BIOMES_VARIANT--------------------.hot_wet was corrected from null to its default, regions_unexplored:eucalyptus_forest. 
[19:18:05] [Thread-3/WARN]: Incorrect key -----------------PLATEAU_BIOMES_VARIANT--------------------.hot_humid was corrected from null to its default, regions_unexplored:eucalyptus_forest. 
[19:18:05] [Thread-3/WARN]: Incorrect key -----------------SHATTERED_BIOMES-------------------- was corrected from null to its default, SimpleCommentedConfig:{}. 
[19:18:05] [Thread-3/WARN]: Incorrect key -----------------SHATTERED_BIOMES--------------------.icy_arid was corrected from null to its default, regions_unexplored:icy_heights. 
[19:18:05] [Thread-3/WARN]: Incorrect key -----------------SHATTERED_BIOMES--------------------.icy_dry was corrected from null to its default, regions_unexplored:icy_heights. 
[19:18:05] [Thread-3/WARN]: Incorrect key -----------------SHATTERED_BIOMES--------------------.icy_neutral was corrected from null to its default, regions_unexplored:icy_heights. 
[19:18:05] [Thread-3/WARN]: Incorrect key -----------------SHATTERED_BIOMES--------------------.icy_wet was corrected from null to its default, regions_unexplored:icy_heights. 
[19:18:05] [Thread-3/WARN]: Incorrect key -----------------SHATTERED_BIOMES--------------------.icy_humid was corrected from null to its default, regions_unexplored:icy_heights. 
[19:18:05] [Thread-3/WARN]: Incorrect key -----------------SHATTERED_BIOMES--------------------.cool_arid was corrected from null to its default, regions_unexplored:towering_cliffs. 
[19:18:05] [Thread-3/WARN]: Incorrect key -----------------SHATTERED_BIOMES--------------------.cool_dry was corrected from null to its default, regions_unexplored:towering_cliffs. 
[19:18:05] [Thread-3/WARN]: Incorrect key -----------------SHATTERED_BIOMES--------------------.cool_neutral was corrected from null to its default, regions_unexplored:towering_cliffs. 
[19:18:05] [Thread-3/WARN]: Incorrect key -----------------SHATTERED_BIOMES--------------------.cool_wet was corrected from null to its default, regions_unexplored:towering_cliffs. 
[19:18:05] [Thread-3/WARN]: Incorrect key -----------------SHATTERED_BIOMES--------------------.cool_humid was corrected from null to its default, regions_unexplored:towering_cliffs. 
[19:18:05] [Thread-3/WARN]: Incorrect key -----------------SHATTERED_BIOMES--------------------.neutral_arid was corrected from null to its default, regions_unexplored:towering_cliffs. 
[19:18:05] [Thread-3/WARN]: Incorrect key -----------------SHATTERED_BIOMES--------------------.neutral_dry was corrected from null to its default, regions_unexplored:towering_cliffs. 
[19:18:05] [Thread-3/WARN]: Incorrect key -----------------SHATTERED_BIOMES--------------------.neutral_neutral was corrected from null to its default, regions_unexplored:towering_cliffs. 
[19:18:05] [Thread-3/WARN]: Incorrect key -----------------SHATTERED_BIOMES--------------------.neutral_wet was corrected from null to its default, regions_unexplored:towering_cliffs. 
[19:18:05] [Thread-3/WARN]: Incorrect key -----------------SHATTERED_BIOMES--------------------.neutral_humid was corrected from null to its default, regions_unexplored:towering_cliffs. 
[19:18:05] [Thread-3/WARN]: Incorrect key -----------------SHATTERED_BIOMES--------------------.warm_arid was corrected from null to its default, regions_unexplored:barley_fields. 
[19:18:05] [Thread-3/WARN]: Incorrect key -----------------SHATTERED_BIOMES--------------------.warm_dry was corrected from null to its default, regions_unexplored:deciduous_forest. 
[19:18:05] [Thread-3/WARN]: Incorrect key -----------------SHATTERED_BIOMES--------------------.warm_neutral was corrected from null to its default, regions_unexplored:deciduous_forest. 
[19:18:05] [Thread-3/WARN]: Incorrect key -----------------SHATTERED_BIOMES--------------------.warm_wet was corrected from null to its default, regions_unexplored:sparse_redwoods. 
[19:18:05] [Thread-3/WARN]: Incorrect key -----------------SHATTERED_BIOMES--------------------.warm_humid was corrected from null to its default, regions_unexplored:sparse_redwoods. 
[19:18:05] [Thread-3/WARN]: Incorrect key -----------------SHATTERED_BIOMES--------------------.hot_arid was corrected from null to its default, regions_unexplored:steppe. 
[19:18:05] [Thread-3/WARN]: Incorrect key -----------------SHATTERED_BIOMES--------------------.hot_dry was corrected from null to its default, regions_unexplored:steppe. 
[19:18:05] [Thread-3/WARN]: Incorrect key -----------------SHATTERED_BIOMES--------------------.hot_neutral was corrected from null to its default, regions_unexplored:saguaro_desert. 
[19:18:05] [Thread-3/WARN]: Incorrect key -----------------SHATTERED_BIOMES--------------------.hot_wet was corrected from null to its default, regions_unexplored:eucalyptus_forest. 
[19:18:05] [Thread-3/WARN]: Incorrect key -----------------SHATTERED_BIOMES--------------------.hot_humid was corrected from null to its default, regions_unexplored:eucalyptus_forest. 
[19:18:05] [Thread-3/WARN]: Incorrect key -----------------SLOPE_BIOMES-------------------- was corrected from null to its default, SimpleCommentedConfig:{}. 
[19:18:05] [Thread-3/WARN]: Incorrect key -----------------SLOPE_BIOMES--------------------.icy_slope_biome was corrected from null to its default, minecraft:snowy_slopes. 
[19:18:05] [Thread-3/WARN]: Incorrect key -----------------SLOPE_BIOMES--------------------.cold_slope_biome was corrected from null to its default, minecraft:grove. 
[19:18:05] [Thread-3/WARN]: Incorrect key -----------------SLOPE_BIOMES--------------------.neutral_slope_biome was corrected from null to its default, regions_unexplored:pine_slopes. 
[19:18:05] [Thread-3/WARN]: Incorrect key -----------------SLOPE_BIOMES--------------------.warm_slope_biome was corrected from null to its default, regions_unexplored:deciduous_forest. 
[19:18:05] [Thread-3/WARN]: Incorrect key -----------------SLOPE_BIOMES--------------------.hot_slope_biome was corrected from null to its default, regions_unexplored:eucalyptus_forest. 
[19:18:05] [Thread-3/WARN]: Incorrect key -----------------SLOPE_BIOMES--------------------.icy_slope_biome_variant was corrected from null to its default, regions_unexplored:cold_deciduous_forest. 
[19:18:05] [Thread-3/WARN]: Incorrect key -----------------SLOPE_BIOMES--------------------.cold_slope_biome_variant was corrected from null to its default, regions_unexplored:pine_slopes. 
[19:18:05] [Thread-3/WARN]: Incorrect key -----------------SLOPE_BIOMES--------------------.neutral_slope_biome_variant was corrected from null to its default, regions_unexplored:pine_slopes. 
[19:18:05] [Thread-3/WARN]: Incorrect key -----------------SLOPE_BIOMES--------------------.warm_slope_biome_variant was corrected from null to its default, regions_unexplored:deciduous_forest. 
[19:18:05] [Thread-3/WARN]: Incorrect key -----------------SLOPE_BIOMES--------------------.hot_slope_biome_variant was corrected from null to its default, regions_unexplored:eucalyptus_forest. 
[19:18:05] [Thread-3/WARN]: Incorrect key -----------------PEAK_BIOMES-------------------- was corrected from null to its default, SimpleCommentedConfig:{}. 
[19:18:05] [Thread-3/WARN]: Incorrect key -----------------PEAK_BIOMES--------------------.icy_peak_biome was corrected from null to its default, minecraft:frozen_peaks. 
[19:18:05] [Thread-3/WARN]: Incorrect key -----------------PEAK_BIOMES--------------------.cold_peak_biome was corrected from null to its default, minecraft:jagged_peaks. 
[19:18:05] [Thread-3/WARN]: Incorrect key -----------------PEAK_BIOMES--------------------.neutral_peak_biome was corrected from null to its default, regions_unexplored:mountains. 
[19:18:05] [Thread-3/WARN]: Incorrect key -----------------PEAK_BIOMES--------------------.warm_peak_biome was corrected from null to its default, minecraft:stony_peaks. 
[19:18:05] [Thread-3/WARN]: Incorrect key -----------------PEAK_BIOMES--------------------.hot_peak_biome was corrected from null to its default, regions_unexplored:arid_mountains. 
[19:18:05] [Thread-3/WARN]: Incorrect key -----------------PEAK_BIOMES--------------------.icy_peak_biome_variant was corrected from null to its default, minecraft:jagged_peaks. 
[19:18:05] [Thread-3/WARN]: Incorrect key -----------------PEAK_BIOMES--------------------.cold_peak_biome_variant was corrected from null to its default, regions_unexplored:mountains. 
[19:18:05] [Thread-3/WARN]: Incorrect key -----------------PEAK_BIOMES--------------------.neutral_peak_biome_variant was corrected from null to its default, regions_unexplored:mountains. 
[19:18:05] [Thread-3/WARN]: Incorrect key -----------------PEAK_BIOMES--------------------.warm_peak_biome_variant was corrected from null to its default, minecraft:stony_peaks. 
[19:18:05] [Thread-3/WARN]: Incorrect key -----------------PEAK_BIOMES--------------------.hot_peak_biome_variant was corrected from null to its default, regions_unexplored:arid_mountains. 
[19:18:05] [Thread-3/WARN]: Incorrect key -----------------RIVER_BIOMES-------------------- was corrected from null to its default, SimpleCommentedConfig:{}. 
[19:18:05] [Thread-3/WARN]: Incorrect key -----------------RIVER_BIOMES--------------------.icy_arid was corrected from null to its default, minecraft:frozen_river. 
[19:18:05] [Thread-3/WARN]: Incorrect key -----------------RIVER_BIOMES--------------------.icy_dry was corrected from null to its default, minecraft:frozen_river. 
[19:18:05] [Thread-3/WARN]: Incorrect key -----------------RIVER_BIOMES--------------------.icy_neutral was corrected from null to its default, minecraft:frozen_river. 
[19:18:05] [Thread-3/WARN]: Incorrect key -----------------RIVER_BIOMES--------------------.icy_wet was corrected from null to its default, minecraft:frozen_river. 
[19:18:05] [Thread-3/WARN]: Incorrect key -----------------RIVER_BIOMES--------------------.icy_humid was corrected from null to its default, regions_unexplored:cold_river. 
[19:18:05] [Thread-3/WARN]: Incorrect key -----------------RIVER_BIOMES--------------------.cool_arid was corrected from null to its default, regions_unexplored:cold_river. 
[19:18:05] [Thread-3/WARN]: Incorrect key -----------------RIVER_BIOMES--------------------.cool_dry was corrected from null to its default, regions_unexplored:cold_river. 
[19:18:05] [Thread-3/WARN]: Incorrect key -----------------RIVER_BIOMES--------------------.cool_neutral was corrected from null to its default, regions_unexplored:muddy_river. 
[19:18:05] [Thread-3/WARN]: Incorrect key -----------------RIVER_BIOMES--------------------.cool_wet was corrected from null to its default, regions_unexplored:muddy_river. 
[19:18:05] [Thread-3/WARN]: Incorrect key -----------------RIVER_BIOMES--------------------.cool_humid was corrected from null to its default, regions_unexplored:muddy_river. 
[19:18:05] [Thread-3/WARN]: Incorrect key -----------------RIVER_BIOMES--------------------.neutral_arid was corrected from null to its default, minecraft:river. 
[19:18:05] [Thread-3/WARN]: Incorrect key -----------------RIVER_BIOMES--------------------.neutral_dry was corrected from null to its default, minecraft:river. 
[19:18:05] [Thread-3/WARN]: Incorrect key -----------------RIVER_BIOMES--------------------.neutral_neutral was corrected from null to its default, minecraft:river. 
[19:18:05] [Thread-3/WARN]: Incorrect key -----------------RIVER_BIOMES--------------------.neutral_wet was corrected from null to its default, minecraft:river. 
[19:18:05] [Thread-3/WARN]: Incorrect key -----------------RIVER_BIOMES--------------------.neutral_humid was corrected from null to its default, regions_unexplored:blackwood_taiga. 
[19:18:05] [Thread-3/WARN]: Incorrect key -----------------RIVER_BIOMES--------------------.warm_arid was corrected from null to its default, minecraft:river. 
[19:18:05] [Thread-3/WARN]: Incorrect key -----------------RIVER_BIOMES--------------------.warm_dry was corrected from null to its default, minecraft:river. 
[19:18:05] [Thread-3/WARN]: Incorrect key -----------------RIVER_BIOMES--------------------.warm_neutral was corrected from null to its default, minecraft:river. 
[19:18:05] [Thread-3/WARN]: Incorrect key -----------------RIVER_BIOMES--------------------.warm_wet was corrected from null to its default, minecraft:river. 
[19:18:05] [Thread-3/WARN]: Incorrect key -----------------RIVER_BIOMES--------------------.warm_humid was corrected from null to its default, minecraft:river. 
[19:18:05] [Thread-3/WARN]: Incorrect key -----------------RIVER_BIOMES--------------------.hot_arid was corrected from null to its default, minecraft:river. 
[19:18:05] [Thread-3/WARN]: Incorrect key -----------------RIVER_BIOMES--------------------.hot_dry was corrected from null to its default, minecraft:river. 
[19:18:05] [Thread-3/WARN]: Incorrect key -----------------RIVER_BIOMES--------------------.hot_neutral was corrected from null to its default, regions_unexplored:tropical_river. 
[19:18:05] [Thread-3/WARN]: Incorrect key -----------------RIVER_BIOMES--------------------.hot_wet was corrected from null to its default, regions_unexplored:tropical_river. 
[19:18:05] [Thread-3/WARN]: Incorrect key -----------------RIVER_BIOMES--------------------.hot_humid was corrected from null to its default, regions_unexplored:tropical_river. 
[19:18:05] [Thread-3/WARN]: Incorrect key -----------------RIVER_BIOMES_VARIANT-------------------- was corrected from null to its default, SimpleCommentedConfig:{}. 
[19:18:05] [Thread-3/WARN]: Incorrect key -----------------RIVER_BIOMES_VARIANT--------------------.icy_arid was corrected from null to its default, minecraft:frozen_river. 
[19:18:05] [Thread-3/WARN]: Incorrect key -----------------RIVER_BIOMES_VARIANT--------------------.icy_dry was corrected from null to its default, minecraft:frozen_river. 
[19:18:05] [Thread-3/WARN]: Incorrect key -----------------RIVER_BIOMES_VARIANT--------------------.icy_neutral was corrected from null to its default, minecraft:frozen_river. 
[19:18:05] [Thread-3/WARN]: Incorrect key -----------------RIVER_BIOMES_VARIANT--------------------.icy_wet was corrected from null to its default, minecraft:frozen_river. 
[19:18:05] [Thread-3/WARN]: Incorrect key -----------------RIVER_BIOMES_VARIANT--------------------.icy_humid was corrected from null to its default, regions_unexplored:cold_river. 
[19:18:05] [Thread-3/WARN]: Incorrect key -----------------RIVER_BIOMES_VARIANT--------------------.cool_arid was corrected from null to its default, regions_unexplored:cold_river. 
[19:18:05] [Thread-3/WARN]: Incorrect key -----------------RIVER_BIOMES_VARIANT--------------------.cool_dry was corrected from null to its default, regions_unexplored:cold_river. 
[19:18:05] [Thread-3/WARN]: Incorrect key -----------------RIVER_BIOMES_VARIANT--------------------.cool_neutral was corrected from null to its default, regions_unexplored:muddy_river. 
[19:18:05] [Thread-3/WARN]: Incorrect key -----------------RIVER_BIOMES_VARIANT--------------------.cool_wet was corrected from null to its default, regions_unexplored:muddy_river. 
[19:18:05] [Thread-3/WARN]: Incorrect key -----------------RIVER_BIOMES_VARIANT--------------------.cool_humid was corrected from null to its default, regions_unexplored:muddy_river. 
[19:18:05] [Thread-3/WARN]: Incorrect key -----------------RIVER_BIOMES_VARIANT--------------------.neutral_arid was corrected from null to its default, minecraft:river. 
[19:18:05] [Thread-3/WARN]: Incorrect key -----------------RIVER_BIOMES_VARIANT--------------------.neutral_dry was corrected from null to its default, minecraft:river. 
[19:18:05] [Thread-3/WARN]: Incorrect key -----------------RIVER_BIOMES_VARIANT--------------------.neutral_neutral was corrected from null to its default, minecraft:river. 
[19:18:05] [Thread-3/WARN]: Incorrect key -----------------RIVER_BIOMES_VARIANT--------------------.neutral_wet was corrected from null to its default, minecraft:river. 
[19:18:05] [Thread-3/WARN]: Incorrect key -----------------RIVER_BIOMES_VARIANT--------------------.neutral_humid was corrected from null to its default, regions_unexplored:blackwood_taiga. 
[19:18:05] [Thread-3/WARN]: Incorrect key -----------------RIVER_BIOMES_VARIANT--------------------.warm_arid was corrected from null to its default, minecraft:river. 
[19:18:05] [Thread-3/WARN]: Incorrect key -----------------RIVER_BIOMES_VARIANT--------------------.warm_dry was corrected from null to its default, minecraft:river. 
[19:18:05] [Thread-3/WARN]: Incorrect key -----------------RIVER_BIOMES_VARIANT--------------------.warm_neutral was corrected from null to its default, minecraft:river. 
[19:18:05] [Thread-3/WARN]: Incorrect key -----------------RIVER_BIOMES_VARIANT--------------------.warm_wet was corrected from null to its default, minecraft:river. 
[19:18:05] [Thread-3/WARN]: Incorrect key -----------------RIVER_BIOMES_VARIANT--------------------.warm_humid was corrected from null to its default, minecraft:river. 
[19:18:05] [Thread-3/WARN]: Incorrect key -----------------RIVER_BIOMES_VARIANT--------------------.hot_arid was corrected from null to its default, minecraft:river. 
[19:18:05] [Thread-3/WARN]: Incorrect key -----------------RIVER_BIOMES_VARIANT--------------------.hot_dry was corrected from null to its default, minecraft:river. 
[19:18:05] [Thread-3/WARN]: Incorrect key -----------------RIVER_BIOMES_VARIANT--------------------.hot_neutral was corrected from null to its default, regions_unexplored:tropical_river. 
[19:18:05] [Thread-3/WARN]: Incorrect key -----------------RIVER_BIOMES_VARIANT--------------------.hot_wet was corrected from null to its default, regions_unexplored:tropical_river. 
[19:18:05] [Thread-3/WARN]: Incorrect key -----------------RIVER_BIOMES_VARIANT--------------------.hot_humid was corrected from null to its default, regions_unexplored:tropical_river. 
[19:18:05] [Thread-3/WARN]: Incorrect key -----------------SWAMP_BIOMES-------------------- was corrected from null to its default, SimpleCommentedConfig:{}. 
[19:18:05] [Thread-3/WARN]: Incorrect key -----------------SWAMP_BIOMES--------------------.icy_arid was corrected from null to its default, regions_unexplored:spires. 
[19:18:05] [Thread-3/WARN]: Incorrect key -----------------SWAMP_BIOMES--------------------.icy_dry was corrected from null to its default, regions_unexplored:spires. 
[19:18:05] [Thread-3/WARN]: Incorrect key -----------------SWAMP_BIOMES--------------------.icy_neutral was corrected from null to its default, regions_unexplored:spires. 
[19:18:05] [Thread-3/WARN]: Incorrect key -----------------SWAMP_BIOMES--------------------.icy_wet was corrected from null to its default, regions_unexplored:spires. 
[19:18:05] [Thread-3/WARN]: Incorrect key -----------------SWAMP_BIOMES--------------------.icy_humid was corrected from null to its default, regions_unexplored:spires. 
[19:18:05] [Thread-3/WARN]: Incorrect key -----------------SWAMP_BIOMES--------------------.cool_arid was corrected from null to its default, regions_unexplored:fen. 
[19:18:05] [Thread-3/WARN]: Incorrect key -----------------SWAMP_BIOMES--------------------.cool_dry was corrected from null to its default, regions_unexplored:fen. 
[19:18:05] [Thread-3/WARN]: Incorrect key -----------------SWAMP_BIOMES--------------------.cool_neutral was corrected from null to its default, regions_unexplored:fen. 
[19:18:05] [Thread-3/WARN]: Incorrect key -----------------SWAMP_BIOMES--------------------.cool_wet was corrected from null to its default, regions_unexplored:fen. 
[19:18:05] [Thread-3/WARN]: Incorrect key -----------------SWAMP_BIOMES--------------------.cool_humid was corrected from null to its default, regions_unexplored:fen. 
[19:18:05] [Thread-3/WARN]: Incorrect key -----------------SWAMP_BIOMES--------------------.neutral_arid was corrected from null to its default, regions_unexplored:old_growth_bayou. 
[19:18:05] [Thread-3/WARN]: Incorrect key -----------------SWAMP_BIOMES--------------------.neutral_dry was corrected from null to its default, regions_unexplored:bayou. 
[19:18:05] [Thread-3/WARN]: Incorrect key -----------------SWAMP_BIOMES--------------------.neutral_neutral was corrected from null to its default, regions_unexplored:bayou. 
[19:18:05] [Thread-3/WARN]: Incorrect key -----------------SWAMP_BIOMES--------------------.neutral_wet was corrected from null to its default, regions_unexplored:bayou. 
[19:18:05] [Thread-3/WARN]: Incorrect key -----------------SWAMP_BIOMES--------------------.neutral_humid was corrected from null to its default, regions_unexplored:old_growth_bayou. 
[19:18:05] [Thread-3/WARN]: Incorrect key -----------------SWAMP_BIOMES--------------------.warm_arid was corrected from null to its default, regions_unexplored:marsh. 
[19:18:05] [Thread-3/WARN]: Incorrect key -----------------SWAMP_BIOMES--------------------.warm_dry was corrected from null to its default, regions_unexplored:marsh. 
[19:18:05] [Thread-3/WARN]: Incorrect key -----------------SWAMP_BIOMES--------------------.warm_neutral was corrected from null to its default, regions_unexplored:marsh. 
[19:18:05] [Thread-3/WARN]: Incorrect key -----------------SWAMP_BIOMES--------------------.warm_wet was corrected from null to its default, regions_unexplored:marsh. 
[19:18:05] [Thread-3/WARN]: Incorrect key -----------------SWAMP_BIOMES--------------------.warm_humid was corrected from null to its default, regions_unexplored:marsh. 
[19:18:05] [Thread-3/WARN]: Incorrect key -----------------SWAMP_BIOMES--------------------.hot_arid was corrected from null to its default, regions_unexplored:fungal_fen. 
[19:18:05] [Thread-3/WARN]: Incorrect key -----------------SWAMP_BIOMES--------------------.hot_dry was corrected from null to its default, regions_unexplored:fungal_fen. 
[19:18:05] [Thread-3/WARN]: Incorrect key -----------------SWAMP_BIOMES--------------------.hot_neutral was corrected from null to its default, regions_unexplored:fungal_fen. 
[19:18:05] [Thread-3/WARN]: Incorrect key -----------------SWAMP_BIOMES--------------------.hot_wet was corrected from null to its default, regions_unexplored:fungal_fen. 
[19:18:05] [Thread-3/WARN]: Incorrect key -----------------SWAMP_BIOMES--------------------.hot_humid was corrected from null to its default, regions_unexplored:fungal_fen. 
[19:18:05] [Thread-3/WARN]: Incorrect key -----------------OCEAN_BIOMES-------------------- was corrected from null to its default, SimpleCommentedConfig:{}. 
[19:18:05] [Thread-3/WARN]: Incorrect key -----------------OCEAN_BIOMES--------------------.deep_icy was corrected from null to its default, regions_unexplored:hyacinth_deeps. 
[19:18:05] [Thread-3/WARN]: Incorrect key -----------------OCEAN_BIOMES--------------------.deep_cool was corrected from null to its default, minecraft:deep_cold_ocean. 
[19:18:05] [Thread-3/WARN]: Incorrect key -----------------OCEAN_BIOMES--------------------.deep_neutral was corrected from null to its default, minecraft:deep_ocean. 
[19:18:05] [Thread-3/WARN]: Incorrect key -----------------OCEAN_BIOMES--------------------.deep_warm was corrected from null to its default, minecraft:deep_lukewarm_ocean. 
[19:18:05] [Thread-3/WARN]: Incorrect key -----------------OCEAN_BIOMES--------------------.deep_hot was corrected from null to its default, minecraft:warm_ocean. 
[19:18:05] [Thread-3/WARN]: Incorrect key -----------------OCEAN_BIOMES--------------------.icy was corrected from null to its default, minecraft:frozen_ocean. 
[19:18:05] [Thread-3/WARN]: Incorrect key -----------------OCEAN_BIOMES--------------------.cool was corrected from null to its default, minecraft:cold_ocean. 
[19:18:05] [Thread-3/WARN]: Incorrect key -----------------OCEAN_BIOMES--------------------.neutral was corrected from null to its default, minecraft:ocean. 
[19:18:05] [Thread-3/WARN]: Incorrect key -----------------OCEAN_BIOMES--------------------.warm was corrected from null to its default, minecraft:lukewarm_ocean. 
[19:18:05] [Thread-3/WARN]: Incorrect key -----------------OCEAN_BIOMES--------------------.hot was corrected from null to its default, regions_unexplored:rocky_reef. 
[19:18:05] [Thread-3/WARN]: Incorrect key -----------------SHORE_BIOMES-------------------- was corrected from null to its default, SimpleCommentedConfig:{}. 
[19:18:05] [Thread-3/WARN]: Incorrect key -----------------SHORE_BIOMES--------------------.icy_beach_biome was corrected from null to its default, minecraft:snowy_beach. 
[19:18:05] [Thread-3/WARN]: Incorrect key -----------------SHORE_BIOMES--------------------.cold_beach_biome was corrected from null to its default, regions_unexplored:gravel_beach. 
[19:18:05] [Thread-3/WARN]: Incorrect key -----------------SHORE_BIOMES--------------------.neutral_beach_biome was corrected from null to its default, regions_unexplored:grassy_beach. 
[19:18:05] [Thread-3/WARN]: Incorrect key -----------------SHORE_BIOMES--------------------.warm_beach_biome was corrected from null to its default, regions_unexplored:grassy_beach. 
[19:18:05] [Thread-3/WARN]: Incorrect key -----------------SHORE_BIOMES--------------------.hot_beach_biome was corrected from null to its default, minecraft:beach. 
[19:18:05] [Thread-3/WARN]: Incorrect key -----------------SHORE_BIOMES--------------------.cold_stone_beach_biome was corrected from null to its default, minecraft:stony_shore. 
[19:18:05] [Thread-3/WARN]: Incorrect key -----------------SHORE_BIOMES--------------------.hot_stone_beach_biome was corrected from null to its default, regions_unexplored:chalk_cliffs. 
[19:18:05] [Thread-3/WARN]: Incorrect key -----------------UNDERGROUND_BIOMES-------------------- was corrected from null to its default, SimpleCommentedConfig:{}. 
[19:18:05] [Thread-3/WARN]: Incorrect key -----------------UNDERGROUND_BIOMES--------------------.cave_1_biome was corrected from null to its default, minecraft:lush_caves. 
[19:18:05] [Thread-3/WARN]: Incorrect key -----------------UNDERGROUND_BIOMES--------------------.cave_2_biome was corrected from null to its default, minecraft:dripstone_caves. 
[19:18:05] [Thread-3/WARN]: Incorrect key -----------------UNDERGROUND_BIOMES--------------------.cave_3_biome was corrected from null to its default, minecraft:deep_dark. 
[19:18:05] [Thread-3/WARN]: Incorrect key -----------------UNDERGROUND_BIOMES--------------------.cave_4_biome was corrected from null to its default, regions_unexplored:bioshroom_caves. 
[19:18:05] [Thread-3/WARN]: Incorrect key -----------------UNDERGROUND_BIOMES--------------------.cave_5_biome was corrected from null to its default, regions_unexplored:ancient_delta. 
[19:18:05] [Thread-3/WARN]: Incorrect key -----------------UNDERGROUND_BIOMES--------------------.cave_6_biome was corrected from null to its default, regions_unexplored:prismachasm. 
[19:18:05] [Thread-3/WARN]: Incorrect key -----------------UNDERGROUND_BIOMES--------------------.cave_7_biome was corrected from null to its default, regions_unexplored:redstone_caves. 
[19:18:05] [Thread-3/WARN]: Incorrect key -----------------UNDERGROUND_BIOMES--------------------.cave_8_biome was corrected from null to its default, regions_unexplored:scorching_caves. 
[19:18:05] [Thread-3/WARN]: Incorrect key -----------------ISLAND_BIOMES-------------------- was corrected from null to its default, SimpleCommentedConfig:{}. 
[19:18:05] [Thread-3/WARN]: Incorrect key -----------------ISLAND_BIOMES--------------------.icy_island_biome was corrected from null to its default, regions_unexplored:alpha_grove. 
[19:18:05] [Thread-3/WARN]: Incorrect key -----------------ISLAND_BIOMES--------------------.cool_island_biome was corrected from null to its default, regions_unexplored:alpha_grove. 
[19:18:05] [Thread-3/WARN]: Incorrect key -----------------ISLAND_BIOMES--------------------.neutral_island_biome was corrected from null to its default, regions_unexplored:ashen_woodland. 
[19:18:05] [Thread-3/WARN]: Incorrect key -----------------ISLAND_BIOMES--------------------.warm_island_biome was corrected from null to its default, regions_unexplored:tropics. 
[19:18:05] [Thread-3/WARN]: Incorrect key -----------------ISLAND_BIOMES--------------------.hot_island_biome was corrected from null to its default, regions_unexplored:tropics. 
[19:18:05] [Thread-3/WARN]: Incorrect key -----------------OTHER_BIOMES-------------------- was corrected from null to its default, SimpleCommentedConfig:{}. 
[19:18:05] [Thread-3/WARN]: Incorrect key -----------------OTHER_BIOMES--------------------.shattered_cliff_biome was corrected from null to its default, regions_unexplored:towering_cliffs. 
[19:18:05] [Thread-3/WARN]: Configuration file /workspaces/CraftCoso/servidor_minecraft/./config/regions_unexplored/regions_unexplored-primary-region.toml is not correct. Correcting
[19:18:05] [Thread-3/WARN]: Incorrect key -----------------MIDDLE_BIOMES-------------------- was corrected from null to its default, SimpleCommentedConfig:{}. 
[19:18:05] [Thread-3/WARN]: Incorrect key -----------------MIDDLE_BIOMES--------------------.icy_arid was corrected from null to its default, regions_unexplored:frozen_tundra. 
[19:18:05] [Thread-3/WARN]: Incorrect key -----------------MIDDLE_BIOMES--------------------.icy_dry was corrected from null to its default, regions_unexplored:frozen_tundra. 
[19:18:05] [Thread-3/WARN]: Incorrect key -----------------MIDDLE_BIOMES--------------------.icy_neutral was corrected from null to its default, regions_unexplored:frozen_pine_taiga. 
[19:18:05] [Thread-3/WARN]: Incorrect key -----------------MIDDLE_BIOMES--------------------.icy_wet was corrected from null to its default, regions_unexplored:cold_boreal_taiga. 
[19:18:05] [Thread-3/WARN]: Incorrect key -----------------MIDDLE_BIOMES--------------------.icy_humid was corrected from null to its default, regions_unexplored:cold_boreal_taiga. 
[19:18:05] [Thread-3/WARN]: Incorrect key -----------------MIDDLE_BIOMES--------------------.cool_arid was corrected from null to its default, regions_unexplored:pumpkin_fields. 
[19:18:05] [Thread-3/WARN]: Incorrect key -----------------MIDDLE_BIOMES--------------------.cool_dry was corrected from null to its default, regions_unexplored:autumnal_maple_forest. 
[19:18:05] [Thread-3/WARN]: Incorrect key -----------------MIDDLE_BIOMES--------------------.cool_neutral was corrected from null to its default, regions_unexplored:maple_forest. 
[19:18:05] [Thread-3/WARN]: Incorrect key -----------------MIDDLE_BIOMES--------------------.cool_wet was corrected from null to its default, regions_unexplored:boreal_taiga. 
[19:18:05] [Thread-3/WARN]: Incorrect key -----------------MIDDLE_BIOMES--------------------.cool_humid was corrected from null to its default, regions_unexplored:boreal_taiga. 
[19:18:05] [Thread-3/WARN]: Incorrect key -----------------MIDDLE_BIOMES--------------------.neutral_arid was corrected from null to its default, regions_unexplored:orchard. 
[19:18:05] [Thread-3/WARN]: Incorrect key -----------------MIDDLE_BIOMES--------------------.neutral_dry was corrected from null to its default, regions_unexplored:shrubland. 
[19:18:05] [Thread-3/WARN]: Incorrect key -----------------MIDDLE_BIOMES--------------------.neutral_neutral was corrected from null to its default, regions_unexplored:temperate_grove. 
[19:18:05] [Thread-3/WARN]: Incorrect key -----------------MIDDLE_BIOMES--------------------.neutral_wet was corrected from null to its default, regions_unexplored:pine_taiga. 
[19:18:05] [Thread-3/WARN]: Incorrect key -----------------MIDDLE_BIOMES--------------------.neutral_humid was corrected from null to its default, regions_unexplored:blackwood_taiga. 
[19:18:05] [Thread-3/WARN]: Incorrect key -----------------MIDDLE_BIOMES--------------------.warm_arid was corrected from null to its default, regions_unexplored:barley_fields. 
[19:18:05] [Thread-3/WARN]: Incorrect key -----------------MIDDLE_BIOMES--------------------.warm_dry was corrected from null to its default, regions_unexplored:prairie. 
[19:18:05] [Thread-3/WARN]: Incorrect key -----------------MIDDLE_BIOMES--------------------.warm_neutral was corrected from null to its default, regions_unexplored:grassland. 
[19:18:05] [Thread-3/WARN]: Incorrect key -----------------MIDDLE_BIOMES--------------------.warm_wet was corrected from null to its default, regions_unexplored:redwoods. 
[19:18:05] [Thread-3/WARN]: Incorrect key -----------------MIDDLE_BIOMES--------------------.warm_humid was corrected from null to its default, regions_unexplored:redwoods. 
[19:18:05] [Thread-3/WARN]: Incorrect key -----------------MIDDLE_BIOMES--------------------.hot_arid was corrected from null to its default, regions_unexplored:baobab_savanna. 
[19:18:05] [Thread-3/WARN]: Incorrect key -----------------MIDDLE_BIOMES--------------------.hot_dry was corrected from null to its default, regions_unexplored:baobab_savanna. 
[19:18:05] [Thread-3/WARN]: Incorrect key -----------------MIDDLE_BIOMES--------------------.hot_neutral was corrected from null to its default, regions_unexplored:saguaro_desert. 
[19:18:05] [Thread-3/WARN]: Incorrect key -----------------MIDDLE_BIOMES--------------------.hot_wet was corrected from null to its default, regions_unexplored:outback. 
[19:18:05] [Thread-3/WARN]: Incorrect key -----------------MIDDLE_BIOMES--------------------.hot_humid was corrected from null to its default, regions_unexplored:eucalyptus_forest. 
[19:18:05] [Thread-3/WARN]: Incorrect key -----------------MIDDLE_BIOMES_VARIANT-------------------- was corrected from null to its default, SimpleCommentedConfig:{}. 
[19:18:05] [Thread-3/WARN]: Incorrect key -----------------MIDDLE_BIOMES_VARIANT--------------------.icy_arid was corrected from null to its default, regions_unexplored:frozen_pine_taiga. 
[19:18:05] [Thread-3/WARN]: Incorrect key -----------------MIDDLE_BIOMES_VARIANT--------------------.icy_dry was corrected from null to its default, regions_unexplored:frozen_tundra. 
[19:18:05] [Thread-3/WARN]: Incorrect key -----------------MIDDLE_BIOMES_VARIANT--------------------.icy_neutral was corrected from null to its default, regions_unexplored:frozen_tundra. 
[19:18:05] [Thread-3/WARN]: Incorrect key -----------------MIDDLE_BIOMES_VARIANT--------------------.icy_wet was corrected from null to its default, regions_unexplored:cold_boreal_taiga. 
[19:18:05] [Thread-3/WARN]: Incorrect key -----------------MIDDLE_BIOMES_VARIANT--------------------.icy_humid was corrected from null to its default, regions_unexplored:spires. 
[19:18:05] [Thread-3/WARN]: Incorrect key -----------------MIDDLE_BIOMES_VARIANT--------------------.cool_arid was corrected from null to its default, regions_unexplored:autumnal_maple_forest. 
[19:18:05] [Thread-3/WARN]: Incorrect key -----------------MIDDLE_BIOMES_VARIANT--------------------.cool_dry was corrected from null to its default, regions_unexplored:autumnal_maple_forest. 
[19:18:05] [Thread-3/WARN]: Incorrect key -----------------MIDDLE_BIOMES_VARIANT--------------------.cool_neutral was corrected from null to its default, regions_unexplored:maple_forest. 
[19:18:05] [Thread-3/WARN]: Incorrect key -----------------MIDDLE_BIOMES_VARIANT--------------------.cool_wet was corrected from null to its default, regions_unexplored:boreal_taiga. 
[19:18:05] [Thread-3/WARN]: Incorrect key -----------------MIDDLE_BIOMES_VARIANT--------------------.cool_humid was corrected from null to its default, regions_unexplored:golden_boreal_taiga. 
[19:18:05] [Thread-3/WARN]: Incorrect key -----------------MIDDLE_BIOMES_VARIANT--------------------.neutral_arid was corrected from null to its default, regions_unexplored:orchard. 
[19:18:05] [Thread-3/WARN]: Incorrect key -----------------MIDDLE_BIOMES_VARIANT--------------------.neutral_dry was corrected from null to its default, regions_unexplored:shrubland. 
[19:18:05] [Thread-3/WARN]: Incorrect key -----------------MIDDLE_BIOMES_VARIANT--------------------.neutral_neutral was corrected from null to its default, regions_unexplored:temperate_grove. 
[19:18:05] [Thread-3/WARN]: Incorrect key -----------------MIDDLE_BIOMES_VARIANT--------------------.neutral_wet was corrected from null to its default, regions_unexplored:pine_taiga. 
[19:18:05] [Thread-3/WARN]: Incorrect key -----------------MIDDLE_BIOMES_VARIANT--------------------.neutral_humid was corrected from null to its default, regions_unexplored:blackwood_taiga. 
[19:18:05] [Thread-3/WARN]: Incorrect key -----------------MIDDLE_BIOMES_VARIANT--------------------.warm_arid was corrected from null to its default, regions_unexplored:prairie. 
[19:18:05] [Thread-3/WARN]: Incorrect key -----------------MIDDLE_BIOMES_VARIANT--------------------.warm_dry was corrected from null to its default, regions_unexplored:deciduous_forest. 
[19:18:05] [Thread-3/WARN]: Incorrect key -----------------MIDDLE_BIOMES_VARIANT--------------------.warm_neutral was corrected from null to its default, regions_unexplored:grassland. 
[19:18:05] [Thread-3/WARN]: Incorrect key -----------------MIDDLE_BIOMES_VARIANT--------------------.warm_wet was corrected from null to its default, regions_unexplored:redwoods. 
[19:18:05] [Thread-3/WARN]: Incorrect key -----------------MIDDLE_BIOMES_VARIANT--------------------.warm_humid was corrected from null to its default, regions_unexplored:sparse_redwoods. 
[19:18:05] [Thread-3/WARN]: Incorrect key -----------------MIDDLE_BIOMES_VARIANT--------------------.hot_arid was corrected from null to its default, regions_unexplored:baobab_savanna. 
[19:18:05] [Thread-3/WARN]: Incorrect key -----------------MIDDLE_BIOMES_VARIANT--------------------.hot_dry was corrected from null to its default, regions_unexplored:baobab_savanna. 
[19:18:05] [Thread-3/WARN]: Incorrect key -----------------MIDDLE_BIOMES_VARIANT--------------------.hot_neutral was corrected from null to its default, regions_unexplored:saguaro_desert. 
[19:18:05] [Thread-3/WARN]: Incorrect key -----------------MIDDLE_BIOMES_VARIANT--------------------.hot_wet was corrected from null to its default, regions_unexplored:outback. 
[19:18:05] [Thread-3/WARN]: Incorrect key -----------------MIDDLE_BIOMES_VARIANT--------------------.hot_humid was corrected from null to its default, regions_unexplored:eucalyptus_forest. 
[19:18:05] [Thread-3/WARN]: Incorrect key -----------------PLATEAU_BIOMES-------------------- was corrected from null to its default, SimpleCommentedConfig:{}. 
[19:18:05] [Thread-3/WARN]: Incorrect key -----------------PLATEAU_BIOMES--------------------.icy_arid was corrected from null to its default, regions_unexplored:icy_heights. 
[19:18:05] [Thread-3/WARN]: Incorrect key -----------------PLATEAU_BIOMES--------------------.icy_dry was corrected from null to its default, regions_unexplored:icy_heights. 
[19:18:05] [Thread-3/WARN]: Incorrect key -----------------PLATEAU_BIOMES--------------------.icy_neutral was corrected from null to its default, regions_unexplored:icy_heights. 
[19:18:05] [Thread-3/WARN]: Incorrect key -----------------PLATEAU_BIOMES--------------------.icy_wet was corrected from null to its default, regions_unexplored:icy_heights. 
[19:18:05] [Thread-3/WARN]: Incorrect key -----------------PLATEAU_BIOMES--------------------.icy_humid was corrected from null to its default, regions_unexplored:cold_boreal_taiga. 
[19:18:05] [Thread-3/WARN]: Incorrect key -----------------PLATEAU_BIOMES--------------------.cool_arid was corrected from null to its default, regions_unexplored:autumnal_maple_forest. 
[19:18:05] [Thread-3/WARN]: Incorrect key -----------------PLATEAU_BIOMES--------------------.cool_dry was corrected from null to its default, regions_unexplored:autumnal_maple_forest. 
[19:18:05] [Thread-3/WARN]: Incorrect key -----------------PLATEAU_BIOMES--------------------.cool_neutral was corrected from null to its default, regions_unexplored:maple_forest. 
[19:18:05] [Thread-3/WARN]: Incorrect key -----------------PLATEAU_BIOMES--------------------.cool_wet was corrected from null to its default, regions_unexplored:boreal_taiga. 
[19:18:05] [Thread-3/WARN]: Incorrect key -----------------PLATEAU_BIOMES--------------------.cool_humid was corrected from null to its default, regions_unexplored:boreal_taiga. 
[19:18:05] [Thread-3/WARN]: Incorrect key -----------------PLATEAU_BIOMES--------------------.neutral_arid was corrected from null to its default, regions_unexplored:highland_fields. 
[19:18:05] [Thread-3/WARN]: Incorrect key -----------------PLATEAU_BIOMES--------------------.neutral_dry was corrected from null to its default, regions_unexplored:highland_fields. 
[19:18:05] [Thread-3/WARN]: Incorrect key -----------------PLATEAU_BIOMES--------------------.neutral_neutral was corrected from null to its default, regions_unexplored:highland_fields. 
[19:18:05] [Thread-3/WARN]: Incorrect key -----------------PLATEAU_BIOMES--------------------.neutral_wet was corrected from null to its default, regions_unexplored:highland_fields. 
[19:18:05] [Thread-3/WARN]: Incorrect key -----------------PLATEAU_BIOMES--------------------.neutral_humid was corrected from null to its default, regions_unexplored:blackwood_taiga. 
[19:18:05] [Thread-3/WARN]: Incorrect key -----------------PLATEAU_BIOMES--------------------.warm_arid was corrected from null to its default, regions_unexplored:barley_fields. 
[19:18:05] [Thread-3/WARN]: Incorrect key -----------------PLATEAU_BIOMES--------------------.warm_dry was corrected from null to its default, regions_unexplored:deciduous_forest. 
[19:18:05] [Thread-3/WARN]: Incorrect key -----------------PLATEAU_BIOMES--------------------.warm_neutral was corrected from null to its default, regions_unexplored:deciduous_forest. 
[19:18:05] [Thread-3/WARN]: Incorrect key -----------------PLATEAU_BIOMES--------------------.warm_wet was corrected from null to its default, regions_unexplored:redwoods. 
[19:18:05] [Thread-3/WARN]: Incorrect key -----------------PLATEAU_BIOMES--------------------.warm_humid was corrected from null to its default, regions_unexplored:redwoods. 
[19:18:05] [Thread-3/WARN]: Incorrect key -----------------PLATEAU_BIOMES--------------------.hot_arid was corrected from null to its default, regions_unexplored:steppe. 
[19:18:05] [Thread-3/WARN]: Incorrect key -----------------PLATEAU_BIOMES--------------------.hot_dry was corrected from null to its default, regions_unexplored:steppe. 
[19:18:05] [Thread-3/WARN]: Incorrect key -----------------PLATEAU_BIOMES--------------------.hot_neutral was corrected from null to its default, regions_unexplored:saguaro_desert. 
[19:18:05] [Thread-3/WARN]: Incorrect key -----------------PLATEAU_BIOMES--------------------.hot_wet was corrected from null to its default, regions_unexplored:eucalyptus_forest. 
[19:18:05] [Thread-3/WARN]: Incorrect key -----------------PLATEAU_BIOMES--------------------.hot_humid was corrected from null to its default, regions_unexplored:eucalyptus_forest. 
[19:18:05] [Thread-3/WARN]: Incorrect key -----------------PLATEAU_BIOMES_VARIANT-------------------- was corrected from null to its default, SimpleCommentedConfig:{}. 
[19:18:05] [Thread-3/WARN]: Incorrect key -----------------PLATEAU_BIOMES_VARIANT--------------------.icy_arid was corrected from null to its default, regions_unexplored:icy_heights. 
[19:18:05] [Thread-3/WARN]: Incorrect key -----------------PLATEAU_BIOMES_VARIANT--------------------.icy_dry was corrected from null to its default, regions_unexplored:icy_heights. 
[19:18:05] [Thread-3/WARN]: Incorrect key -----------------PLATEAU_BIOMES_VARIANT--------------------.icy_neutral was corrected from null to its default, regions_unexplored:icy_heights. 
[19:18:05] [Thread-3/WARN]: Incorrect key -----------------PLATEAU_BIOMES_VARIANT--------------------.icy_wet was corrected from null to its default, regions_unexplored:icy_heights. 
[19:18:05] [Thread-3/WARN]: Incorrect key -----------------PLATEAU_BIOMES_VARIANT--------------------.icy_humid was corrected from null to its default, regions_unexplored:spires. 
[19:18:05] [Thread-3/WARN]: Incorrect key -----------------PLATEAU_BIOMES_VARIANT--------------------.cool_arid was corrected from null to its default, regions_unexplored:autumnal_maple_forest. 
[19:18:05] [Thread-3/WARN]: Incorrect key -----------------PLATEAU_BIOMES_VARIANT--------------------.cool_dry was corrected from null to its default, regions_unexplored:autumnal_maple_forest. 
[19:18:05] [Thread-3/WARN]: Incorrect key -----------------PLATEAU_BIOMES_VARIANT--------------------.cool_neutral was corrected from null to its default, regions_unexplored:maple_forest. 
[19:18:05] [Thread-3/WARN]: Incorrect key -----------------PLATEAU_BIOMES_VARIANT--------------------.cool_wet was corrected from null to its default, regions_unexplored:boreal_taiga. 
[19:18:05] [Thread-3/WARN]: Incorrect key -----------------PLATEAU_BIOMES_VARIANT--------------------.cool_humid was corrected from null to its default, regions_unexplored:golden_boreal_taiga. 
[19:18:05] [Thread-3/WARN]: Incorrect key -----------------PLATEAU_BIOMES_VARIANT--------------------.neutral_arid was corrected from null to its default, regions_unexplored:orchard. 
[19:18:05] [Thread-3/WARN]: Incorrect key -----------------PLATEAU_BIOMES_VARIANT--------------------.neutral_dry was corrected from null to its default, regions_unexplored:highland_fields. 
[19:18:05] [Thread-3/WARN]: Incorrect key -----------------PLATEAU_BIOMES_VARIANT--------------------.neutral_neutral was corrected from null to its default, regions_unexplored:temperate_grove. 
[19:18:05] [Thread-3/WARN]: Incorrect key -----------------PLATEAU_BIOMES_VARIANT--------------------.neutral_wet was corrected from null to its default, regions_unexplored:pine_taiga. 
[19:18:05] [Thread-3/WARN]: Incorrect key -----------------PLATEAU_BIOMES_VARIANT--------------------.neutral_humid was corrected from null to its default, regions_unexplored:blackwood_taiga. 
[19:18:05] [Thread-3/WARN]: Incorrect key -----------------PLATEAU_BIOMES_VARIANT--------------------.warm_arid was corrected from null to its default, regions_unexplored:deciduous_forest. 
[19:18:05] [Thread-3/WARN]: Incorrect key -----------------PLATEAU_BIOMES_VARIANT--------------------.warm_dry was corrected from null to its default, regions_unexplored:deciduous_forest. 
[19:18:05] [Thread-3/WARN]: Incorrect key -----------------PLATEAU_BIOMES_VARIANT--------------------.warm_neutral was corrected from null to its default, regions_unexplored:deciduous_forest. 
[19:18:05] [Thread-3/WARN]: Incorrect key -----------------PLATEAU_BIOMES_VARIANT--------------------.warm_wet was corrected from null to its default, regions_unexplored:redwoods. 
[19:18:05] [Thread-3/WARN]: Incorrect key -----------------PLATEAU_BIOMES_VARIANT--------------------.warm_humid was corrected from null to its default, regions_unexplored:sparse_redwoods. 
[19:18:05] [Thread-3/WARN]: Incorrect key -----------------PLATEAU_BIOMES_VARIANT--------------------.hot_arid was corrected from null to its default, regions_unexplored:steppe. 
[19:18:05] [Thread-3/WARN]: Incorrect key -----------------PLATEAU_BIOMES_VARIANT--------------------.hot_dry was corrected from null to its default, regions_unexplored:steppe. 
[19:18:05] [Thread-3/WARN]: Incorrect key -----------------PLATEAU_BIOMES_VARIANT--------------------.hot_neutral was corrected from null to its default, regions_unexplored:saguaro_desert. 
[19:18:05] [Thread-3/WARN]: Incorrect key -----------------PLATEAU_BIOMES_VARIANT--------------------.hot_wet was corrected from null to its default, regions_unexplored:eucalyptus_forest. 
[19:18:05] [Thread-3/WARN]: Incorrect key -----------------PLATEAU_BIOMES_VARIANT--------------------.hot_humid was corrected from null to its default, regions_unexplored:eucalyptus_forest. 
[19:18:05] [Thread-3/WARN]: Incorrect key -----------------SHATTERED_BIOMES-------------------- was corrected from null to its default, SimpleCommentedConfig:{}. 
[19:18:05] [Thread-3/WARN]: Incorrect key -----------------SHATTERED_BIOMES--------------------.icy_arid was corrected from null to its default, regions_unexplored:icy_heights. 
[19:18:05] [Thread-3/WARN]: Incorrect key -----------------SHATTERED_BIOMES--------------------.icy_dry was corrected from null to its default, regions_unexplored:icy_heights. 
[19:18:05] [Thread-3/WARN]: Incorrect key -----------------SHATTERED_BIOMES--------------------.icy_neutral was corrected from null to its default, regions_unexplored:icy_heights. 
[19:18:05] [Thread-3/WARN]: Incorrect key -----------------SHATTERED_BIOMES--------------------.icy_wet was corrected from null to its default, regions_unexplored:icy_heights. 
[19:18:05] [Thread-3/WARN]: Incorrect key -----------------SHATTERED_BIOMES--------------------.icy_humid was corrected from null to its default, regions_unexplored:icy_heights. 
[19:18:05] [Thread-3/WARN]: Incorrect key -----------------SHATTERED_BIOMES--------------------.cool_arid was corrected from null to its default, regions_unexplored:towering_cliffs. 
[19:18:05] [Thread-3/WARN]: Incorrect key -----------------SHATTERED_BIOMES--------------------.cool_dry was corrected from null to its default, regions_unexplored:towering_cliffs. 
[19:18:05] [Thread-3/WARN]: Incorrect key -----------------SHATTERED_BIOMES--------------------.cool_neutral was corrected from null to its default, regions_unexplored:towering_cliffs. 
[19:18:05] [Thread-3/WARN]: Incorrect key -----------------SHATTERED_BIOMES--------------------.cool_wet was corrected from null to its default, regions_unexplored:towering_cliffs. 
[19:18:05] [Thread-3/WARN]: Incorrect key -----------------SHATTERED_BIOMES--------------------.cool_humid was corrected from null to its default, regions_unexplored:towering_cliffs. 
[19:18:05] [Thread-3/WARN]: Incorrect key -----------------SHATTERED_BIOMES--------------------.neutral_arid was corrected from null to its default, regions_unexplored:towering_cliffs. 
[19:18:05] [Thread-3/WARN]: Incorrect key -----------------SHATTERED_BIOMES--------------------.neutral_dry was corrected from null to its default, regions_unexplored:towering_cliffs. 
[19:18:05] [Thread-3/WARN]: Incorrect key -----------------SHATTERED_BIOMES--------------------.neutral_neutral was corrected from null to its default, regions_unexplored:towering_cliffs. 
[19:18:05] [Thread-3/WARN]: Incorrect key -----------------SHATTERED_BIOMES--------------------.neutral_wet was corrected from null to its default, regions_unexplored:towering_cliffs. 
[19:18:05] [Thread-3/WARN]: Incorrect key -----------------SHATTERED_BIOMES--------------------.neutral_humid was corrected from null to its default, regions_unexplored:towering_cliffs. 
[19:18:05] [Thread-3/WARN]: Incorrect key -----------------SHATTERED_BIOMES--------------------.warm_arid was corrected from null to its default, regions_unexplored:barley_fields. 
[19:18:05] [Thread-3/WARN]: Incorrect key -----------------SHATTERED_BIOMES--------------------.warm_dry was corrected from null to its default, regions_unexplored:deciduous_forest. 
[19:18:05] [Thread-3/WARN]: Incorrect key -----------------SHATTERED_BIOMES--------------------.warm_neutral was corrected from null to its default, regions_unexplored:deciduous_forest. 
[19:18:05] [Thread-3/WARN]: Incorrect key -----------------SHATTERED_BIOMES--------------------.warm_wet was corrected from null to its default, regions_unexplored:sparse_redwoods. 
[19:18:05] [Thread-3/WARN]: Incorrect key -----------------SHATTERED_BIOMES--------------------.warm_humid was corrected from null to its default, regions_unexplored:sparse_redwoods. 
[19:18:05] [Thread-3/WARN]: Incorrect key -----------------SHATTERED_BIOMES--------------------.hot_arid was corrected from null to its default, regions_unexplored:steppe. 
[19:18:05] [Thread-3/WARN]: Incorrect key -----------------SHATTERED_BIOMES--------------------.hot_dry was corrected from null to its default, regions_unexplored:steppe. 
[19:18:05] [Thread-3/WARN]: Incorrect key -----------------SHATTERED_BIOMES--------------------.hot_neutral was corrected from null to its default, regions_unexplored:saguaro_desert. 
[19:18:05] [Thread-3/WARN]: Incorrect key -----------------SHATTERED_BIOMES--------------------.hot_wet was corrected from null to its default, regions_unexplored:eucalyptus_forest. 
[19:18:05] [Thread-3/WARN]: Incorrect key -----------------SHATTERED_BIOMES--------------------.hot_humid was corrected from null to its default, regions_unexplored:eucalyptus_forest. 
[19:18:05] [Thread-3/WARN]: Incorrect key -----------------SLOPE_BIOMES-------------------- was corrected from null to its default, SimpleCommentedConfig:{}. 
[19:18:05] [Thread-3/WARN]: Incorrect key -----------------SLOPE_BIOMES--------------------.icy_slope_biome was corrected from null to its default, minecraft:snowy_slopes. 
[19:18:05] [Thread-3/WARN]: Incorrect key -----------------SLOPE_BIOMES--------------------.cold_slope_biome was corrected from null to its default, minecraft:grove. 
[19:18:05] [Thread-3/WARN]: Incorrect key -----------------SLOPE_BIOMES--------------------.neutral_slope_biome was corrected from null to its default, regions_unexplored:pine_slopes. 
[19:18:05] [Thread-3/WARN]: Incorrect key -----------------SLOPE_BIOMES--------------------.warm_slope_biome was corrected from null to its default, regions_unexplored:deciduous_forest. 
[19:18:05] [Thread-3/WARN]: Incorrect key -----------------SLOPE_BIOMES--------------------.hot_slope_biome was corrected from null to its default, regions_unexplored:eucalyptus_forest. 
[19:18:05] [Thread-3/WARN]: Incorrect key -----------------SLOPE_BIOMES--------------------.icy_slope_biome_variant was corrected from null to its default, regions_unexplored:cold_deciduous_forest. 
[19:18:05] [Thread-3/WARN]: Incorrect key -----------------SLOPE_BIOMES--------------------.cold_slope_biome_variant was corrected from null to its default, regions_unexplored:pine_slopes. 
[19:18:05] [Thread-3/WARN]: Incorrect key -----------------SLOPE_BIOMES--------------------.neutral_slope_biome_variant was corrected from null to its default, regions_unexplored:pine_slopes. 
[19:18:05] [Thread-3/WARN]: Incorrect key -----------------SLOPE_BIOMES--------------------.warm_slope_biome_variant was corrected from null to its default, regions_unexplored:deciduous_forest. 
[19:18:05] [Thread-3/WARN]: Incorrect key -----------------SLOPE_BIOMES--------------------.hot_slope_biome_variant was corrected from null to its default, regions_unexplored:eucalyptus_forest. 
[19:18:05] [Thread-3/WARN]: Incorrect key -----------------PEAK_BIOMES-------------------- was corrected from null to its default, SimpleCommentedConfig:{}. 
[19:18:05] [Thread-3/WARN]: Incorrect key -----------------PEAK_BIOMES--------------------.icy_peak_biome was corrected from null to its default, minecraft:frozen_peaks. 
[19:18:05] [Thread-3/WARN]: Incorrect key -----------------PEAK_BIOMES--------------------.cold_peak_biome was corrected from null to its default, minecraft:jagged_peaks. 
[19:18:05] [Thread-3/WARN]: Incorrect key -----------------PEAK_BIOMES--------------------.neutral_peak_biome was corrected from null to its default, regions_unexplored:mountains. 
[19:18:05] [Thread-3/WARN]: Incorrect key -----------------PEAK_BIOMES--------------------.warm_peak_biome was corrected from null to its default, minecraft:stony_peaks. 
[19:18:05] [Thread-3/WARN]: Incorrect key -----------------PEAK_BIOMES--------------------.hot_peak_biome was corrected from null to its default, regions_unexplored:arid_mountains. 
[19:18:05] [Thread-3/WARN]: Incorrect key -----------------PEAK_BIOMES--------------------.icy_peak_biome_variant was corrected from null to its default, minecraft:jagged_peaks. 
[19:18:05] [Thread-3/WARN]: Incorrect key -----------------PEAK_BIOMES--------------------.cold_peak_biome_variant was corrected from null to its default, regions_unexplored:mountains. 
[19:18:05] [Thread-3/WARN]: Incorrect key -----------------PEAK_BIOMES--------------------.neutral_peak_biome_variant was corrected from null to its default, regions_unexplored:mountains. 
[19:18:05] [Thread-3/WARN]: Incorrect key -----------------PEAK_BIOMES--------------------.warm_peak_biome_variant was corrected from null to its default, minecraft:stony_peaks. 
[19:18:05] [Thread-3/WARN]: Incorrect key -----------------PEAK_BIOMES--------------------.hot_peak_biome_variant was corrected from null to its default, regions_unexplored:arid_mountains. 
[19:18:05] [Thread-3/WARN]: Incorrect key -----------------RIVER_BIOMES-------------------- was corrected from null to its default, SimpleCommentedConfig:{}. 
[19:18:05] [Thread-3/WARN]: Incorrect key -----------------RIVER_BIOMES--------------------.icy_arid was corrected from null to its default, minecraft:frozen_river. 
[19:18:05] [Thread-3/WARN]: Incorrect key -----------------RIVER_BIOMES--------------------.icy_dry was corrected from null to its default, minecraft:frozen_river. 
[19:18:05] [Thread-3/WARN]: Incorrect key -----------------RIVER_BIOMES--------------------.icy_neutral was corrected from null to its default, minecraft:frozen_river. 
[19:18:05] [Thread-3/WARN]: Incorrect key -----------------RIVER_BIOMES--------------------.icy_wet was corrected from null to its default, minecraft:frozen_river. 
[19:18:05] [Thread-3/WARN]: Incorrect key -----------------RIVER_BIOMES--------------------.icy_humid was corrected from null to its default, regions_unexplored:cold_river. 
[19:18:05] [Thread-3/WARN]: Incorrect key -----------------RIVER_BIOMES--------------------.cool_arid was corrected from null to its default, regions_unexplored:cold_river. 
[19:18:05] [Thread-3/WARN]: Incorrect key -----------------RIVER_BIOMES--------------------.cool_dry was corrected from null to its default, regions_unexplored:cold_river. 
[19:18:05] [Thread-3/WARN]: Incorrect key -----------------RIVER_BIOMES--------------------.cool_neutral was corrected from null to its default, regions_unexplored:muddy_river. 
[19:18:05] [Thread-3/WARN]: Incorrect key -----------------RIVER_BIOMES--------------------.cool_wet was corrected from null to its default, regions_unexplored:muddy_river. 
[19:18:05] [Thread-3/WARN]: Incorrect key -----------------RIVER_BIOMES--------------------.cool_humid was corrected from null to its default, regions_unexplored:muddy_river. 
[19:18:05] [Thread-3/WARN]: Incorrect key -----------------RIVER_BIOMES--------------------.neutral_arid was corrected from null to its default, minecraft:river. 
[19:18:05] [Thread-3/WARN]: Incorrect key -----------------RIVER_BIOMES--------------------.neutral_dry was corrected from null to its default, minecraft:river. 
[19:18:05] [Thread-3/WARN]: Incorrect key -----------------RIVER_BIOMES--------------------.neutral_neutral was corrected from null to its default, minecraft:river. 
[19:18:05] [Thread-3/WARN]: Incorrect key -----------------RIVER_BIOMES--------------------.neutral_wet was corrected from null to its default, minecraft:river. 
[19:18:05] [Thread-3/WARN]: Incorrect key -----------------RIVER_BIOMES--------------------.neutral_humid was corrected from null to its default, regions_unexplored:blackwood_taiga. 
[19:18:05] [Thread-3/WARN]: Incorrect key -----------------RIVER_BIOMES--------------------.warm_arid was corrected from null to its default, minecraft:river. 
[19:18:05] [Thread-3/WARN]: Incorrect key -----------------RIVER_BIOMES--------------------.warm_dry was corrected from null to its default, minecraft:river. 
[19:18:05] [Thread-3/WARN]: Incorrect key -----------------RIVER_BIOMES--------------------.warm_neutral was corrected from null to its default, minecraft:river. 
[19:18:05] [Thread-3/WARN]: Incorrect key -----------------RIVER_BIOMES--------------------.warm_wet was corrected from null to its default, minecraft:river. 
[19:18:05] [Thread-3/WARN]: Incorrect key -----------------RIVER_BIOMES--------------------.warm_humid was corrected from null to its default, minecraft:river. 
[19:18:05] [Thread-3/WARN]: Incorrect key -----------------RIVER_BIOMES--------------------.hot_arid was corrected from null to its default, minecraft:river. 
[19:18:05] [Thread-3/WARN]: Incorrect key -----------------RIVER_BIOMES--------------------.hot_dry was corrected from null to its default, minecraft:river. 
[19:18:05] [Thread-3/WARN]: Incorrect key -----------------RIVER_BIOMES--------------------.hot_neutral was corrected from null to its default, regions_unexplored:tropical_river. 
[19:18:05] [Thread-3/WARN]: Incorrect key -----------------RIVER_BIOMES--------------------.hot_wet was corrected from null to its default, regions_unexplored:tropical_river. 
[19:18:05] [Thread-3/WARN]: Incorrect key -----------------RIVER_BIOMES--------------------.hot_humid was corrected from null to its default, regions_unexplored:tropical_river. 
[19:18:05] [Thread-3/WARN]: Incorrect key -----------------RIVER_BIOMES_VARIANT-------------------- was corrected from null to its default, SimpleCommentedConfig:{}. 
[19:18:05] [Thread-3/WARN]: Incorrect key -----------------RIVER_BIOMES_VARIANT--------------------.icy_arid was corrected from null to its default, minecraft:frozen_river. 
[19:18:05] [Thread-3/WARN]: Incorrect key -----------------RIVER_BIOMES_VARIANT--------------------.icy_dry was corrected from null to its default, minecraft:frozen_river. 
[19:18:05] [Thread-3/WARN]: Incorrect key -----------------RIVER_BIOMES_VARIANT--------------------.icy_neutral was corrected from null to its default, minecraft:frozen_river. 
[19:18:05] [Thread-3/WARN]: Incorrect key -----------------RIVER_BIOMES_VARIANT--------------------.icy_wet was corrected from null to its default, minecraft:frozen_river. 
[19:18:05] [Thread-3/WARN]: Incorrect key -----------------RIVER_BIOMES_VARIANT--------------------.icy_humid was corrected from null to its default, regions_unexplored:cold_river. 
[19:18:05] [Thread-3/WARN]: Incorrect key -----------------RIVER_BIOMES_VARIANT--------------------.cool_arid was corrected from null to its default, regions_unexplored:cold_river. 
[19:18:05] [Thread-3/WARN]: Incorrect key -----------------RIVER_BIOMES_VARIANT--------------------.cool_dry was corrected from null to its default, regions_unexplored:cold_river. 
[19:18:05] [Thread-3/WARN]: Incorrect key -----------------RIVER_BIOMES_VARIANT--------------------.cool_neutral was corrected from null to its default, regions_unexplored:muddy_river. 
[19:18:05] [Thread-3/WARN]: Incorrect key -----------------RIVER_BIOMES_VARIANT--------------------.cool_wet was corrected from null to its default, regions_unexplored:muddy_river. 
[19:18:05] [Thread-3/WARN]: Incorrect key -----------------RIVER_BIOMES_VARIANT--------------------.cool_humid was corrected from null to its default, regions_unexplored:muddy_river. 
[19:18:05] [Thread-3/WARN]: Incorrect key -----------------RIVER_BIOMES_VARIANT--------------------.neutral_arid was corrected from null to its default, minecraft:river. 
[19:18:05] [Thread-3/WARN]: Incorrect key -----------------RIVER_BIOMES_VARIANT--------------------.neutral_dry was corrected from null to its default, minecraft:river. 
[19:18:05] [Thread-3/WARN]: Incorrect key -----------------RIVER_BIOMES_VARIANT--------------------.neutral_neutral was corrected from null to its default, minecraft:river. 
[19:18:05] [Thread-3/WARN]: Incorrect key -----------------RIVER_BIOMES_VARIANT--------------------.neutral_wet was corrected from null to its default, minecraft:river. 
[19:18:05] [Thread-3/WARN]: Incorrect key -----------------RIVER_BIOMES_VARIANT--------------------.neutral_humid was corrected from null to its default, regions_unexplored:blackwood_taiga. 
[19:18:05] [Thread-3/WARN]: Incorrect key -----------------RIVER_BIOMES_VARIANT--------------------.warm_arid was corrected from null to its default, minecraft:river. 
[19:18:05] [Thread-3/WARN]: Incorrect key -----------------RIVER_BIOMES_VARIANT--------------------.warm_dry was corrected from null to its default, minecraft:river. 
[19:18:05] [Thread-3/WARN]: Incorrect key -----------------RIVER_BIOMES_VARIANT--------------------.warm_neutral was corrected from null to its default, minecraft:river. 
[19:18:05] [Thread-3/WARN]: Incorrect key -----------------RIVER_BIOMES_VARIANT--------------------.warm_wet was corrected from null to its default, minecraft:river. 
[19:18:05] [Thread-3/WARN]: Incorrect key -----------------RIVER_BIOMES_VARIANT--------------------.warm_humid was corrected from null to its default, minecraft:river. 
[19:18:05] [Thread-3/WARN]: Incorrect key -----------------RIVER_BIOMES_VARIANT--------------------.hot_arid was corrected from null to its default, minecraft:river. 
[19:18:05] [Thread-3/WARN]: Incorrect key -----------------RIVER_BIOMES_VARIANT--------------------.hot_dry was corrected from null to its default, minecraft:river. 
[19:18:05] [Thread-3/WARN]: Incorrect key -----------------RIVER_BIOMES_VARIANT--------------------.hot_neutral was corrected from null to its default, regions_unexplored:tropical_river. 
[19:18:05] [Thread-3/WARN]: Incorrect key -----------------RIVER_BIOMES_VARIANT--------------------.hot_wet was corrected from null to its default, regions_unexplored:tropical_river. 
[19:18:05] [Thread-3/WARN]: Incorrect key -----------------RIVER_BIOMES_VARIANT--------------------.hot_humid was corrected from null to its default, regions_unexplored:tropical_river. 
[19:18:05] [Thread-3/WARN]: Incorrect key -----------------SWAMP_BIOMES-------------------- was corrected from null to its default, SimpleCommentedConfig:{}. 
[19:18:05] [Thread-3/WARN]: Incorrect key -----------------SWAMP_BIOMES--------------------.icy_arid was corrected from null to its default, regions_unexplored:spires. 
[19:18:05] [Thread-3/WARN]: Incorrect key -----------------SWAMP_BIOMES--------------------.icy_dry was corrected from null to its default, regions_unexplored:spires. 
[19:18:05] [Thread-3/WARN]: Incorrect key -----------------SWAMP_BIOMES--------------------.icy_neutral was corrected from null to its default, regions_unexplored:spires. 
[19:18:05] [Thread-3/WARN]: Incorrect key -----------------SWAMP_BIOMES--------------------.icy_wet was corrected from null to its default, regions_unexplored:spires. 
[19:18:05] [Thread-3/WARN]: Incorrect key -----------------SWAMP_BIOMES--------------------.icy_humid was corrected from null to its default, regions_unexplored:spires. 
[19:18:05] [Thread-3/WARN]: Incorrect key -----------------SWAMP_BIOMES--------------------.cool_arid was corrected from null to its default, regions_unexplored:fen. 
[19:18:05] [Thread-3/WARN]: Incorrect key -----------------SWAMP_BIOMES--------------------.cool_dry was corrected from null to its default, regions_unexplored:fen. 
[19:18:05] [Thread-3/WARN]: Incorrect key -----------------SWAMP_BIOMES--------------------.cool_neutral was corrected from null to its default, regions_unexplored:fen. 
[19:18:05] [Thread-3/WARN]: Incorrect key -----------------SWAMP_BIOMES--------------------.cool_wet was corrected from null to its default, regions_unexplored:fen. 
[19:18:05] [Thread-3/WARN]: Incorrect key -----------------SWAMP_BIOMES--------------------.cool_humid was corrected from null to its default, regions_unexplored:fen. 
[19:18:05] [Thread-3/WARN]: Incorrect key -----------------SWAMP_BIOMES--------------------.neutral_arid was corrected from null to its default, regions_unexplored:old_growth_bayou. 
[19:18:05] [Thread-3/WARN]: Incorrect key -----------------SWAMP_BIOMES--------------------.neutral_dry was corrected from null to its default, regions_unexplored:bayou. 
[19:18:05] [Thread-3/WARN]: Incorrect key -----------------SWAMP_BIOMES--------------------.neutral_neutral was corrected from null to its default, regions_unexplored:bayou. 
[19:18:05] [Thread-3/WARN]: Incorrect key -----------------SWAMP_BIOMES--------------------.neutral_wet was corrected from null to its default, regions_unexplored:bayou. 
[19:18:05] [Thread-3/WARN]: Incorrect key -----------------SWAMP_BIOMES--------------------.neutral_humid was corrected from null to its default, regions_unexplored:old_growth_bayou. 
[19:18:05] [Thread-3/WARN]: Incorrect key -----------------SWAMP_BIOMES--------------------.warm_arid was corrected from null to its default, regions_unexplored:marsh. 
[19:18:05] [Thread-3/WARN]: Incorrect key -----------------SWAMP_BIOMES--------------------.warm_dry was corrected from null to its default, regions_unexplored:marsh. 
[19:18:05] [Thread-3/WARN]: Incorrect key -----------------SWAMP_BIOMES--------------------.warm_neutral was corrected from null to its default, regions_unexplored:marsh. 
[19:18:05] [Thread-3/WARN]: Incorrect key -----------------SWAMP_BIOMES--------------------.warm_wet was corrected from null to its default, regions_unexplored:marsh. 
[19:18:05] [Thread-3/WARN]: Incorrect key -----------------SWAMP_BIOMES--------------------.warm_humid was corrected from null to its default, regions_unexplored:marsh. 
[19:18:05] [Thread-3/WARN]: Incorrect key -----------------SWAMP_BIOMES--------------------.hot_arid was corrected from null to its default, regions_unexplored:fungal_fen. 
[19:18:05] [Thread-3/WARN]: Incorrect key -----------------SWAMP_BIOMES--------------------.hot_dry was corrected from null to its default, regions_unexplored:fungal_fen. 
[19:18:05] [Thread-3/WARN]: Incorrect key -----------------SWAMP_BIOMES--------------------.hot_neutral was corrected from null to its default, regions_unexplored:fungal_fen. 
[19:18:05] [Thread-3/WARN]: Incorrect key -----------------SWAMP_BIOMES--------------------.hot_wet was corrected from null to its default, regions_unexplored:fungal_fen. 
[19:18:05] [Thread-3/WARN]: Incorrect key -----------------SWAMP_BIOMES--------------------.hot_humid was corrected from null to its default, regions_unexplored:fungal_fen. 
[19:18:05] [Thread-3/WARN]: Incorrect key -----------------OCEAN_BIOMES-------------------- was corrected from null to its default, SimpleCommentedConfig:{}. 
[19:18:05] [Thread-3/WARN]: Incorrect key -----------------OCEAN_BIOMES--------------------.deep_icy was corrected from null to its default, regions_unexplored:hyacinth_deeps. 
[19:18:05] [Thread-3/WARN]: Incorrect key -----------------OCEAN_BIOMES--------------------.deep_cool was corrected from null to its default, minecraft:deep_cold_ocean. 
[19:18:05] [Thread-3/WARN]: Incorrect key -----------------OCEAN_BIOMES--------------------.deep_neutral was corrected from null to its default, minecraft:deep_ocean. 
[19:18:05] [Thread-3/WARN]: Incorrect key -----------------OCEAN_BIOMES--------------------.deep_warm was corrected from null to its default, minecraft:deep_lukewarm_ocean. 
[19:18:05] [Thread-3/WARN]: Incorrect key -----------------OCEAN_BIOMES--------------------.deep_hot was corrected from null to its default, minecraft:warm_ocean. 
[19:18:05] [Thread-3/WARN]: Incorrect key -----------------OCEAN_BIOMES--------------------.icy was corrected from null to its default, minecraft:frozen_ocean. 
[19:18:05] [Thread-3/WARN]: Incorrect key -----------------OCEAN_BIOMES--------------------.cool was corrected from null to its default, minecraft:cold_ocean. 
[19:18:05] [Thread-3/WARN]: Incorrect key -----------------OCEAN_BIOMES--------------------.neutral was corrected from null to its default, minecraft:ocean. 
[19:18:05] [Thread-3/WARN]: Incorrect key -----------------OCEAN_BIOMES--------------------.warm was corrected from null to its default, minecraft:lukewarm_ocean. 
[19:18:05] [Thread-3/WARN]: Incorrect key -----------------OCEAN_BIOMES--------------------.hot was corrected from null to its default, regions_unexplored:rocky_reef. 
[19:18:05] [Thread-3/WARN]: Incorrect key -----------------SHORE_BIOMES-------------------- was corrected from null to its default, SimpleCommentedConfig:{}. 
[19:18:05] [Thread-3/WARN]: Incorrect key -----------------SHORE_BIOMES--------------------.icy_beach_biome was corrected from null to its default, minecraft:snowy_beach. 
[19:18:05] [Thread-3/WARN]: Incorrect key -----------------SHORE_BIOMES--------------------.cold_beach_biome was corrected from null to its default, regions_unexplored:gravel_beach. 
[19:18:05] [Thread-3/WARN]: Incorrect key -----------------SHORE_BIOMES--------------------.neutral_beach_biome was corrected from null to its default, regions_unexplored:grassy_beach. 
[19:18:05] [Thread-3/WARN]: Incorrect key -----------------SHORE_BIOMES--------------------.warm_beach_biome was corrected from null to its default, regions_unexplored:grassy_beach. 
[19:18:05] [Thread-3/WARN]: Incorrect key -----------------SHORE_BIOMES--------------------.hot_beach_biome was corrected from null to its default, minecraft:beach. 
[19:18:05] [Thread-3/WARN]: Incorrect key -----------------SHORE_BIOMES--------------------.cold_stone_beach_biome was corrected from null to its default, minecraft:stony_shore. 
[19:18:05] [Thread-3/WARN]: Incorrect key -----------------SHORE_BIOMES--------------------.hot_stone_beach_biome was corrected from null to its default, regions_unexplored:chalk_cliffs. 
[19:18:05] [Thread-3/WARN]: Incorrect key -----------------UNDERGROUND_BIOMES-------------------- was corrected from null to its default, SimpleCommentedConfig:{}. 
[19:18:05] [Thread-3/WARN]: Incorrect key -----------------UNDERGROUND_BIOMES--------------------.cave_1_biome was corrected from null to its default, minecraft:lush_caves. 
[19:18:05] [Thread-3/WARN]: Incorrect key -----------------UNDERGROUND_BIOMES--------------------.cave_2_biome was corrected from null to its default, minecraft:dripstone_caves. 
[19:18:05] [Thread-3/WARN]: Incorrect key -----------------UNDERGROUND_BIOMES--------------------.cave_3_biome was corrected from null to its default, minecraft:deep_dark. 
[19:18:05] [Thread-3/WARN]: Incorrect key -----------------UNDERGROUND_BIOMES--------------------.cave_4_biome was corrected from null to its default, regions_unexplored:bioshroom_caves. 
[19:18:05] [Thread-3/WARN]: Incorrect key -----------------UNDERGROUND_BIOMES--------------------.cave_5_biome was corrected from null to its default, regions_unexplored:ancient_delta. 
[19:18:05] [Thread-3/WARN]: Incorrect key -----------------UNDERGROUND_BIOMES--------------------.cave_6_biome was corrected from null to its default, regions_unexplored:prismachasm. 
[19:18:05] [Thread-3/WARN]: Incorrect key -----------------UNDERGROUND_BIOMES--------------------.cave_7_biome was corrected from null to its default, regions_unexplored:redstone_caves. 
[19:18:05] [Thread-3/WARN]: Incorrect key -----------------UNDERGROUND_BIOMES--------------------.cave_8_biome was corrected from null to its default, regions_unexplored:scorching_caves. 
[19:18:05] [Thread-3/WARN]: Incorrect key -----------------ISLAND_BIOMES-------------------- was corrected from null to its default, SimpleCommentedConfig:{}. 
[19:18:05] [Thread-3/WARN]: Incorrect key -----------------ISLAND_BIOMES--------------------.icy_island_biome was corrected from null to its default, regions_unexplored:alpha_grove. 
[19:18:05] [Thread-3/WARN]: Incorrect key -----------------ISLAND_BIOMES--------------------.cool_island_biome was corrected from null to its default, regions_unexplored:alpha_grove. 
[19:18:05] [Thread-3/WARN]: Incorrect key -----------------ISLAND_BIOMES--------------------.neutral_island_biome was corrected from null to its default, regions_unexplored:ashen_woodland. 
[19:18:05] [Thread-3/WARN]: Incorrect key -----------------ISLAND_BIOMES--------------------.warm_island_biome was corrected from null to its default, regions_unexplored:tropics. 
[19:18:05] [Thread-3/WARN]: Incorrect key -----------------ISLAND_BIOMES--------------------.hot_island_biome was corrected from null to its default, regions_unexplored:tropics. 
[19:18:05] [Thread-3/WARN]: Incorrect key -----------------OTHER_BIOMES-------------------- was corrected from null to its default, SimpleCommentedConfig:{}. 
[19:18:05] [Thread-3/WARN]: Incorrect key -----------------OTHER_BIOMES--------------------.shattered_cliff_biome was corrected from null to its default, regions_unexplored:towering_cliffs. 
[19:18:05] [Thread-3/WARN]: Configuration file /workspaces/CraftCoso/servidor_minecraft/./config/regions_unexplored/regions_unexplored-primary-region.toml is not correct. Correcting
[19:18:05] [Thread-3/WARN]: Incorrect key -----------------MIDDLE_BIOMES-------------------- was corrected from null to its default, SimpleCommentedConfig:{}. 
[19:18:05] [Thread-3/WARN]: Incorrect key -----------------MIDDLE_BIOMES--------------------.icy_arid was corrected from null to its default, regions_unexplored:frozen_tundra. 
[19:18:05] [Thread-3/WARN]: Incorrect key -----------------MIDDLE_BIOMES--------------------.icy_dry was corrected from null to its default, regions_unexplored:frozen_tundra. 
[19:18:05] [Thread-3/WARN]: Incorrect key -----------------MIDDLE_BIOMES--------------------.icy_neutral was corrected from null to its default, regions_unexplored:frozen_pine_taiga. 
[19:18:05] [Thread-3/WARN]: Incorrect key -----------------MIDDLE_BIOMES--------------------.icy_wet was corrected from null to its default, regions_unexplored:cold_boreal_taiga. 
[19:18:05] [Thread-3/WARN]: Incorrect key -----------------MIDDLE_BIOMES--------------------.icy_humid was corrected from null to its default, regions_unexplored:cold_boreal_taiga. 
[19:18:05] [Thread-3/WARN]: Incorrect key -----------------MIDDLE_BIOMES--------------------.cool_arid was corrected from null to its default, regions_unexplored:pumpkin_fields. 
[19:18:05] [Thread-3/WARN]: Incorrect key -----------------MIDDLE_BIOMES--------------------.cool_dry was corrected from null to its default, regions_unexplored:autumnal_maple_forest. 
[19:18:05] [Thread-3/WARN]: Incorrect key -----------------MIDDLE_BIOMES--------------------.cool_neutral was corrected from null to its default, regions_unexplored:maple_forest. 
[19:18:05] [Thread-3/WARN]: Incorrect key -----------------MIDDLE_BIOMES--------------------.cool_wet was corrected from null to its default, regions_unexplored:boreal_taiga. 
[19:18:05] [Thread-3/WARN]: Incorrect key -----------------MIDDLE_BIOMES--------------------.cool_humid was corrected from null to its default, regions_unexplored:boreal_taiga. 
[19:18:05] [Thread-3/WARN]: Incorrect key -----------------MIDDLE_BIOMES--------------------.neutral_arid was corrected from null to its default, regions_unexplored:orchard. 
[19:18:05] [Thread-3/WARN]: Incorrect key -----------------MIDDLE_BIOMES--------------------.neutral_dry was corrected from null to its default, regions_unexplored:shrubland. 
[19:18:05] [Thread-3/WARN]: Incorrect key -----------------MIDDLE_BIOMES--------------------.neutral_neutral was corrected from null to its default, regions_unexplored:temperate_grove. 
[19:18:05] [Thread-3/WARN]: Incorrect key -----------------MIDDLE_BIOMES--------------------.neutral_wet was corrected from null to its default, regions_unexplored:pine_taiga. 
[19:18:05] [Thread-3/WARN]: Incorrect key -----------------MIDDLE_BIOMES--------------------.neutral_humid was corrected from null to its default, regions_unexplored:blackwood_taiga. 
[19:18:05] [Thread-3/WARN]: Incorrect key -----------------MIDDLE_BIOMES--------------------.warm_arid was corrected from null to its default, regions_unexplored:barley_fields. 
[19:18:05] [Thread-3/WARN]: Incorrect key -----------------MIDDLE_BIOMES--------------------.warm_dry was corrected from null to its default, regions_unexplored:prairie. 
[19:18:05] [Thread-3/WARN]: Incorrect key -----------------MIDDLE_BIOMES--------------------.warm_neutral was corrected from null to its default, regions_unexplored:grassland. 
[19:18:05] [Thread-3/WARN]: Incorrect key -----------------MIDDLE_BIOMES--------------------.warm_wet was corrected from null to its default, regions_unexplored:redwoods. 
[19:18:05] [Thread-3/WARN]: Incorrect key -----------------MIDDLE_BIOMES--------------------.warm_humid was corrected from null to its default, regions_unexplored:redwoods. 
[19:18:05] [Thread-3/WARN]: Incorrect key -----------------MIDDLE_BIOMES--------------------.hot_arid was corrected from null to its default, regions_unexplored:baobab_savanna. 
[19:18:05] [Thread-3/WARN]: Incorrect key -----------------MIDDLE_BIOMES--------------------.hot_dry was corrected from null to its default, regions_unexplored:baobab_savanna. 
[19:18:05] [Thread-3/WARN]: Incorrect key -----------------MIDDLE_BIOMES--------------------.hot_neutral was corrected from null to its default, regions_unexplored:saguaro_desert. 
[19:18:05] [Thread-3/WARN]: Incorrect key -----------------MIDDLE_BIOMES--------------------.hot_wet was corrected from null to its default, regions_unexplored:outback. 
[19:18:05] [Thread-3/WARN]: Incorrect key -----------------MIDDLE_BIOMES--------------------.hot_humid was corrected from null to its default, regions_unexplored:eucalyptus_forest. 
[19:18:05] [Thread-3/WARN]: Incorrect key -----------------MIDDLE_BIOMES_VARIANT-------------------- was corrected from null to its default, SimpleCommentedConfig:{}. 
[19:18:05] [Thread-3/WARN]: Incorrect key -----------------MIDDLE_BIOMES_VARIANT--------------------.icy_arid was corrected from null to its default, regions_unexplored:frozen_pine_taiga. 
[19:18:05] [Thread-3/WARN]: Incorrect key -----------------MIDDLE_BIOMES_VARIANT--------------------.icy_dry was corrected from null to its default, regions_unexplored:frozen_tundra. 
[19:18:05] [Thread-3/WARN]: Incorrect key -----------------MIDDLE_BIOMES_VARIANT--------------------.icy_neutral was corrected from null to its default, regions_unexplored:frozen_tundra. 
[19:18:05] [Thread-3/WARN]: Incorrect key -----------------MIDDLE_BIOMES_VARIANT--------------------.icy_wet was corrected from null to its default, regions_unexplored:cold_boreal_taiga. 
[19:18:05] [Thread-3/WARN]: Incorrect key -----------------MIDDLE_BIOMES_VARIANT--------------------.icy_humid was corrected from null to its default, regions_unexplored:spires. 
[19:18:05] [Thread-3/WARN]: Incorrect key -----------------MIDDLE_BIOMES_VARIANT--------------------.cool_arid was corrected from null to its default, regions_unexplored:autumnal_maple_forest. 
[19:18:05] [Thread-3/WARN]: Incorrect key -----------------MIDDLE_BIOMES_VARIANT--------------------.cool_dry was corrected from null to its default, regions_unexplored:autumnal_maple_forest. 
[19:18:05] [Thread-3/WARN]: Incorrect key -----------------MIDDLE_BIOMES_VARIANT--------------------.cool_neutral was corrected from null to its default, regions_unexplored:maple_forest. 
[19:18:05] [Thread-3/WARN]: Incorrect key -----------------MIDDLE_BIOMES_VARIANT--------------------.cool_wet was corrected from null to its default, regions_unexplored:boreal_taiga. 
[19:18:05] [Thread-3/WARN]: Incorrect key -----------------MIDDLE_BIOMES_VARIANT--------------------.cool_humid was corrected from null to its default, regions_unexplored:golden_boreal_taiga. 
[19:18:05] [Thread-3/WARN]: Incorrect key -----------------MIDDLE_BIOMES_VARIANT--------------------.neutral_arid was corrected from null to its default, regions_unexplored:orchard. 
[19:18:05] [Thread-3/WARN]: Incorrect key -----------------MIDDLE_BIOMES_VARIANT--------------------.neutral_dry was corrected from null to its default, regions_unexplored:shrubland. 
[19:18:05] [Thread-3/WARN]: Incorrect key -----------------MIDDLE_BIOMES_VARIANT--------------------.neutral_neutral was corrected from null to its default, regions_unexplored:temperate_grove. 
[19:18:05] [Thread-3/WARN]: Incorrect key -----------------MIDDLE_BIOMES_VARIANT--------------------.neutral_wet was corrected from null to its default, regions_unexplored:pine_taiga. 
[19:18:05] [Thread-3/WARN]: Incorrect key -----------------MIDDLE_BIOMES_VARIANT--------------------.neutral_humid was corrected from null to its default, regions_unexplored:blackwood_taiga. 
[19:18:05] [Thread-3/WARN]: Incorrect key -----------------MIDDLE_BIOMES_VARIANT--------------------.warm_arid was corrected from null to its default, regions_unexplored:prairie. 
[19:18:05] [Thread-3/WARN]: Incorrect key -----------------MIDDLE_BIOMES_VARIANT--------------------.warm_dry was corrected from null to its default, regions_unexplored:deciduous_forest. 
[19:18:05] [Thread-3/WARN]: Incorrect key -----------------MIDDLE_BIOMES_VARIANT--------------------.warm_neutral was corrected from null to its default, regions_unexplored:grassland. 
[19:18:05] [Thread-3/WARN]: Incorrect key -----------------MIDDLE_BIOMES_VARIANT--------------------.warm_wet was corrected from null to its default, regions_unexplored:redwoods. 
[19:18:05] [Thread-3/WARN]: Incorrect key -----------------MIDDLE_BIOMES_VARIANT--------------------.warm_humid was corrected from null to its default, regions_unexplored:sparse_redwoods. 
[19:18:05] [Thread-3/WARN]: Incorrect key -----------------MIDDLE_BIOMES_VARIANT--------------------.hot_arid was corrected from null to its default, regions_unexplored:baobab_savanna. 
[19:18:05] [Thread-3/WARN]: Incorrect key -----------------MIDDLE_BIOMES_VARIANT--------------------.hot_dry was corrected from null to its default, regions_unexplored:baobab_savanna. 
[19:18:05] [Thread-3/WARN]: Incorrect key -----------------MIDDLE_BIOMES_VARIANT--------------------.hot_neutral was corrected from null to its default, regions_unexplored:saguaro_desert. 
[19:18:05] [Thread-3/WARN]: Incorrect key -----------------MIDDLE_BIOMES_VARIANT--------------------.hot_wet was corrected from null to its default, regions_unexplored:outback. 
[19:18:05] [Thread-3/WARN]: Incorrect key -----------------MIDDLE_BIOMES_VARIANT--------------------.hot_humid was corrected from null to its default, regions_unexplored:eucalyptus_forest. 
[19:18:05] [Thread-3/WARN]: Incorrect key -----------------PLATEAU_BIOMES-------------------- was corrected from null to its default, SimpleCommentedConfig:{}. 
[19:18:05] [Thread-3/WARN]: Incorrect key -----------------PLATEAU_BIOMES--------------------.icy_arid was corrected from null to its default, regions_unexplored:icy_heights. 
[19:18:05] [Thread-3/WARN]: Incorrect key -----------------PLATEAU_BIOMES--------------------.icy_dry was corrected from null to its default, regions_unexplored:icy_heights. 
[19:18:05] [Thread-3/WARN]: Incorrect key -----------------PLATEAU_BIOMES--------------------.icy_neutral was corrected from null to its default, regions_unexplored:icy_heights. 
[19:18:05] [Thread-3/WARN]: Incorrect key -----------------PLATEAU_BIOMES--------------------.icy_wet was corrected from null to its default, regions_unexplored:icy_heights. 
[19:18:05] [Thread-3/WARN]: Incorrect key -----------------PLATEAU_BIOMES--------------------.icy_humid was corrected from null to its default, regions_unexplored:cold_boreal_taiga. 
[19:18:05] [Thread-3/WARN]: Incorrect key -----------------PLATEAU_BIOMES--------------------.cool_arid was corrected from null to its default, regions_unexplored:autumnal_maple_forest. 
[19:18:05] [Thread-3/WARN]: Incorrect key -----------------PLATEAU_BIOMES--------------------.cool_dry was corrected from null to its default, regions_unexplored:autumnal_maple_forest. 
[19:18:05] [Thread-3/WARN]: Incorrect key -----------------PLATEAU_BIOMES--------------------.cool_neutral was corrected from null to its default, regions_unexplored:maple_forest. 
[19:18:05] [Thread-3/WARN]: Incorrect key -----------------PLATEAU_BIOMES--------------------.cool_wet was corrected from null to its default, regions_unexplored:boreal_taiga. 
[19:18:05] [Thread-3/WARN]: Incorrect key -----------------PLATEAU_BIOMES--------------------.cool_humid was corrected from null to its default, regions_unexplored:boreal_taiga. 
[19:18:05] [Thread-3/WARN]: Incorrect key -----------------PLATEAU_BIOMES--------------------.neutral_arid was corrected from null to its default, regions_unexplored:highland_fields. 
[19:18:05] [Thread-3/WARN]: Incorrect key -----------------PLATEAU_BIOMES--------------------.neutral_dry was corrected from null to its default, regions_unexplored:highland_fields. 
[19:18:05] [Thread-3/WARN]: Incorrect key -----------------PLATEAU_BIOMES--------------------.neutral_neutral was corrected from null to its default, regions_unexplored:highland_fields. 
[19:18:05] [Thread-3/WARN]: Incorrect key -----------------PLATEAU_BIOMES--------------------.neutral_wet was corrected from null to its default, regions_unexplored:highland_fields. 
[19:18:05] [Thread-3/WARN]: Incorrect key -----------------PLATEAU_BIOMES--------------------.neutral_humid was corrected from null to its default, regions_unexplored:blackwood_taiga. 
[19:18:05] [Thread-3/WARN]: Incorrect key -----------------PLATEAU_BIOMES--------------------.warm_arid was corrected from null to its default, regions_unexplored:barley_fields. 
[19:18:05] [Thread-3/WARN]: Incorrect key -----------------PLATEAU_BIOMES--------------------.warm_dry was corrected from null to its default, regions_unexplored:deciduous_forest. 
[19:18:05] [Thread-3/WARN]: Incorrect key -----------------PLATEAU_BIOMES--------------------.warm_neutral was corrected from null to its default, regions_unexplored:deciduous_forest. 
[19:18:05] [Thread-3/WARN]: Incorrect key -----------------PLATEAU_BIOMES--------------------.warm_wet was corrected from null to its default, regions_unexplored:redwoods. 
[19:18:05] [Thread-3/WARN]: Incorrect key -----------------PLATEAU_BIOMES--------------------.warm_humid was corrected from null to its default, regions_unexplored:redwoods. 
[19:18:05] [Thread-3/WARN]: Incorrect key -----------------PLATEAU_BIOMES--------------------.hot_arid was corrected from null to its default, regions_unexplored:steppe. 
[19:18:05] [Thread-3/WARN]: Incorrect key -----------------PLATEAU_BIOMES--------------------.hot_dry was corrected from null to its default, regions_unexplored:steppe. 
[19:18:05] [Thread-3/WARN]: Incorrect key -----------------PLATEAU_BIOMES--------------------.hot_neutral was corrected from null to its default, regions_unexplored:saguaro_desert. 
[19:18:05] [Thread-3/WARN]: Incorrect key -----------------PLATEAU_BIOMES--------------------.hot_wet was corrected from null to its default, regions_unexplored:eucalyptus_forest. 
[19:18:05] [Thread-3/WARN]: Incorrect key -----------------PLATEAU_BIOMES--------------------.hot_humid was corrected from null to its default, regions_unexplored:eucalyptus_forest. 
[19:18:05] [Thread-3/WARN]: Incorrect key -----------------PLATEAU_BIOMES_VARIANT-------------------- was corrected from null to its default, SimpleCommentedConfig:{}. 
[19:18:05] [Thread-3/WARN]: Incorrect key -----------------PLATEAU_BIOMES_VARIANT--------------------.icy_arid was corrected from null to its default, regions_unexplored:icy_heights. 
[19:18:05] [Thread-3/WARN]: Incorrect key -----------------PLATEAU_BIOMES_VARIANT--------------------.icy_dry was corrected from null to its default, regions_unexplored:icy_heights. 
[19:18:05] [Thread-3/WARN]: Incorrect key -----------------PLATEAU_BIOMES_VARIANT--------------------.icy_neutral was corrected from null to its default, regions_unexplored:icy_heights. 
[19:18:05] [Thread-3/WARN]: Incorrect key -----------------PLATEAU_BIOMES_VARIANT--------------------.icy_wet was corrected from null to its default, regions_unexplored:icy_heights. 
[19:18:05] [Thread-3/WARN]: Incorrect key -----------------PLATEAU_BIOMES_VARIANT--------------------.icy_humid was corrected from null to its default, regions_unexplored:spires. 
[19:18:05] [Thread-3/WARN]: Incorrect key -----------------PLATEAU_BIOMES_VARIANT--------------------.cool_arid was corrected from null to its default, regions_unexplored:autumnal_maple_forest. 
[19:18:05] [Thread-3/WARN]: Incorrect key -----------------PLATEAU_BIOMES_VARIANT--------------------.cool_dry was corrected from null to its default, regions_unexplored:autumnal_maple_forest. 
[19:18:05] [Thread-3/WARN]: Incorrect key -----------------PLATEAU_BIOMES_VARIANT--------------------.cool_neutral was corrected from null to its default, regions_unexplored:maple_forest. 
[19:18:05] [Thread-3/WARN]: Incorrect key -----------------PLATEAU_BIOMES_VARIANT--------------------.cool_wet was corrected from null to its default, regions_unexplored:boreal_taiga. 
[19:18:05] [Thread-3/WARN]: Incorrect key -----------------PLATEAU_BIOMES_VARIANT--------------------.cool_humid was corrected from null to its default, regions_unexplored:golden_boreal_taiga. 
[19:18:05] [Thread-3/WARN]: Incorrect key -----------------PLATEAU_BIOMES_VARIANT--------------------.neutral_arid was corrected from null to its default, regions_unexplored:orchard. 
[19:18:05] [Thread-3/WARN]: Incorrect key -----------------PLATEAU_BIOMES_VARIANT--------------------.neutral_dry was corrected from null to its default, regions_unexplored:highland_fields. 
[19:18:05] [Thread-3/WARN]: Incorrect key -----------------PLATEAU_BIOMES_VARIANT--------------------.neutral_neutral was corrected from null to its default, regions_unexplored:temperate_grove. 
[19:18:05] [Thread-3/WARN]: Incorrect key -----------------PLATEAU_BIOMES_VARIANT--------------------.neutral_wet was corrected from null to its default, regions_unexplored:pine_taiga. 
[19:18:05] [Thread-3/WARN]: Incorrect key -----------------PLATEAU_BIOMES_VARIANT--------------------.neutral_humid was corrected from null to its default, regions_unexplored:blackwood_taiga. 
[19:18:05] [Thread-3/WARN]: Incorrect key -----------------PLATEAU_BIOMES_VARIANT--------------------.warm_arid was corrected from null to its default, regions_unexplored:deciduous_forest. 
[19:18:05] [Thread-3/WARN]: Incorrect key -----------------PLATEAU_BIOMES_VARIANT--------------------.warm_dry was corrected from null to its default, regions_unexplored:deciduous_forest. 
[19:18:05] [Thread-3/WARN]: Incorrect key -----------------PLATEAU_BIOMES_VARIANT--------------------.warm_neutral was corrected from null to its default, regions_unexplored:deciduous_forest. 
[19:18:05] [Thread-3/WARN]: Incorrect key -----------------PLATEAU_BIOMES_VARIANT--------------------.warm_wet was corrected from null to its default, regions_unexplored:redwoods. 
[19:18:05] [Thread-3/WARN]: Incorrect key -----------------PLATEAU_BIOMES_VARIANT--------------------.warm_humid was corrected from null to its default, regions_unexplored:sparse_redwoods. 
[19:18:05] [Thread-3/WARN]: Incorrect key -----------------PLATEAU_BIOMES_VARIANT--------------------.hot_arid was corrected from null to its default, regions_unexplored:steppe. 
[19:18:05] [Thread-3/WARN]: Incorrect key -----------------PLATEAU_BIOMES_VARIANT--------------------.hot_dry was corrected from null to its default, regions_unexplored:steppe. 
[19:18:05] [Thread-3/WARN]: Incorrect key -----------------PLATEAU_BIOMES_VARIANT--------------------.hot_neutral was corrected from null to its default, regions_unexplored:saguaro_desert. 
[19:18:05] [Thread-3/WARN]: Incorrect key -----------------PLATEAU_BIOMES_VARIANT--------------------.hot_wet was corrected from null to its default, regions_unexplored:eucalyptus_forest. 
[19:18:05] [Thread-3/WARN]: Incorrect key -----------------PLATEAU_BIOMES_VARIANT--------------------.hot_humid was corrected from null to its default, regions_unexplored:eucalyptus_forest. 
[19:18:05] [Thread-3/WARN]: Incorrect key -----------------SHATTERED_BIOMES-------------------- was corrected from null to its default, SimpleCommentedConfig:{}. 
[19:18:05] [Thread-3/WARN]: Incorrect key -----------------SHATTERED_BIOMES--------------------.icy_arid was corrected from null to its default, regions_unexplored:icy_heights. 
[19:18:05] [Thread-3/WARN]: Incorrect key -----------------SHATTERED_BIOMES--------------------.icy_dry was corrected from null to its default, regions_unexplored:icy_heights. 
[19:18:05] [Thread-3/WARN]: Incorrect key -----------------SHATTERED_BIOMES--------------------.icy_neutral was corrected from null to its default, regions_unexplored:icy_heights. 
[19:18:05] [Thread-3/WARN]: Incorrect key -----------------SHATTERED_BIOMES--------------------.icy_wet was corrected from null to its default, regions_unexplored:icy_heights. 
[19:18:05] [Thread-3/WARN]: Incorrect key -----------------SHATTERED_BIOMES--------------------.icy_humid was corrected from null to its default, regions_unexplored:icy_heights. 
[19:18:05] [Thread-3/WARN]: Incorrect key -----------------SHATTERED_BIOMES--------------------.cool_arid was corrected from null to its default, regions_unexplored:towering_cliffs. 
[19:18:05] [Thread-3/WARN]: Incorrect key -----------------SHATTERED_BIOMES--------------------.cool_dry was corrected from null to its default, regions_unexplored:towering_cliffs. 
[19:18:05] [Thread-3/WARN]: Incorrect key -----------------SHATTERED_BIOMES--------------------.cool_neutral was corrected from null to its default, regions_unexplored:towering_cliffs. 
[19:18:05] [Thread-3/WARN]: Incorrect key -----------------SHATTERED_BIOMES--------------------.cool_wet was corrected from null to its default, regions_unexplored:towering_cliffs. 
[19:18:05] [Thread-3/WARN]: Incorrect key -----------------SHATTERED_BIOMES--------------------.cool_humid was corrected from null to its default, regions_unexplored:towering_cliffs. 
[19:18:05] [Thread-3/WARN]: Incorrect key -----------------SHATTERED_BIOMES--------------------.neutral_arid was corrected from null to its default, regions_unexplored:towering_cliffs. 
[19:18:05] [Thread-3/WARN]: Incorrect key -----------------SHATTERED_BIOMES--------------------.neutral_dry was corrected from null to its default, regions_unexplored:towering_cliffs. 
[19:18:05] [Thread-3/WARN]: Incorrect key -----------------SHATTERED_BIOMES--------------------.neutral_neutral was corrected from null to its default, regions_unexplored:towering_cliffs. 
[19:18:05] [Thread-3/WARN]: Incorrect key -----------------SHATTERED_BIOMES--------------------.neutral_wet was corrected from null to its default, regions_unexplored:towering_cliffs. 
[19:18:05] [Thread-3/WARN]: Incorrect key -----------------SHATTERED_BIOMES--------------------.neutral_humid was corrected from null to its default, regions_unexplored:towering_cliffs. 
[19:18:05] [Thread-3/WARN]: Incorrect key -----------------SHATTERED_BIOMES--------------------.warm_arid was corrected from null to its default, regions_unexplored:barley_fields. 
[19:18:05] [Thread-3/WARN]: Incorrect key -----------------SHATTERED_BIOMES--------------------.warm_dry was corrected from null to its default, regions_unexplored:deciduous_forest. 
[19:18:05] [Thread-3/WARN]: Incorrect key -----------------SHATTERED_BIOMES--------------------.warm_neutral was corrected from null to its default, regions_unexplored:deciduous_forest. 
[19:18:05] [Thread-3/WARN]: Incorrect key -----------------SHATTERED_BIOMES--------------------.warm_wet was corrected from null to its default, regions_unexplored:sparse_redwoods. 
[19:18:05] [Thread-3/WARN]: Incorrect key -----------------SHATTERED_BIOMES--------------------.warm_humid was corrected from null to its default, regions_unexplored:sparse_redwoods. 
[19:18:05] [Thread-3/WARN]: Incorrect key -----------------SHATTERED_BIOMES--------------------.hot_arid was corrected from null to its default, regions_unexplored:steppe. 
[19:18:05] [Thread-3/WARN]: Incorrect key -----------------SHATTERED_BIOMES--------------------.hot_dry was corrected from null to its default, regions_unexplored:steppe. 
[19:18:05] [Thread-3/WARN]: Incorrect key -----------------SHATTERED_BIOMES--------------------.hot_neutral was corrected from null to its default, regions_unexplored:saguaro_desert. 
[19:18:05] [Thread-3/WARN]: Incorrect key -----------------SHATTERED_BIOMES--------------------.hot_wet was corrected from null to its default, regions_unexplored:eucalyptus_forest. 
[19:18:05] [Thread-3/WARN]: Incorrect key -----------------SHATTERED_BIOMES--------------------.hot_humid was corrected from null to its default, regions_unexplored:eucalyptus_forest. 
[19:18:05] [Thread-3/WARN]: Incorrect key -----------------SLOPE_BIOMES-------------------- was corrected from null to its default, SimpleCommentedConfig:{}. 
[19:18:05] [Thread-3/WARN]: Incorrect key -----------------SLOPE_BIOMES--------------------.icy_slope_biome was corrected from null to its default, minecraft:snowy_slopes. 
[19:18:05] [Thread-3/WARN]: Incorrect key -----------------SLOPE_BIOMES--------------------.cold_slope_biome was corrected from null to its default, minecraft:grove. 
[19:18:05] [Thread-3/WARN]: Incorrect key -----------------SLOPE_BIOMES--------------------.neutral_slope_biome was corrected from null to its default, regions_unexplored:pine_slopes. 
[19:18:05] [Thread-3/WARN]: Incorrect key -----------------SLOPE_BIOMES--------------------.warm_slope_biome was corrected from null to its default, regions_unexplored:deciduous_forest. 
[19:18:05] [Thread-3/WARN]: Incorrect key -----------------SLOPE_BIOMES--------------------.hot_slope_biome was corrected from null to its default, regions_unexplored:eucalyptus_forest. 
[19:18:05] [Thread-3/WARN]: Incorrect key -----------------SLOPE_BIOMES--------------------.icy_slope_biome_variant was corrected from null to its default, regions_unexplored:cold_deciduous_forest. 
[19:18:05] [Thread-3/WARN]: Incorrect key -----------------SLOPE_BIOMES--------------------.cold_slope_biome_variant was corrected from null to its default, regions_unexplored:pine_slopes. 
[19:18:05] [Thread-3/WARN]: Incorrect key -----------------SLOPE_BIOMES--------------------.neutral_slope_biome_variant was corrected from null to its default, regions_unexplored:pine_slopes. 
[19:18:05] [Thread-3/WARN]: Incorrect key -----------------SLOPE_BIOMES--------------------.warm_slope_biome_variant was corrected from null to its default, regions_unexplored:deciduous_forest. 
[19:18:05] [Thread-3/WARN]: Incorrect key -----------------SLOPE_BIOMES--------------------.hot_slope_biome_variant was corrected from null to its default, regions_unexplored:eucalyptus_forest. 
[19:18:05] [Thread-3/WARN]: Incorrect key -----------------PEAK_BIOMES-------------------- was corrected from null to its default, SimpleCommentedConfig:{}. 
[19:18:05] [Thread-3/WARN]: Incorrect key -----------------PEAK_BIOMES--------------------.icy_peak_biome was corrected from null to its default, minecraft:frozen_peaks. 
[19:18:05] [Thread-3/WARN]: Incorrect key -----------------PEAK_BIOMES--------------------.cold_peak_biome was corrected from null to its default, minecraft:jagged_peaks. 
[19:18:05] [Thread-3/WARN]: Incorrect key -----------------PEAK_BIOMES--------------------.neutral_peak_biome was corrected from null to its default, regions_unexplored:mountains. 
[19:18:05] [Thread-3/WARN]: Incorrect key -----------------PEAK_BIOMES--------------------.warm_peak_biome was corrected from null to its default, minecraft:stony_peaks. 
[19:18:05] [Thread-3/WARN]: Incorrect key -----------------PEAK_BIOMES--------------------.hot_peak_biome was corrected from null to its default, regions_unexplored:arid_mountains. 
[19:18:05] [Thread-3/WARN]: Incorrect key -----------------PEAK_BIOMES--------------------.icy_peak_biome_variant was corrected from null to its default, minecraft:jagged_peaks. 
[19:18:05] [Thread-3/WARN]: Incorrect key -----------------PEAK_BIOMES--------------------.cold_peak_biome_variant was corrected from null to its default, regions_unexplored:mountains. 
[19:18:05] [Thread-3/WARN]: Incorrect key -----------------PEAK_BIOMES--------------------.neutral_peak_biome_variant was corrected from null to its default, regions_unexplored:mountains. 
[19:18:05] [Thread-3/WARN]: Incorrect key -----------------PEAK_BIOMES--------------------.warm_peak_biome_variant was corrected from null to its default, minecraft:stony_peaks. 
[19:18:05] [Thread-3/WARN]: Incorrect key -----------------PEAK_BIOMES--------------------.hot_peak_biome_variant was corrected from null to its default, regions_unexplored:arid_mountains. 
[19:18:05] [Thread-3/WARN]: Incorrect key -----------------RIVER_BIOMES-------------------- was corrected from null to its default, SimpleCommentedConfig:{}. 
[19:18:05] [Thread-3/WARN]: Incorrect key -----------------RIVER_BIOMES--------------------.icy_arid was corrected from null to its default, minecraft:frozen_river. 
[19:18:05] [Thread-3/WARN]: Incorrect key -----------------RIVER_BIOMES--------------------.icy_dry was corrected from null to its default, minecraft:frozen_river. 
[19:18:05] [Thread-3/WARN]: Incorrect key -----------------RIVER_BIOMES--------------------.icy_neutral was corrected from null to its default, minecraft:frozen_river. 
[19:18:05] [Thread-3/WARN]: Incorrect key -----------------RIVER_BIOMES--------------------.icy_wet was corrected from null to its default, minecraft:frozen_river. 
[19:18:05] [Thread-3/WARN]: Incorrect key -----------------RIVER_BIOMES--------------------.icy_humid was corrected from null to its default, regions_unexplored:cold_river. 
[19:18:05] [Thread-3/WARN]: Incorrect key -----------------RIVER_BIOMES--------------------.cool_arid was corrected from null to its default, regions_unexplored:cold_river. 
[19:18:05] [Thread-3/WARN]: Incorrect key -----------------RIVER_BIOMES--------------------.cool_dry was corrected from null to its default, regions_unexplored:cold_river. 
[19:18:05] [Thread-3/WARN]: Incorrect key -----------------RIVER_BIOMES--------------------.cool_neutral was corrected from null to its default, regions_unexplored:muddy_river. 
[19:18:05] [Thread-3/WARN]: Incorrect key -----------------RIVER_BIOMES--------------------.cool_wet was corrected from null to its default, regions_unexplored:muddy_river. 
[19:18:05] [Thread-3/WARN]: Incorrect key -----------------RIVER_BIOMES--------------------.cool_humid was corrected from null to its default, regions_unexplored:muddy_river. 
[19:18:05] [Thread-3/WARN]: Incorrect key -----------------RIVER_BIOMES--------------------.neutral_arid was corrected from null to its default, minecraft:river. 
[19:18:05] [Thread-3/WARN]: Incorrect key -----------------RIVER_BIOMES--------------------.neutral_dry was corrected from null to its default, minecraft:river. 
[19:18:05] [Thread-3/WARN]: Incorrect key -----------------RIVER_BIOMES--------------------.neutral_neutral was corrected from null to its default, minecraft:river. 
[19:18:05] [Thread-3/WARN]: Incorrect key -----------------RIVER_BIOMES--------------------.neutral_wet was corrected from null to its default, minecraft:river. 
[19:18:05] [Thread-3/WARN]: Incorrect key -----------------RIVER_BIOMES--------------------.neutral_humid was corrected from null to its default, regions_unexplored:blackwood_taiga. 
[19:18:05] [Thread-3/WARN]: Incorrect key -----------------RIVER_BIOMES--------------------.warm_arid was corrected from null to its default, minecraft:river. 
[19:18:05] [Thread-3/WARN]: Incorrect key -----------------RIVER_BIOMES--------------------.warm_dry was corrected from null to its default, minecraft:river. 
[19:18:05] [Thread-3/WARN]: Incorrect key -----------------RIVER_BIOMES--------------------.warm_neutral was corrected from null to its default, minecraft:river. 
[19:18:05] [Thread-3/WARN]: Incorrect key -----------------RIVER_BIOMES--------------------.warm_wet was corrected from null to its default, minecraft:river. 
[19:18:05] [Thread-3/WARN]: Incorrect key -----------------RIVER_BIOMES--------------------.warm_humid was corrected from null to its default, minecraft:river. 
[19:18:05] [Thread-3/WARN]: Incorrect key -----------------RIVER_BIOMES--------------------.hot_arid was corrected from null to its default, minecraft:river. 
[19:18:05] [Thread-3/WARN]: Incorrect key -----------------RIVER_BIOMES--------------------.hot_dry was corrected from null to its default, minecraft:river. 
[19:18:05] [Thread-3/WARN]: Incorrect key -----------------RIVER_BIOMES--------------------.hot_neutral was corrected from null to its default, regions_unexplored:tropical_river. 
[19:18:05] [Thread-3/WARN]: Incorrect key -----------------RIVER_BIOMES--------------------.hot_wet was corrected from null to its default, regions_unexplored:tropical_river. 
[19:18:05] [Thread-3/WARN]: Incorrect key -----------------RIVER_BIOMES--------------------.hot_humid was corrected from null to its default, regions_unexplored:tropical_river. 
[19:18:05] [Thread-3/WARN]: Incorrect key -----------------RIVER_BIOMES_VARIANT-------------------- was corrected from null to its default, SimpleCommentedConfig:{}. 
[19:18:05] [Thread-3/WARN]: Incorrect key -----------------RIVER_BIOMES_VARIANT--------------------.icy_arid was corrected from null to its default, minecraft:frozen_river. 
[19:18:05] [Thread-3/WARN]: Incorrect key -----------------RIVER_BIOMES_VARIANT--------------------.icy_dry was corrected from null to its default, minecraft:frozen_river. 
[19:18:05] [Thread-3/WARN]: Incorrect key -----------------RIVER_BIOMES_VARIANT--------------------.icy_neutral was corrected from null to its default, minecraft:frozen_river. 
[19:18:05] [Thread-3/WARN]: Incorrect key -----------------RIVER_BIOMES_VARIANT--------------------.icy_wet was corrected from null to its default, minecraft:frozen_river. 
[19:18:05] [Thread-3/WARN]: Incorrect key -----------------RIVER_BIOMES_VARIANT--------------------.icy_humid was corrected from null to its default, regions_unexplored:cold_river. 
[19:18:05] [Thread-3/WARN]: Incorrect key -----------------RIVER_BIOMES_VARIANT--------------------.cool_arid was corrected from null to its default, regions_unexplored:cold_river. 
[19:18:05] [Thread-3/WARN]: Incorrect key -----------------RIVER_BIOMES_VARIANT--------------------.cool_dry was corrected from null to its default, regions_unexplored:cold_river. 
[19:18:05] [Thread-3/WARN]: Incorrect key -----------------RIVER_BIOMES_VARIANT--------------------.cool_neutral was corrected from null to its default, regions_unexplored:muddy_river. 
[19:18:05] [Thread-3/WARN]: Incorrect key -----------------RIVER_BIOMES_VARIANT--------------------.cool_wet was corrected from null to its default, regions_unexplored:muddy_river. 
[19:18:05] [Thread-3/WARN]: Incorrect key -----------------RIVER_BIOMES_VARIANT--------------------.cool_humid was corrected from null to its default, regions_unexplored:muddy_river. 
[19:18:05] [Thread-3/WARN]: Incorrect key -----------------RIVER_BIOMES_VARIANT--------------------.neutral_arid was corrected from null to its default, minecraft:river. 
[19:18:05] [Thread-3/WARN]: Incorrect key -----------------RIVER_BIOMES_VARIANT--------------------.neutral_dry was corrected from null to its default, minecraft:river. 
[19:18:05] [Thread-3/WARN]: Incorrect key -----------------RIVER_BIOMES_VARIANT--------------------.neutral_neutral was corrected from null to its default, minecraft:river. 
[19:18:05] [Thread-3/WARN]: Incorrect key -----------------RIVER_BIOMES_VARIANT--------------------.neutral_wet was corrected from null to its default, minecraft:river. 
[19:18:05] [Thread-3/WARN]: Incorrect key -----------------RIVER_BIOMES_VARIANT--------------------.neutral_humid was corrected from null to its default, regions_unexplored:blackwood_taiga. 
[19:18:05] [Thread-3/WARN]: Incorrect key -----------------RIVER_BIOMES_VARIANT--------------------.warm_arid was corrected from null to its default, minecraft:river. 
[19:18:05] [Thread-3/WARN]: Incorrect key -----------------RIVER_BIOMES_VARIANT--------------------.warm_dry was corrected from null to its default, minecraft:river. 
[19:18:05] [Thread-3/WARN]: Incorrect key -----------------RIVER_BIOMES_VARIANT--------------------.warm_neutral was corrected from null to its default, minecraft:river. 
[19:18:05] [Thread-3/WARN]: Incorrect key -----------------RIVER_BIOMES_VARIANT--------------------.warm_wet was corrected from null to its default, minecraft:river. 
[19:18:05] [Thread-3/WARN]: Incorrect key -----------------RIVER_BIOMES_VARIANT--------------------.warm_humid was corrected from null to its default, minecraft:river. 
[19:18:05] [Thread-3/WARN]: Incorrect key -----------------RIVER_BIOMES_VARIANT--------------------.hot_arid was corrected from null to its default, minecraft:river. 
[19:18:05] [Thread-3/WARN]: Incorrect key -----------------RIVER_BIOMES_VARIANT--------------------.hot_dry was corrected from null to its default, minecraft:river. 
[19:18:05] [Thread-3/WARN]: Incorrect key -----------------RIVER_BIOMES_VARIANT--------------------.hot_neutral was corrected from null to its default, regions_unexplored:tropical_river. 
[19:18:05] [Thread-3/WARN]: Incorrect key -----------------RIVER_BIOMES_VARIANT--------------------.hot_wet was corrected from null to its default, regions_unexplored:tropical_river. 
[19:18:05] [Thread-3/WARN]: Incorrect key -----------------RIVER_BIOMES_VARIANT--------------------.hot_humid was corrected from null to its default, regions_unexplored:tropical_river. 
[19:18:05] [Thread-3/WARN]: Incorrect key -----------------SWAMP_BIOMES-------------------- was corrected from null to its default, SimpleCommentedConfig:{}. 
[19:18:05] [Thread-3/WARN]: Incorrect key -----------------SWAMP_BIOMES--------------------.icy_arid was corrected from null to its default, regions_unexplored:spires. 
[19:18:05] [Thread-3/WARN]: Incorrect key -----------------SWAMP_BIOMES--------------------.icy_dry was corrected from null to its default, regions_unexplored:spires. 
[19:18:05] [Thread-3/WARN]: Incorrect key -----------------SWAMP_BIOMES--------------------.icy_neutral was corrected from null to its default, regions_unexplored:spires. 
[19:18:05] [Thread-3/WARN]: Incorrect key -----------------SWAMP_BIOMES--------------------.icy_wet was corrected from null to its default, regions_unexplored:spires. 
[19:18:05] [Thread-3/WARN]: Incorrect key -----------------SWAMP_BIOMES--------------------.icy_humid was corrected from null to its default, regions_unexplored:spires. 
[19:18:05] [Thread-3/WARN]: Incorrect key -----------------SWAMP_BIOMES--------------------.cool_arid was corrected from null to its default, regions_unexplored:fen. 
[19:18:05] [Thread-3/WARN]: Incorrect key -----------------SWAMP_BIOMES--------------------.cool_dry was corrected from null to its default, regions_unexplored:fen. 
[19:18:05] [Thread-3/WARN]: Incorrect key -----------------SWAMP_BIOMES--------------------.cool_neutral was corrected from null to its default, regions_unexplored:fen. 
[19:18:05] [Thread-3/WARN]: Incorrect key -----------------SWAMP_BIOMES--------------------.cool_wet was corrected from null to its default, regions_unexplored:fen. 
[19:18:05] [Thread-3/WARN]: Incorrect key -----------------SWAMP_BIOMES--------------------.cool_humid was corrected from null to its default, regions_unexplored:fen. 
[19:18:05] [Thread-3/WARN]: Incorrect key -----------------SWAMP_BIOMES--------------------.neutral_arid was corrected from null to its default, regions_unexplored:old_growth_bayou. 
[19:18:05] [Thread-3/WARN]: Incorrect key -----------------SWAMP_BIOMES--------------------.neutral_dry was corrected from null to its default, regions_unexplored:bayou. 
[19:18:05] [Thread-3/WARN]: Incorrect key -----------------SWAMP_BIOMES--------------------.neutral_neutral was corrected from null to its default, regions_unexplored:bayou. 
[19:18:05] [Thread-3/WARN]: Incorrect key -----------------SWAMP_BIOMES--------------------.neutral_wet was corrected from null to its default, regions_unexplored:bayou. 
[19:18:05] [Thread-3/WARN]: Incorrect key -----------------SWAMP_BIOMES--------------------.neutral_humid was corrected from null to its default, regions_unexplored:old_growth_bayou. 
[19:18:05] [Thread-3/WARN]: Incorrect key -----------------SWAMP_BIOMES--------------------.warm_arid was corrected from null to its default, regions_unexplored:marsh. 
[19:18:05] [Thread-3/WARN]: Incorrect key -----------------SWAMP_BIOMES--------------------.warm_dry was corrected from null to its default, regions_unexplored:marsh. 
[19:18:05] [Thread-3/WARN]: Incorrect key -----------------SWAMP_BIOMES--------------------.warm_neutral was corrected from null to its default, regions_unexplored:marsh. 
[19:18:05] [Thread-3/WARN]: Incorrect key -----------------SWAMP_BIOMES--------------------.warm_wet was corrected from null to its default, regions_unexplored:marsh. 
[19:18:05] [Thread-3/WARN]: Incorrect key -----------------SWAMP_BIOMES--------------------.warm_humid was corrected from null to its default, regions_unexplored:marsh. 
[19:18:05] [Thread-3/WARN]: Incorrect key -----------------SWAMP_BIOMES--------------------.hot_arid was corrected from null to its default, regions_unexplored:fungal_fen. 
[19:18:05] [Thread-3/WARN]: Incorrect key -----------------SWAMP_BIOMES--------------------.hot_dry was corrected from null to its default, regions_unexplored:fungal_fen. 
[19:18:05] [Thread-3/WARN]: Incorrect key -----------------SWAMP_BIOMES--------------------.hot_neutral was corrected from null to its default, regions_unexplored:fungal_fen. 
[19:18:05] [Thread-3/WARN]: Incorrect key -----------------SWAMP_BIOMES--------------------.hot_wet was corrected from null to its default, regions_unexplored:fungal_fen. 
[19:18:05] [Thread-3/WARN]: Incorrect key -----------------SWAMP_BIOMES--------------------.hot_humid was corrected from null to its default, regions_unexplored:fungal_fen. 
[19:18:05] [Thread-3/WARN]: Incorrect key -----------------OCEAN_BIOMES-------------------- was corrected from null to its default, SimpleCommentedConfig:{}. 
[19:18:05] [Thread-3/WARN]: Incorrect key -----------------OCEAN_BIOMES--------------------.deep_icy was corrected from null to its default, regions_unexplored:hyacinth_deeps. 
[19:18:05] [Thread-3/WARN]: Incorrect key -----------------OCEAN_BIOMES--------------------.deep_cool was corrected from null to its default, minecraft:deep_cold_ocean. 
[19:18:05] [Thread-3/WARN]: Incorrect key -----------------OCEAN_BIOMES--------------------.deep_neutral was corrected from null to its default, minecraft:deep_ocean. 
[19:18:05] [Thread-3/WARN]: Incorrect key -----------------OCEAN_BIOMES--------------------.deep_warm was corrected from null to its default, minecraft:deep_lukewarm_ocean. 
[19:18:05] [Thread-3/WARN]: Incorrect key -----------------OCEAN_BIOMES--------------------.deep_hot was corrected from null to its default, minecraft:warm_ocean. 
[19:18:05] [Thread-3/WARN]: Incorrect key -----------------OCEAN_BIOMES--------------------.icy was corrected from null to its default, minecraft:frozen_ocean. 
[19:18:05] [Thread-3/WARN]: Incorrect key -----------------OCEAN_BIOMES--------------------.cool was corrected from null to its default, minecraft:cold_ocean. 
[19:18:05] [Thread-3/WARN]: Incorrect key -----------------OCEAN_BIOMES--------------------.neutral was corrected from null to its default, minecraft:ocean. 
[19:18:05] [Thread-3/WARN]: Incorrect key -----------------OCEAN_BIOMES--------------------.warm was corrected from null to its default, minecraft:lukewarm_ocean. 
[19:18:05] [Thread-3/WARN]: Incorrect key -----------------OCEAN_BIOMES--------------------.hot was corrected from null to its default, regions_unexplored:rocky_reef. 
[19:18:05] [Thread-3/WARN]: Incorrect key -----------------SHORE_BIOMES-------------------- was corrected from null to its default, SimpleCommentedConfig:{}. 
[19:18:05] [Thread-3/WARN]: Incorrect key -----------------SHORE_BIOMES--------------------.icy_beach_biome was corrected from null to its default, minecraft:snowy_beach. 
[19:18:05] [Thread-3/WARN]: Incorrect key -----------------SHORE_BIOMES--------------------.cold_beach_biome was corrected from null to its default, regions_unexplored:gravel_beach. 
[19:18:05] [Thread-3/WARN]: Incorrect key -----------------SHORE_BIOMES--------------------.neutral_beach_biome was corrected from null to its default, regions_unexplored:grassy_beach. 
[19:18:05] [Thread-3/WARN]: Incorrect key -----------------SHORE_BIOMES--------------------.warm_beach_biome was corrected from null to its default, regions_unexplored:grassy_beach. 
[19:18:05] [Thread-3/WARN]: Incorrect key -----------------SHORE_BIOMES--------------------.hot_beach_biome was corrected from null to its default, minecraft:beach. 
[19:18:05] [Thread-3/WARN]: Incorrect key -----------------SHORE_BIOMES--------------------.cold_stone_beach_biome was corrected from null to its default, minecraft:stony_shore. 
[19:18:05] [Thread-3/WARN]: Incorrect key -----------------SHORE_BIOMES--------------------.hot_stone_beach_biome was corrected from null to its default, regions_unexplored:chalk_cliffs. 
[19:18:05] [Thread-3/WARN]: Incorrect key -----------------UNDERGROUND_BIOMES-------------------- was corrected from null to its default, SimpleCommentedConfig:{}. 
[19:18:05] [Thread-3/WARN]: Incorrect key -----------------UNDERGROUND_BIOMES--------------------.cave_1_biome was corrected from null to its default, minecraft:lush_caves. 
[19:18:05] [Thread-3/WARN]: Incorrect key -----------------UNDERGROUND_BIOMES--------------------.cave_2_biome was corrected from null to its default, minecraft:dripstone_caves. 
[19:18:05] [Thread-3/WARN]: Incorrect key -----------------UNDERGROUND_BIOMES--------------------.cave_3_biome was corrected from null to its default, minecraft:deep_dark. 
[19:18:05] [Thread-3/WARN]: Incorrect key -----------------UNDERGROUND_BIOMES--------------------.cave_4_biome was corrected from null to its default, regions_unexplored:bioshroom_caves. 
[19:18:05] [Thread-3/WARN]: Incorrect key -----------------UNDERGROUND_BIOMES--------------------.cave_5_biome was corrected from null to its default, regions_unexplored:ancient_delta. 
[19:18:05] [Thread-3/WARN]: Incorrect key -----------------UNDERGROUND_BIOMES--------------------.cave_6_biome was corrected from null to its default, regions_unexplored:prismachasm. 
[19:18:05] [Thread-3/WARN]: Incorrect key -----------------UNDERGROUND_BIOMES--------------------.cave_7_biome was corrected from null to its default, regions_unexplored:redstone_caves. 
[19:18:05] [Thread-3/WARN]: Incorrect key -----------------UNDERGROUND_BIOMES--------------------.cave_8_biome was corrected from null to its default, regions_unexplored:scorching_caves. 
[19:18:05] [Thread-3/WARN]: Incorrect key -----------------ISLAND_BIOMES-------------------- was corrected from null to its default, SimpleCommentedConfig:{}. 
[19:18:05] [Thread-3/WARN]: Incorrect key -----------------ISLAND_BIOMES--------------------.icy_island_biome was corrected from null to its default, regions_unexplored:alpha_grove. 
[19:18:05] [Thread-3/WARN]: Incorrect key -----------------ISLAND_BIOMES--------------------.cool_island_biome was corrected from null to its default, regions_unexplored:alpha_grove. 
[19:18:05] [Thread-3/WARN]: Incorrect key -----------------ISLAND_BIOMES--------------------.neutral_island_biome was corrected from null to its default, regions_unexplored:ashen_woodland. 
[19:18:05] [Thread-3/WARN]: Incorrect key -----------------ISLAND_BIOMES--------------------.warm_island_biome was corrected from null to its default, regions_unexplored:tropics. 
[19:18:05] [Thread-3/WARN]: Incorrect key -----------------ISLAND_BIOMES--------------------.hot_island_biome was corrected from null to its default, regions_unexplored:tropics. 
[19:18:05] [Thread-3/WARN]: Incorrect key -----------------OTHER_BIOMES-------------------- was corrected from null to its default, SimpleCommentedConfig:{}. 
[19:18:05] [Thread-3/WARN]: Incorrect key -----------------OTHER_BIOMES--------------------.shattered_cliff_biome was corrected from null to its default, regions_unexplored:towering_cliffs. 
[19:18:05] [main/INFO]: File exists, reading config for elocindev.resistance_balancer.config.ResistanceBalancerConfig.
[19:18:05] [main/INFO]: Config for elocindev.resistance_balancer.config.ResistanceBalancerConfig read successfully.
[19:18:06] [Thread-3/WARN]: Configuration file /workspaces/CraftCoso/servidor_minecraft/./config/regions_unexplored/regions_unexplored-primary-region.toml is not correct. Correcting
[19:18:06] [Thread-3/WARN]: Incorrect key -----------------MIDDLE_BIOMES-------------------- was corrected from null to its default, SimpleCommentedConfig:{}. 
[19:18:06] [Thread-3/WARN]: Incorrect key -----------------MIDDLE_BIOMES--------------------.icy_arid was corrected from null to its default, regions_unexplored:frozen_tundra. 
[19:18:06] [Thread-3/WARN]: Incorrect key -----------------MIDDLE_BIOMES--------------------.icy_dry was corrected from null to its default, regions_unexplored:frozen_tundra. 
[19:18:06] [Thread-3/WARN]: Incorrect key -----------------MIDDLE_BIOMES--------------------.icy_neutral was corrected from null to its default, regions_unexplored:frozen_pine_taiga. 
[19:18:06] [Thread-3/WARN]: Incorrect key -----------------MIDDLE_BIOMES--------------------.icy_wet was corrected from null to its default, regions_unexplored:cold_boreal_taiga. 
[19:18:06] [Thread-3/WARN]: Incorrect key -----------------MIDDLE_BIOMES--------------------.icy_humid was corrected from null to its default, regions_unexplored:cold_boreal_taiga. 
[19:18:06] [Thread-3/WARN]: Incorrect key -----------------MIDDLE_BIOMES--------------------.cool_arid was corrected from null to its default, regions_unexplored:pumpkin_fields. 
[19:18:06] [Thread-3/WARN]: Incorrect key -----------------MIDDLE_BIOMES--------------------.cool_dry was corrected from null to its default, regions_unexplored:autumnal_maple_forest. 
[19:18:06] [Thread-3/WARN]: Incorrect key -----------------MIDDLE_BIOMES--------------------.cool_neutral was corrected from null to its default, regions_unexplored:maple_forest. 
[19:18:06] [Thread-3/WARN]: Incorrect key -----------------MIDDLE_BIOMES--------------------.cool_wet was corrected from null to its default, regions_unexplored:boreal_taiga. 
[19:18:06] [Thread-3/WARN]: Incorrect key -----------------MIDDLE_BIOMES--------------------.cool_humid was corrected from null to its default, regions_unexplored:boreal_taiga. 
[19:18:06] [Thread-3/WARN]: Incorrect key -----------------MIDDLE_BIOMES--------------------.neutral_arid was corrected from null to its default, regions_unexplored:orchard. 
[19:18:06] [Thread-3/WARN]: Incorrect key -----------------MIDDLE_BIOMES--------------------.neutral_dry was corrected from null to its default, regions_unexplored:shrubland. 
[19:18:06] [Thread-3/WARN]: Incorrect key -----------------MIDDLE_BIOMES--------------------.neutral_neutral was corrected from null to its default, regions_unexplored:temperate_grove. 
[19:18:06] [Thread-3/WARN]: Incorrect key -----------------MIDDLE_BIOMES--------------------.neutral_wet was corrected from null to its default, regions_unexplored:pine_taiga. 
[19:18:06] [Thread-3/WARN]: Incorrect key -----------------MIDDLE_BIOMES--------------------.neutral_humid was corrected from null to its default, regions_unexplored:blackwood_taiga. 
[19:18:06] [Thread-3/WARN]: Incorrect key -----------------MIDDLE_BIOMES--------------------.warm_arid was corrected from null to its default, regions_unexplored:barley_fields. 
[19:18:06] [Thread-3/WARN]: Incorrect key -----------------MIDDLE_BIOMES--------------------.warm_dry was corrected from null to its default, regions_unexplored:prairie. 
[19:18:06] [Thread-3/WARN]: Incorrect key -----------------MIDDLE_BIOMES--------------------.warm_neutral was corrected from null to its default, regions_unexplored:grassland. 
[19:18:06] [Thread-3/WARN]: Incorrect key -----------------MIDDLE_BIOMES--------------------.warm_wet was corrected from null to its default, regions_unexplored:redwoods. 
[19:18:06] [Thread-3/WARN]: Incorrect key -----------------MIDDLE_BIOMES--------------------.warm_humid was corrected from null to its default, regions_unexplored:redwoods. 
[19:18:06] [Thread-3/WARN]: Incorrect key -----------------MIDDLE_BIOMES--------------------.hot_arid was corrected from null to its default, regions_unexplored:baobab_savanna. 
[19:18:06] [Thread-3/WARN]: Incorrect key -----------------MIDDLE_BIOMES--------------------.hot_dry was corrected from null to its default, regions_unexplored:baobab_savanna. 
[19:18:06] [Thread-3/WARN]: Incorrect key -----------------MIDDLE_BIOMES--------------------.hot_neutral was corrected from null to its default, regions_unexplored:saguaro_desert. 
[19:18:06] [Thread-3/WARN]: Incorrect key -----------------MIDDLE_BIOMES--------------------.hot_wet was corrected from null to its default, regions_unexplored:outback. 
[19:18:06] [Thread-3/WARN]: Incorrect key -----------------MIDDLE_BIOMES--------------------.hot_humid was corrected from null to its default, regions_unexplored:eucalyptus_forest. 
[19:18:06] [Thread-3/WARN]: Incorrect key -----------------MIDDLE_BIOMES_VARIANT-------------------- was corrected from null to its default, SimpleCommentedConfig:{}. 
[19:18:06] [Thread-3/WARN]: Incorrect key -----------------MIDDLE_BIOMES_VARIANT--------------------.icy_arid was corrected from null to its default, regions_unexplored:frozen_pine_taiga. 
[19:18:06] [Thread-3/WARN]: Incorrect key -----------------MIDDLE_BIOMES_VARIANT--------------------.icy_dry was corrected from null to its default, regions_unexplored:frozen_tundra. 
[19:18:06] [Thread-3/WARN]: Incorrect key -----------------MIDDLE_BIOMES_VARIANT--------------------.icy_neutral was corrected from null to its default, regions_unexplored:frozen_tundra. 
[19:18:06] [Thread-3/WARN]: Incorrect key -----------------MIDDLE_BIOMES_VARIANT--------------------.icy_wet was corrected from null to its default, regions_unexplored:cold_boreal_taiga. 
[19:18:06] [Thread-3/WARN]: Incorrect key -----------------MIDDLE_BIOMES_VARIANT--------------------.icy_humid was corrected from null to its default, regions_unexplored:spires. 
[19:18:06] [Thread-3/WARN]: Incorrect key -----------------MIDDLE_BIOMES_VARIANT--------------------.cool_arid was corrected from null to its default, regions_unexplored:autumnal_maple_forest. 
[19:18:06] [Thread-3/WARN]: Incorrect key -----------------MIDDLE_BIOMES_VARIANT--------------------.cool_dry was corrected from null to its default, regions_unexplored:autumnal_maple_forest. 
[19:18:06] [Thread-3/WARN]: Incorrect key -----------------MIDDLE_BIOMES_VARIANT--------------------.cool_neutral was corrected from null to its default, regions_unexplored:maple_forest. 
[19:18:06] [Thread-3/WARN]: Incorrect key -----------------MIDDLE_BIOMES_VARIANT--------------------.cool_wet was corrected from null to its default, regions_unexplored:boreal_taiga. 
[19:18:06] [Thread-3/WARN]: Incorrect key -----------------MIDDLE_BIOMES_VARIANT--------------------.cool_humid was corrected from null to its default, regions_unexplored:golden_boreal_taiga. 
[19:18:06] [Thread-3/WARN]: Incorrect key -----------------MIDDLE_BIOMES_VARIANT--------------------.neutral_arid was corrected from null to its default, regions_unexplored:orchard. 
[19:18:06] [Thread-3/WARN]: Incorrect key -----------------MIDDLE_BIOMES_VARIANT--------------------.neutral_dry was corrected from null to its default, regions_unexplored:shrubland. 
[19:18:06] [Thread-3/WARN]: Incorrect key -----------------MIDDLE_BIOMES_VARIANT--------------------.neutral_neutral was corrected from null to its default, regions_unexplored:temperate_grove. 
[19:18:06] [Thread-3/WARN]: Incorrect key -----------------MIDDLE_BIOMES_VARIANT--------------------.neutral_wet was corrected from null to its default, regions_unexplored:pine_taiga. 
[19:18:06] [Thread-3/WARN]: Incorrect key -----------------MIDDLE_BIOMES_VARIANT--------------------.neutral_humid was corrected from null to its default, regions_unexplored:blackwood_taiga. 
[19:18:06] [Thread-3/WARN]: Incorrect key -----------------MIDDLE_BIOMES_VARIANT--------------------.warm_arid was corrected from null to its default, regions_unexplored:prairie. 
[19:18:06] [Thread-3/WARN]: Incorrect key -----------------MIDDLE_BIOMES_VARIANT--------------------.warm_dry was corrected from null to its default, regions_unexplored:deciduous_forest. 
[19:18:06] [Thread-3/WARN]: Incorrect key -----------------MIDDLE_BIOMES_VARIANT--------------------.warm_neutral was corrected from null to its default, regions_unexplored:grassland. 
[19:18:06] [Thread-3/WARN]: Incorrect key -----------------MIDDLE_BIOMES_VARIANT--------------------.warm_wet was corrected from null to its default, regions_unexplored:redwoods. 
[19:18:06] [Thread-3/WARN]: Incorrect key -----------------MIDDLE_BIOMES_VARIANT--------------------.warm_humid was corrected from null to its default, regions_unexplored:sparse_redwoods. 
[19:18:06] [Thread-3/WARN]: Incorrect key -----------------MIDDLE_BIOMES_VARIANT--------------------.hot_arid was corrected from null to its default, regions_unexplored:baobab_savanna. 
[19:18:06] [Thread-3/WARN]: Incorrect key -----------------MIDDLE_BIOMES_VARIANT--------------------.hot_dry was corrected from null to its default, regions_unexplored:baobab_savanna. 
[19:18:06] [Thread-3/WARN]: Incorrect key -----------------MIDDLE_BIOMES_VARIANT--------------------.hot_neutral was corrected from null to its default, regions_unexplored:saguaro_desert. 
[19:18:06] [Thread-3/WARN]: Incorrect key -----------------MIDDLE_BIOMES_VARIANT--------------------.hot_wet was corrected from null to its default, regions_unexplored:outback. 
[19:18:06] [Thread-3/WARN]: Incorrect key -----------------MIDDLE_BIOMES_VARIANT--------------------.hot_humid was corrected from null to its default, regions_unexplored:eucalyptus_forest. 
[19:18:06] [Thread-3/WARN]: Incorrect key -----------------PLATEAU_BIOMES-------------------- was corrected from null to its default, SimpleCommentedConfig:{}. 
[19:18:06] [Thread-3/WARN]: Incorrect key -----------------PLATEAU_BIOMES--------------------.icy_arid was corrected from null to its default, regions_unexplored:icy_heights. 
[19:18:06] [Thread-3/WARN]: Incorrect key -----------------PLATEAU_BIOMES--------------------.icy_dry was corrected from null to its default, regions_unexplored:icy_heights. 
[19:18:06] [Thread-3/WARN]: Incorrect key -----------------PLATEAU_BIOMES--------------------.icy_neutral was corrected from null to its default, regions_unexplored:icy_heights. 
[19:18:06] [Thread-3/WARN]: Incorrect key -----------------PLATEAU_BIOMES--------------------.icy_wet was corrected from null to its default, regions_unexplored:icy_heights. 
[19:18:06] [Thread-3/WARN]: Incorrect key -----------------PLATEAU_BIOMES--------------------.icy_humid was corrected from null to its default, regions_unexplored:cold_boreal_taiga. 
[19:18:06] [Thread-3/WARN]: Incorrect key -----------------PLATEAU_BIOMES--------------------.cool_arid was corrected from null to its default, regions_unexplored:autumnal_maple_forest. 
[19:18:06] [Thread-3/WARN]: Incorrect key -----------------PLATEAU_BIOMES--------------------.cool_dry was corrected from null to its default, regions_unexplored:autumnal_maple_forest. 
[19:18:06] [Thread-3/WARN]: Incorrect key -----------------PLATEAU_BIOMES--------------------.cool_neutral was corrected from null to its default, regions_unexplored:maple_forest. 
[19:18:06] [Thread-3/WARN]: Incorrect key -----------------PLATEAU_BIOMES--------------------.cool_wet was corrected from null to its default, regions_unexplored:boreal_taiga. 
[19:18:06] [Thread-3/WARN]: Incorrect key -----------------PLATEAU_BIOMES--------------------.cool_humid was corrected from null to its default, regions_unexplored:boreal_taiga. 
[19:18:06] [Thread-3/WARN]: Incorrect key -----------------PLATEAU_BIOMES--------------------.neutral_arid was corrected from null to its default, regions_unexplored:highland_fields. 
[19:18:06] [Thread-3/WARN]: Incorrect key -----------------PLATEAU_BIOMES--------------------.neutral_dry was corrected from null to its default, regions_unexplored:highland_fields. 
[19:18:06] [Thread-3/WARN]: Incorrect key -----------------PLATEAU_BIOMES--------------------.neutral_neutral was corrected from null to its default, regions_unexplored:highland_fields. 
[19:18:06] [Thread-3/WARN]: Incorrect key -----------------PLATEAU_BIOMES--------------------.neutral_wet was corrected from null to its default, regions_unexplored:highland_fields. 
[19:18:06] [Thread-3/WARN]: Incorrect key -----------------PLATEAU_BIOMES--------------------.neutral_humid was corrected from null to its default, regions_unexplored:blackwood_taiga. 
[19:18:06] [Thread-3/WARN]: Incorrect key -----------------PLATEAU_BIOMES--------------------.warm_arid was corrected from null to its default, regions_unexplored:barley_fields. 
[19:18:06] [Thread-3/WARN]: Incorrect key -----------------PLATEAU_BIOMES--------------------.warm_dry was corrected from null to its default, regions_unexplored:deciduous_forest. 
[19:18:06] [Thread-3/WARN]: Incorrect key -----------------PLATEAU_BIOMES--------------------.warm_neutral was corrected from null to its default, regions_unexplored:deciduous_forest. 
[19:18:06] [Thread-3/WARN]: Incorrect key -----------------PLATEAU_BIOMES--------------------.warm_wet was corrected from null to its default, regions_unexplored:redwoods. 
[19:18:06] [Thread-3/WARN]: Incorrect key -----------------PLATEAU_BIOMES--------------------.warm_humid was corrected from null to its default, regions_unexplored:redwoods. 
[19:18:06] [Thread-3/WARN]: Incorrect key -----------------PLATEAU_BIOMES--------------------.hot_arid was corrected from null to its default, regions_unexplored:steppe. 
[19:18:06] [Thread-3/WARN]: Incorrect key -----------------PLATEAU_BIOMES--------------------.hot_dry was corrected from null to its default, regions_unexplored:steppe. 
[19:18:06] [Thread-3/WARN]: Incorrect key -----------------PLATEAU_BIOMES--------------------.hot_neutral was corrected from null to its default, regions_unexplored:saguaro_desert. 
[19:18:06] [Thread-3/WARN]: Incorrect key -----------------PLATEAU_BIOMES--------------------.hot_wet was corrected from null to its default, regions_unexplored:eucalyptus_forest. 
[19:18:06] [Thread-3/WARN]: Incorrect key -----------------PLATEAU_BIOMES--------------------.hot_humid was corrected from null to its default, regions_unexplored:eucalyptus_forest. 
[19:18:06] [Thread-3/WARN]: Incorrect key -----------------PLATEAU_BIOMES_VARIANT-------------------- was corrected from null to its default, SimpleCommentedConfig:{}. 
[19:18:06] [Thread-3/WARN]: Incorrect key -----------------PLATEAU_BIOMES_VARIANT--------------------.icy_arid was corrected from null to its default, regions_unexplored:icy_heights. 
[19:18:06] [Thread-3/WARN]: Incorrect key -----------------PLATEAU_BIOMES_VARIANT--------------------.icy_dry was corrected from null to its default, regions_unexplored:icy_heights. 
[19:18:06] [Thread-3/WARN]: Incorrect key -----------------PLATEAU_BIOMES_VARIANT--------------------.icy_neutral was corrected from null to its default, regions_unexplored:icy_heights. 
[19:18:06] [Thread-3/WARN]: Incorrect key -----------------PLATEAU_BIOMES_VARIANT--------------------.icy_wet was corrected from null to its default, regions_unexplored:icy_heights. 
[19:18:06] [Thread-3/WARN]: Incorrect key -----------------PLATEAU_BIOMES_VARIANT--------------------.icy_humid was corrected from null to its default, regions_unexplored:spires. 
[19:18:06] [Thread-3/WARN]: Incorrect key -----------------PLATEAU_BIOMES_VARIANT--------------------.cool_arid was corrected from null to its default, regions_unexplored:autumnal_maple_forest. 
[19:18:06] [Thread-3/WARN]: Incorrect key -----------------PLATEAU_BIOMES_VARIANT--------------------.cool_dry was corrected from null to its default, regions_unexplored:autumnal_maple_forest. 
[19:18:06] [Thread-3/WARN]: Incorrect key -----------------PLATEAU_BIOMES_VARIANT--------------------.cool_neutral was corrected from null to its default, regions_unexplored:maple_forest. 
[19:18:06] [Thread-3/WARN]: Incorrect key -----------------PLATEAU_BIOMES_VARIANT--------------------.cool_wet was corrected from null to its default, regions_unexplored:boreal_taiga. 
[19:18:06] [Thread-3/WARN]: Incorrect key -----------------PLATEAU_BIOMES_VARIANT--------------------.cool_humid was corrected from null to its default, regions_unexplored:golden_boreal_taiga. 
[19:18:06] [Thread-3/WARN]: Incorrect key -----------------PLATEAU_BIOMES_VARIANT--------------------.neutral_arid was corrected from null to its default, regions_unexplored:orchard. 
[19:18:06] [Thread-3/WARN]: Incorrect key -----------------PLATEAU_BIOMES_VARIANT--------------------.neutral_dry was corrected from null to its default, regions_unexplored:highland_fields. 
[19:18:06] [Thread-3/WARN]: Incorrect key -----------------PLATEAU_BIOMES_VARIANT--------------------.neutral_neutral was corrected from null to its default, regions_unexplored:temperate_grove. 
[19:18:06] [Thread-3/WARN]: Incorrect key -----------------PLATEAU_BIOMES_VARIANT--------------------.neutral_wet was corrected from null to its default, regions_unexplored:pine_taiga. 
[19:18:06] [Thread-3/WARN]: Incorrect key -----------------PLATEAU_BIOMES_VARIANT--------------------.neutral_humid was corrected from null to its default, regions_unexplored:blackwood_taiga. 
[19:18:06] [Thread-3/WARN]: Incorrect key -----------------PLATEAU_BIOMES_VARIANT--------------------.warm_arid was corrected from null to its default, regions_unexplored:deciduous_forest. 
[19:18:06] [Thread-3/WARN]: Incorrect key -----------------PLATEAU_BIOMES_VARIANT--------------------.warm_dry was corrected from null to its default, regions_unexplored:deciduous_forest. 
[19:18:06] [Thread-3/WARN]: Incorrect key -----------------PLATEAU_BIOMES_VARIANT--------------------.warm_neutral was corrected from null to its default, regions_unexplored:deciduous_forest. 
[19:18:06] [Thread-3/WARN]: Incorrect key -----------------PLATEAU_BIOMES_VARIANT--------------------.warm_wet was corrected from null to its default, regions_unexplored:redwoods. 
[19:18:06] [Thread-3/WARN]: Incorrect key -----------------PLATEAU_BIOMES_VARIANT--------------------.warm_humid was corrected from null to its default, regions_unexplored:sparse_redwoods. 
[19:18:06] [Thread-3/WARN]: Incorrect key -----------------PLATEAU_BIOMES_VARIANT--------------------.hot_arid was corrected from null to its default, regions_unexplored:steppe. 
[19:18:06] [Thread-3/WARN]: Incorrect key -----------------PLATEAU_BIOMES_VARIANT--------------------.hot_dry was corrected from null to its default, regions_unexplored:steppe. 
[19:18:06] [Thread-3/WARN]: Incorrect key -----------------PLATEAU_BIOMES_VARIANT--------------------.hot_neutral was corrected from null to its default, regions_unexplored:saguaro_desert. 
[19:18:06] [Thread-3/WARN]: Incorrect key -----------------PLATEAU_BIOMES_VARIANT--------------------.hot_wet was corrected from null to its default, regions_unexplored:eucalyptus_forest. 
[19:18:06] [Thread-3/WARN]: Incorrect key -----------------PLATEAU_BIOMES_VARIANT--------------------.hot_humid was corrected from null to its default, regions_unexplored:eucalyptus_forest. 
[19:18:06] [Thread-3/WARN]: Incorrect key -----------------SHATTERED_BIOMES-------------------- was corrected from null to its default, SimpleCommentedConfig:{}. 
[19:18:06] [Thread-3/WARN]: Incorrect key -----------------SHATTERED_BIOMES--------------------.icy_arid was corrected from null to its default, regions_unexplored:icy_heights. 
[19:18:06] [Thread-3/WARN]: Incorrect key -----------------SHATTERED_BIOMES--------------------.icy_dry was corrected from null to its default, regions_unexplored:icy_heights. 
[19:18:06] [Thread-3/WARN]: Incorrect key -----------------SHATTERED_BIOMES--------------------.icy_neutral was corrected from null to its default, regions_unexplored:icy_heights. 
[19:18:06] [Thread-3/WARN]: Incorrect key -----------------SHATTERED_BIOMES--------------------.icy_wet was corrected from null to its default, regions_unexplored:icy_heights. 
[19:18:06] [Thread-3/WARN]: Incorrect key -----------------SHATTERED_BIOMES--------------------.icy_humid was corrected from null to its default, regions_unexplored:icy_heights. 
[19:18:06] [Thread-3/WARN]: Incorrect key -----------------SHATTERED_BIOMES--------------------.cool_arid was corrected from null to its default, regions_unexplored:towering_cliffs. 
[19:18:06] [Thread-3/WARN]: Incorrect key -----------------SHATTERED_BIOMES--------------------.cool_dry was corrected from null to its default, regions_unexplored:towering_cliffs. 
[19:18:06] [Thread-3/WARN]: Incorrect key -----------------SHATTERED_BIOMES--------------------.cool_neutral was corrected from null to its default, regions_unexplored:towering_cliffs. 
[19:18:06] [Thread-3/WARN]: Incorrect key -----------------SHATTERED_BIOMES--------------------.cool_wet was corrected from null to its default, regions_unexplored:towering_cliffs. 
[19:18:06] [Thread-3/WARN]: Incorrect key -----------------SHATTERED_BIOMES--------------------.cool_humid was corrected from null to its default, regions_unexplored:towering_cliffs. 
[19:18:06] [Thread-3/WARN]: Incorrect key -----------------SHATTERED_BIOMES--------------------.neutral_arid was corrected from null to its default, regions_unexplored:towering_cliffs. 
[19:18:06] [Thread-3/WARN]: Incorrect key -----------------SHATTERED_BIOMES--------------------.neutral_dry was corrected from null to its default, regions_unexplored:towering_cliffs. 
[19:18:06] [Thread-3/WARN]: Incorrect key -----------------SHATTERED_BIOMES--------------------.neutral_neutral was corrected from null to its default, regions_unexplored:towering_cliffs. 
[19:18:06] [Thread-3/WARN]: Incorrect key -----------------SHATTERED_BIOMES--------------------.neutral_wet was corrected from null to its default, regions_unexplored:towering_cliffs. 
[19:18:06] [Thread-3/WARN]: Incorrect key -----------------SHATTERED_BIOMES--------------------.neutral_humid was corrected from null to its default, regions_unexplored:towering_cliffs. 
[19:18:06] [Thread-3/WARN]: Incorrect key -----------------SHATTERED_BIOMES--------------------.warm_arid was corrected from null to its default, regions_unexplored:barley_fields. 
[19:18:06] [Thread-3/WARN]: Incorrect key -----------------SHATTERED_BIOMES--------------------.warm_dry was corrected from null to its default, regions_unexplored:deciduous_forest. 
[19:18:06] [Thread-3/WARN]: Incorrect key -----------------SHATTERED_BIOMES--------------------.warm_neutral was corrected from null to its default, regions_unexplored:deciduous_forest. 
[19:18:06] [Thread-3/WARN]: Incorrect key -----------------SHATTERED_BIOMES--------------------.warm_wet was corrected from null to its default, regions_unexplored:sparse_redwoods. 
[19:18:06] [Thread-3/WARN]: Incorrect key -----------------SHATTERED_BIOMES--------------------.warm_humid was corrected from null to its default, regions_unexplored:sparse_redwoods. 
[19:18:06] [Thread-3/WARN]: Incorrect key -----------------SHATTERED_BIOMES--------------------.hot_arid was corrected from null to its default, regions_unexplored:steppe. 
[19:18:06] [Thread-3/WARN]: Incorrect key -----------------SHATTERED_BIOMES--------------------.hot_dry was corrected from null to its default, regions_unexplored:steppe. 
[19:18:06] [Thread-3/WARN]: Incorrect key -----------------SHATTERED_BIOMES--------------------.hot_neutral was corrected from null to its default, regions_unexplored:saguaro_desert. 
[19:18:06] [Thread-3/WARN]: Incorrect key -----------------SHATTERED_BIOMES--------------------.hot_wet was corrected from null to its default, regions_unexplored:eucalyptus_forest. 
[19:18:06] [Thread-3/WARN]: Incorrect key -----------------SHATTERED_BIOMES--------------------.hot_humid was corrected from null to its default, regions_unexplored:eucalyptus_forest. 
[19:18:06] [Thread-3/WARN]: Incorrect key -----------------SLOPE_BIOMES-------------------- was corrected from null to its default, SimpleCommentedConfig:{}. 
[19:18:06] [Thread-3/WARN]: Incorrect key -----------------SLOPE_BIOMES--------------------.icy_slope_biome was corrected from null to its default, minecraft:snowy_slopes. 
[19:18:06] [Thread-3/WARN]: Incorrect key -----------------SLOPE_BIOMES--------------------.cold_slope_biome was corrected from null to its default, minecraft:grove. 
[19:18:06] [Thread-3/WARN]: Incorrect key -----------------SLOPE_BIOMES--------------------.neutral_slope_biome was corrected from null to its default, regions_unexplored:pine_slopes. 
[19:18:06] [Thread-3/WARN]: Incorrect key -----------------SLOPE_BIOMES--------------------.warm_slope_biome was corrected from null to its default, regions_unexplored:deciduous_forest. 
[19:18:06] [Thread-3/WARN]: Incorrect key -----------------SLOPE_BIOMES--------------------.hot_slope_biome was corrected from null to its default, regions_unexplored:eucalyptus_forest. 
[19:18:06] [Thread-3/WARN]: Incorrect key -----------------SLOPE_BIOMES--------------------.icy_slope_biome_variant was corrected from null to its default, regions_unexplored:cold_deciduous_forest. 
[19:18:06] [Thread-3/WARN]: Incorrect key -----------------SLOPE_BIOMES--------------------.cold_slope_biome_variant was corrected from null to its default, regions_unexplored:pine_slopes. 
[19:18:06] [Thread-3/WARN]: Incorrect key -----------------SLOPE_BIOMES--------------------.neutral_slope_biome_variant was corrected from null to its default, regions_unexplored:pine_slopes. 
[19:18:06] [Thread-3/WARN]: Incorrect key -----------------SLOPE_BIOMES--------------------.warm_slope_biome_variant was corrected from null to its default, regions_unexplored:deciduous_forest. 
[19:18:06] [Thread-3/WARN]: Incorrect key -----------------SLOPE_BIOMES--------------------.hot_slope_biome_variant was corrected from null to its default, regions_unexplored:eucalyptus_forest. 
[19:18:06] [Thread-3/WARN]: Incorrect key -----------------PEAK_BIOMES-------------------- was corrected from null to its default, SimpleCommentedConfig:{}. 
[19:18:06] [Thread-3/WARN]: Incorrect key -----------------PEAK_BIOMES--------------------.icy_peak_biome was corrected from null to its default, minecraft:frozen_peaks. 
[19:18:06] [Thread-3/WARN]: Incorrect key -----------------PEAK_BIOMES--------------------.cold_peak_biome was corrected from null to its default, minecraft:jagged_peaks. 
[19:18:06] [Thread-3/WARN]: Incorrect key -----------------PEAK_BIOMES--------------------.neutral_peak_biome was corrected from null to its default, regions_unexplored:mountains. 
[19:18:06] [Thread-3/WARN]: Incorrect key -----------------PEAK_BIOMES--------------------.warm_peak_biome was corrected from null to its default, minecraft:stony_peaks. 
[19:18:06] [Thread-3/WARN]: Incorrect key -----------------PEAK_BIOMES--------------------.hot_peak_biome was corrected from null to its default, regions_unexplored:arid_mountains. 
[19:18:06] [Thread-3/WARN]: Incorrect key -----------------PEAK_BIOMES--------------------.icy_peak_biome_variant was corrected from null to its default, minecraft:jagged_peaks. 
[19:18:06] [Thread-3/WARN]: Incorrect key -----------------PEAK_BIOMES--------------------.cold_peak_biome_variant was corrected from null to its default, regions_unexplored:mountains. 
[19:18:06] [Thread-3/WARN]: Incorrect key -----------------PEAK_BIOMES--------------------.neutral_peak_biome_variant was corrected from null to its default, regions_unexplored:mountains. 
[19:18:06] [Thread-3/WARN]: Incorrect key -----------------PEAK_BIOMES--------------------.warm_peak_biome_variant was corrected from null to its default, minecraft:stony_peaks. 
[19:18:06] [Thread-3/WARN]: Incorrect key -----------------PEAK_BIOMES--------------------.hot_peak_biome_variant was corrected from null to its default, regions_unexplored:arid_mountains. 
[19:18:06] [Thread-3/WARN]: Incorrect key -----------------RIVER_BIOMES-------------------- was corrected from null to its default, SimpleCommentedConfig:{}. 
[19:18:06] [Thread-3/WARN]: Incorrect key -----------------RIVER_BIOMES--------------------.icy_arid was corrected from null to its default, minecraft:frozen_river. 
[19:18:06] [Thread-3/WARN]: Incorrect key -----------------RIVER_BIOMES--------------------.icy_dry was corrected from null to its default, minecraft:frozen_river. 
[19:18:06] [Thread-3/WARN]: Incorrect key -----------------RIVER_BIOMES--------------------.icy_neutral was corrected from null to its default, minecraft:frozen_river. 
[19:18:06] [Thread-3/WARN]: Incorrect key -----------------RIVER_BIOMES--------------------.icy_wet was corrected from null to its default, minecraft:frozen_river. 
[19:18:06] [Thread-3/WARN]: Incorrect key -----------------RIVER_BIOMES--------------------.icy_humid was corrected from null to its default, regions_unexplored:cold_river. 
[19:18:06] [Thread-3/WARN]: Incorrect key -----------------RIVER_BIOMES--------------------.cool_arid was corrected from null to its default, regions_unexplored:cold_river. 
[19:18:06] [Thread-3/WARN]: Incorrect key -----------------RIVER_BIOMES--------------------.cool_dry was corrected from null to its default, regions_unexplored:cold_river. 
[19:18:06] [Thread-3/WARN]: Incorrect key -----------------RIVER_BIOMES--------------------.cool_neutral was corrected from null to its default, regions_unexplored:muddy_river. 
[19:18:06] [Thread-3/WARN]: Incorrect key -----------------RIVER_BIOMES--------------------.cool_wet was corrected from null to its default, regions_unexplored:muddy_river. 
[19:18:06] [Thread-3/WARN]: Incorrect key -----------------RIVER_BIOMES--------------------.cool_humid was corrected from null to its default, regions_unexplored:muddy_river. 
[19:18:06] [Thread-3/WARN]: Incorrect key -----------------RIVER_BIOMES--------------------.neutral_arid was corrected from null to its default, minecraft:river. 
[19:18:06] [Thread-3/WARN]: Incorrect key -----------------RIVER_BIOMES--------------------.neutral_dry was corrected from null to its default, minecraft:river. 
[19:18:06] [Thread-3/WARN]: Incorrect key -----------------RIVER_BIOMES--------------------.neutral_neutral was corrected from null to its default, minecraft:river. 
[19:18:06] [Thread-3/WARN]: Incorrect key -----------------RIVER_BIOMES--------------------.neutral_wet was corrected from null to its default, minecraft:river. 
[19:18:06] [Thread-3/WARN]: Incorrect key -----------------RIVER_BIOMES--------------------.neutral_humid was corrected from null to its default, regions_unexplored:blackwood_taiga. 
[19:18:06] [Thread-3/WARN]: Incorrect key -----------------RIVER_BIOMES--------------------.warm_arid was corrected from null to its default, minecraft:river. 
[19:18:06] [Thread-3/WARN]: Incorrect key -----------------RIVER_BIOMES--------------------.warm_dry was corrected from null to its default, minecraft:river. 
[19:18:06] [Thread-3/WARN]: Incorrect key -----------------RIVER_BIOMES--------------------.warm_neutral was corrected from null to its default, minecraft:river. 
[19:18:06] [Thread-3/WARN]: Incorrect key -----------------RIVER_BIOMES--------------------.warm_wet was corrected from null to its default, minecraft:river. 
[19:18:06] [Thread-3/WARN]: Incorrect key -----------------RIVER_BIOMES--------------------.warm_humid was corrected from null to its default, minecraft:river. 
[19:18:06] [Thread-3/WARN]: Incorrect key -----------------RIVER_BIOMES--------------------.hot_arid was corrected from null to its default, minecraft:river. 
[19:18:06] [Thread-3/WARN]: Incorrect key -----------------RIVER_BIOMES--------------------.hot_dry was corrected from null to its default, minecraft:river. 
[19:18:06] [Thread-3/WARN]: Incorrect key -----------------RIVER_BIOMES--------------------.hot_neutral was corrected from null to its default, regions_unexplored:tropical_river. 
[19:18:06] [Thread-3/WARN]: Incorrect key -----------------RIVER_BIOMES--------------------.hot_wet was corrected from null to its default, regions_unexplored:tropical_river. 
[19:18:06] [Thread-3/WARN]: Incorrect key -----------------RIVER_BIOMES--------------------.hot_humid was corrected from null to its default, regions_unexplored:tropical_river. 
[19:18:06] [Thread-3/WARN]: Incorrect key -----------------RIVER_BIOMES_VARIANT-------------------- was corrected from null to its default, SimpleCommentedConfig:{}. 
[19:18:06] [Thread-3/WARN]: Incorrect key -----------------RIVER_BIOMES_VARIANT--------------------.icy_arid was corrected from null to its default, minecraft:frozen_river. 
[19:18:06] [Thread-3/WARN]: Incorrect key -----------------RIVER_BIOMES_VARIANT--------------------.icy_dry was corrected from null to its default, minecraft:frozen_river. 
[19:18:06] [Thread-3/WARN]: Incorrect key -----------------RIVER_BIOMES_VARIANT--------------------.icy_neutral was corrected from null to its default, minecraft:frozen_river. 
[19:18:06] [Thread-3/WARN]: Incorrect key -----------------RIVER_BIOMES_VARIANT--------------------.icy_wet was corrected from null to its default, minecraft:frozen_river. 
[19:18:06] [Thread-3/WARN]: Incorrect key -----------------RIVER_BIOMES_VARIANT--------------------.icy_humid was corrected from null to its default, regions_unexplored:cold_river. 
[19:18:06] [Thread-3/WARN]: Incorrect key -----------------RIVER_BIOMES_VARIANT--------------------.cool_arid was corrected from null to its default, regions_unexplored:cold_river. 
[19:18:06] [Thread-3/WARN]: Incorrect key -----------------RIVER_BIOMES_VARIANT--------------------.cool_dry was corrected from null to its default, regions_unexplored:cold_river. 
[19:18:06] [Thread-3/WARN]: Incorrect key -----------------RIVER_BIOMES_VARIANT--------------------.cool_neutral was corrected from null to its default, regions_unexplored:muddy_river. 
[19:18:06] [Thread-3/WARN]: Incorrect key -----------------RIVER_BIOMES_VARIANT--------------------.cool_wet was corrected from null to its default, regions_unexplored:muddy_river. 
[19:18:06] [Thread-3/WARN]: Incorrect key -----------------RIVER_BIOMES_VARIANT--------------------.cool_humid was corrected from null to its default, regions_unexplored:muddy_river. 
[19:18:06] [Thread-3/WARN]: Incorrect key -----------------RIVER_BIOMES_VARIANT--------------------.neutral_arid was corrected from null to its default, minecraft:river. 
[19:18:06] [Thread-3/WARN]: Incorrect key -----------------RIVER_BIOMES_VARIANT--------------------.neutral_dry was corrected from null to its default, minecraft:river. 
[19:18:06] [Thread-3/WARN]: Incorrect key -----------------RIVER_BIOMES_VARIANT--------------------.neutral_neutral was corrected from null to its default, minecraft:river. 
[19:18:06] [Thread-3/WARN]: Incorrect key -----------------RIVER_BIOMES_VARIANT--------------------.neutral_wet was corrected from null to its default, minecraft:river. 
[19:18:06] [Thread-3/WARN]: Incorrect key -----------------RIVER_BIOMES_VARIANT--------------------.neutral_humid was corrected from null to its default, regions_unexplored:blackwood_taiga. 
[19:18:06] [Thread-3/WARN]: Incorrect key -----------------RIVER_BIOMES_VARIANT--------------------.warm_arid was corrected from null to its default, minecraft:river. 
[19:18:06] [Thread-3/WARN]: Incorrect key -----------------RIVER_BIOMES_VARIANT--------------------.warm_dry was corrected from null to its default, minecraft:river. 
[19:18:06] [Thread-3/WARN]: Incorrect key -----------------RIVER_BIOMES_VARIANT--------------------.warm_neutral was corrected from null to its default, minecraft:river. 
[19:18:06] [Thread-3/WARN]: Incorrect key -----------------RIVER_BIOMES_VARIANT--------------------.warm_wet was corrected from null to its default, minecraft:river. 
[19:18:06] [Thread-3/WARN]: Incorrect key -----------------RIVER_BIOMES_VARIANT--------------------.warm_humid was corrected from null to its default, minecraft:river. 
[19:18:06] [Thread-3/WARN]: Incorrect key -----------------RIVER_BIOMES_VARIANT--------------------.hot_arid was corrected from null to its default, minecraft:river. 
[19:18:06] [Thread-3/WARN]: Incorrect key -----------------RIVER_BIOMES_VARIANT--------------------.hot_dry was corrected from null to its default, minecraft:river. 
[19:18:06] [Thread-3/WARN]: Incorrect key -----------------RIVER_BIOMES_VARIANT--------------------.hot_neutral was corrected from null to its default, regions_unexplored:tropical_river. 
[19:18:06] [Thread-3/WARN]: Incorrect key -----------------RIVER_BIOMES_VARIANT--------------------.hot_wet was corrected from null to its default, regions_unexplored:tropical_river. 
[19:18:06] [Thread-3/WARN]: Incorrect key -----------------RIVER_BIOMES_VARIANT--------------------.hot_humid was corrected from null to its default, regions_unexplored:tropical_river. 
[19:18:06] [Thread-3/WARN]: Incorrect key -----------------SWAMP_BIOMES-------------------- was corrected from null to its default, SimpleCommentedConfig:{}. 
[19:18:06] [Thread-3/WARN]: Incorrect key -----------------SWAMP_BIOMES--------------------.icy_arid was corrected from null to its default, regions_unexplored:spires. 
[19:18:06] [Thread-3/WARN]: Incorrect key -----------------SWAMP_BIOMES--------------------.icy_dry was corrected from null to its default, regions_unexplored:spires. 
[19:18:06] [Thread-3/WARN]: Incorrect key -----------------SWAMP_BIOMES--------------------.icy_neutral was corrected from null to its default, regions_unexplored:spires. 
[19:18:06] [Thread-3/WARN]: Incorrect key -----------------SWAMP_BIOMES--------------------.icy_wet was corrected from null to its default, regions_unexplored:spires. 
[19:18:06] [Thread-3/WARN]: Incorrect key -----------------SWAMP_BIOMES--------------------.icy_humid was corrected from null to its default, regions_unexplored:spires. 
[19:18:06] [Thread-3/WARN]: Incorrect key -----------------SWAMP_BIOMES--------------------.cool_arid was corrected from null to its default, regions_unexplored:fen. 
[19:18:06] [Thread-3/WARN]: Incorrect key -----------------SWAMP_BIOMES--------------------.cool_dry was corrected from null to its default, regions_unexplored:fen. 
[19:18:06] [Thread-3/WARN]: Incorrect key -----------------SWAMP_BIOMES--------------------.cool_neutral was corrected from null to its default, regions_unexplored:fen. 
[19:18:06] [Thread-3/WARN]: Incorrect key -----------------SWAMP_BIOMES--------------------.cool_wet was corrected from null to its default, regions_unexplored:fen. 
[19:18:06] [Thread-3/WARN]: Incorrect key -----------------SWAMP_BIOMES--------------------.cool_humid was corrected from null to its default, regions_unexplored:fen. 
[19:18:06] [Thread-3/WARN]: Incorrect key -----------------SWAMP_BIOMES--------------------.neutral_arid was corrected from null to its default, regions_unexplored:old_growth_bayou. 
[19:18:06] [Thread-3/WARN]: Incorrect key -----------------SWAMP_BIOMES--------------------.neutral_dry was corrected from null to its default, regions_unexplored:bayou. 
[19:18:06] [Thread-3/WARN]: Incorrect key -----------------SWAMP_BIOMES--------------------.neutral_neutral was corrected from null to its default, regions_unexplored:bayou. 
[19:18:06] [Thread-3/WARN]: Incorrect key -----------------SWAMP_BIOMES--------------------.neutral_wet was corrected from null to its default, regions_unexplored:bayou. 
[19:18:06] [Thread-3/WARN]: Incorrect key -----------------SWAMP_BIOMES--------------------.neutral_humid was corrected from null to its default, regions_unexplored:old_growth_bayou. 
[19:18:06] [Thread-3/WARN]: Incorrect key -----------------SWAMP_BIOMES--------------------.warm_arid was corrected from null to its default, regions_unexplored:marsh. 
[19:18:06] [Thread-3/WARN]: Incorrect key -----------------SWAMP_BIOMES--------------------.warm_dry was corrected from null to its default, regions_unexplored:marsh. 
[19:18:06] [Thread-3/WARN]: Incorrect key -----------------SWAMP_BIOMES--------------------.warm_neutral was corrected from null to its default, regions_unexplored:marsh. 
[19:18:06] [Thread-3/WARN]: Incorrect key -----------------SWAMP_BIOMES--------------------.warm_wet was corrected from null to its default, regions_unexplored:marsh. 
[19:18:06] [Thread-3/WARN]: Incorrect key -----------------SWAMP_BIOMES--------------------.warm_humid was corrected from null to its default, regions_unexplored:marsh. 
[19:18:06] [Thread-3/WARN]: Incorrect key -----------------SWAMP_BIOMES--------------------.hot_arid was corrected from null to its default, regions_unexplored:fungal_fen. 
[19:18:06] [Thread-3/WARN]: Incorrect key -----------------SWAMP_BIOMES--------------------.hot_dry was corrected from null to its default, regions_unexplored:fungal_fen. 
[19:18:06] [Thread-3/WARN]: Incorrect key -----------------SWAMP_BIOMES--------------------.hot_neutral was corrected from null to its default, regions_unexplored:fungal_fen. 
[19:18:06] [Thread-3/WARN]: Incorrect key -----------------SWAMP_BIOMES--------------------.hot_wet was corrected from null to its default, regions_unexplored:fungal_fen. 
[19:18:06] [Thread-3/WARN]: Incorrect key -----------------SWAMP_BIOMES--------------------.hot_humid was corrected from null to its default, regions_unexplored:fungal_fen. 
[19:18:06] [Thread-3/WARN]: Incorrect key -----------------OCEAN_BIOMES-------------------- was corrected from null to its default, SimpleCommentedConfig:{}. 
[19:18:06] [Thread-3/WARN]: Incorrect key -----------------OCEAN_BIOMES--------------------.deep_icy was corrected from null to its default, regions_unexplored:hyacinth_deeps. 
[19:18:06] [Thread-3/WARN]: Incorrect key -----------------OCEAN_BIOMES--------------------.deep_cool was corrected from null to its default, minecraft:deep_cold_ocean. 
[19:18:06] [Thread-3/WARN]: Incorrect key -----------------OCEAN_BIOMES--------------------.deep_neutral was corrected from null to its default, minecraft:deep_ocean. 
[19:18:06] [Thread-3/WARN]: Incorrect key -----------------OCEAN_BIOMES--------------------.deep_warm was corrected from null to its default, minecraft:deep_lukewarm_ocean. 
[19:18:06] [Thread-3/WARN]: Incorrect key -----------------OCEAN_BIOMES--------------------.deep_hot was corrected from null to its default, minecraft:warm_ocean. 
[19:18:06] [Thread-3/WARN]: Incorrect key -----------------OCEAN_BIOMES--------------------.icy was corrected from null to its default, minecraft:frozen_ocean. 
[19:18:06] [Thread-3/WARN]: Incorrect key -----------------OCEAN_BIOMES--------------------.cool was corrected from null to its default, minecraft:cold_ocean. 
[19:18:06] [Thread-3/WARN]: Incorrect key -----------------OCEAN_BIOMES--------------------.neutral was corrected from null to its default, minecraft:ocean. 
[19:18:06] [Thread-3/WARN]: Incorrect key -----------------OCEAN_BIOMES--------------------.warm was corrected from null to its default, minecraft:lukewarm_ocean. 
[19:18:06] [Thread-3/WARN]: Incorrect key -----------------OCEAN_BIOMES--------------------.hot was corrected from null to its default, regions_unexplored:rocky_reef. 
[19:18:06] [Thread-3/WARN]: Incorrect key -----------------SHORE_BIOMES-------------------- was corrected from null to its default, SimpleCommentedConfig:{}. 
[19:18:06] [Thread-3/WARN]: Incorrect key -----------------SHORE_BIOMES--------------------.icy_beach_biome was corrected from null to its default, minecraft:snowy_beach. 
[19:18:06] [Thread-3/WARN]: Incorrect key -----------------SHORE_BIOMES--------------------.cold_beach_biome was corrected from null to its default, regions_unexplored:gravel_beach. 
[19:18:06] [Thread-3/WARN]: Incorrect key -----------------SHORE_BIOMES--------------------.neutral_beach_biome was corrected from null to its default, regions_unexplored:grassy_beach. 
[19:18:06] [Thread-3/WARN]: Incorrect key -----------------SHORE_BIOMES--------------------.warm_beach_biome was corrected from null to its default, regions_unexplored:grassy_beach. 
[19:18:06] [Thread-3/WARN]: Incorrect key -----------------SHORE_BIOMES--------------------.hot_beach_biome was corrected from null to its default, minecraft:beach. 
[19:18:06] [Thread-3/WARN]: Incorrect key -----------------SHORE_BIOMES--------------------.cold_stone_beach_biome was corrected from null to its default, minecraft:stony_shore. 
[19:18:06] [Thread-3/WARN]: Incorrect key -----------------SHORE_BIOMES--------------------.hot_stone_beach_biome was corrected from null to its default, regions_unexplored:chalk_cliffs. 
[19:18:06] [Thread-3/WARN]: Incorrect key -----------------UNDERGROUND_BIOMES-------------------- was corrected from null to its default, SimpleCommentedConfig:{}. 
[19:18:06] [Thread-3/WARN]: Incorrect key -----------------UNDERGROUND_BIOMES--------------------.cave_1_biome was corrected from null to its default, minecraft:lush_caves. 
[19:18:06] [Thread-3/WARN]: Incorrect key -----------------UNDERGROUND_BIOMES--------------------.cave_2_biome was corrected from null to its default, minecraft:dripstone_caves. 
[19:18:06] [Thread-3/WARN]: Incorrect key -----------------UNDERGROUND_BIOMES--------------------.cave_3_biome was corrected from null to its default, minecraft:deep_dark. 
[19:18:06] [Thread-3/WARN]: Incorrect key -----------------UNDERGROUND_BIOMES--------------------.cave_4_biome was corrected from null to its default, regions_unexplored:bioshroom_caves. 
[19:18:06] [Thread-3/WARN]: Incorrect key -----------------UNDERGROUND_BIOMES--------------------.cave_5_biome was corrected from null to its default, regions_unexplored:ancient_delta. 
[19:18:06] [Thread-3/WARN]: Incorrect key -----------------UNDERGROUND_BIOMES--------------------.cave_6_biome was corrected from null to its default, regions_unexplored:prismachasm. 
[19:18:06] [Thread-3/WARN]: Incorrect key -----------------UNDERGROUND_BIOMES--------------------.cave_7_biome was corrected from null to its default, regions_unexplored:redstone_caves. 
[19:18:06] [Thread-3/WARN]: Incorrect key -----------------UNDERGROUND_BIOMES--------------------.cave_8_biome was corrected from null to its default, regions_unexplored:scorching_caves. 
[19:18:06] [Thread-3/WARN]: Incorrect key -----------------ISLAND_BIOMES-------------------- was corrected from null to its default, SimpleCommentedConfig:{}. 
[19:18:06] [Thread-3/WARN]: Incorrect key -----------------ISLAND_BIOMES--------------------.icy_island_biome was corrected from null to its default, regions_unexplored:alpha_grove. 
[19:18:06] [Thread-3/WARN]: Incorrect key -----------------ISLAND_BIOMES--------------------.cool_island_biome was corrected from null to its default, regions_unexplored:alpha_grove. 
[19:18:06] [Thread-3/WARN]: Incorrect key -----------------ISLAND_BIOMES--------------------.neutral_island_biome was corrected from null to its default, regions_unexplored:ashen_woodland. 
[19:18:06] [Thread-3/WARN]: Incorrect key -----------------ISLAND_BIOMES--------------------.warm_island_biome was corrected from null to its default, regions_unexplored:tropics. 
[19:18:06] [Thread-3/WARN]: Incorrect key -----------------ISLAND_BIOMES--------------------.hot_island_biome was corrected from null to its default, regions_unexplored:tropics. 
[19:18:06] [Thread-3/WARN]: Incorrect key -----------------OTHER_BIOMES-------------------- was corrected from null to its default, SimpleCommentedConfig:{}. 
[19:18:06] [Thread-3/WARN]: Incorrect key -----------------OTHER_BIOMES--------------------.shattered_cliff_biome was corrected from null to its default, regions_unexplored:towering_cliffs. 
[19:18:06] [Thread-3/WARN]: Configuration file /workspaces/CraftCoso/servidor_minecraft/./config/regions_unexplored/regions_unexplored-primary-region.toml could not be parsed. Correcting
[19:18:06] [Thread-3/WARN]: Configuration file /workspaces/CraftCoso/servidor_minecraft/./config/regions_unexplored/regions_unexplored-primary-region.toml is not correct. Correcting
[19:18:06] [Thread-3/WARN]: Incorrect key -----------------MIDDLE_BIOMES-------------------- was corrected from null to its default, SimpleCommentedConfig:{}. 
[19:18:06] [Thread-3/WARN]: Incorrect key -----------------MIDDLE_BIOMES--------------------.icy_arid was corrected from null to its default, regions_unexplored:frozen_tundra. 
[19:18:06] [Thread-3/WARN]: Incorrect key -----------------MIDDLE_BIOMES--------------------.icy_dry was corrected from null to its default, regions_unexplored:frozen_tundra. 
[19:18:06] [Thread-3/WARN]: Incorrect key -----------------MIDDLE_BIOMES--------------------.icy_neutral was corrected from null to its default, regions_unexplored:frozen_pine_taiga. 
[19:18:06] [Thread-3/WARN]: Incorrect key -----------------MIDDLE_BIOMES--------------------.icy_wet was corrected from null to its default, regions_unexplored:cold_boreal_taiga. 
[19:18:06] [Thread-3/WARN]: Incorrect key -----------------MIDDLE_BIOMES--------------------.icy_humid was corrected from null to its default, regions_unexplored:cold_boreal_taiga. 
[19:18:06] [Thread-3/WARN]: Incorrect key -----------------MIDDLE_BIOMES--------------------.cool_arid was corrected from null to its default, regions_unexplored:pumpkin_fields. 
[19:18:06] [Thread-3/WARN]: Incorrect key -----------------MIDDLE_BIOMES--------------------.cool_dry was corrected from null to its default, regions_unexplored:autumnal_maple_forest. 
[19:18:06] [Thread-3/WARN]: Incorrect key -----------------MIDDLE_BIOMES--------------------.cool_neutral was corrected from null to its default, regions_unexplored:maple_forest. 
[19:18:06] [Thread-3/WARN]: Incorrect key -----------------MIDDLE_BIOMES--------------------.cool_wet was corrected from null to its default, regions_unexplored:boreal_taiga. 
[19:18:06] [Thread-3/WARN]: Incorrect key -----------------MIDDLE_BIOMES--------------------.cool_humid was corrected from null to its default, regions_unexplored:boreal_taiga. 
[19:18:06] [Thread-3/WARN]: Incorrect key -----------------MIDDLE_BIOMES--------------------.neutral_arid was corrected from null to its default, regions_unexplored:orchard. 
[19:18:06] [Thread-3/WARN]: Incorrect key -----------------MIDDLE_BIOMES--------------------.neutral_dry was corrected from null to its default, regions_unexplored:shrubland. 
[19:18:06] [Thread-3/WARN]: Incorrect key -----------------MIDDLE_BIOMES--------------------.neutral_neutral was corrected from null to its default, regions_unexplored:temperate_grove. 
[19:18:06] [Thread-3/WARN]: Incorrect key -----------------MIDDLE_BIOMES--------------------.neutral_wet was corrected from null to its default, regions_unexplored:pine_taiga. 
[19:18:06] [Thread-3/WARN]: Incorrect key -----------------MIDDLE_BIOMES--------------------.neutral_humid was corrected from null to its default, regions_unexplored:blackwood_taiga. 
[19:18:06] [Thread-3/WARN]: Incorrect key -----------------MIDDLE_BIOMES--------------------.warm_arid was corrected from null to its default, regions_unexplored:barley_fields. 
[19:18:06] [Thread-3/WARN]: Incorrect key -----------------MIDDLE_BIOMES--------------------.warm_dry was corrected from null to its default, regions_unexplored:prairie. 
[19:18:06] [Thread-3/WARN]: Incorrect key -----------------MIDDLE_BIOMES--------------------.warm_neutral was corrected from null to its default, regions_unexplored:grassland. 
[19:18:06] [Thread-3/WARN]: Incorrect key -----------------MIDDLE_BIOMES--------------------.warm_wet was corrected from null to its default, regions_unexplored:redwoods. 
[19:18:06] [Thread-3/WARN]: Incorrect key -----------------MIDDLE_BIOMES--------------------.warm_humid was corrected from null to its default, regions_unexplored:redwoods. 
[19:18:06] [Thread-3/WARN]: Incorrect key -----------------MIDDLE_BIOMES--------------------.hot_arid was corrected from null to its default, regions_unexplored:baobab_savanna. 
[19:18:06] [Thread-3/WARN]: Incorrect key -----------------MIDDLE_BIOMES--------------------.hot_dry was corrected from null to its default, regions_unexplored:baobab_savanna. 
[19:18:06] [Thread-3/WARN]: Incorrect key -----------------MIDDLE_BIOMES--------------------.hot_neutral was corrected from null to its default, regions_unexplored:saguaro_desert. 
[19:18:06] [Thread-3/WARN]: Incorrect key -----------------MIDDLE_BIOMES--------------------.hot_wet was corrected from null to its default, regions_unexplored:outback. 
[19:18:06] [Thread-3/WARN]: Incorrect key -----------------MIDDLE_BIOMES--------------------.hot_humid was corrected from null to its default, regions_unexplored:eucalyptus_forest. 
[19:18:06] [Thread-3/WARN]: Incorrect key -----------------MIDDLE_BIOMES_VARIANT-------------------- was corrected from null to its default, SimpleCommentedConfig:{}. 
[19:18:06] [Thread-3/WARN]: Incorrect key -----------------MIDDLE_BIOMES_VARIANT--------------------.icy_arid was corrected from null to its default, regions_unexplored:frozen_pine_taiga. 
[19:18:06] [Thread-3/WARN]: Incorrect key -----------------MIDDLE_BIOMES_VARIANT--------------------.icy_dry was corrected from null to its default, regions_unexplored:frozen_tundra. 
[19:18:06] [Thread-3/WARN]: Incorrect key -----------------MIDDLE_BIOMES_VARIANT--------------------.icy_neutral was corrected from null to its default, regions_unexplored:frozen_tundra. 
[19:18:06] [Thread-3/WARN]: Incorrect key -----------------MIDDLE_BIOMES_VARIANT--------------------.icy_wet was corrected from null to its default, regions_unexplored:cold_boreal_taiga. 
[19:18:06] [Thread-3/WARN]: Incorrect key -----------------MIDDLE_BIOMES_VARIANT--------------------.icy_humid was corrected from null to its default, regions_unexplored:spires. 
[19:18:06] [Thread-3/WARN]: Incorrect key -----------------MIDDLE_BIOMES_VARIANT--------------------.cool_arid was corrected from null to its default, regions_unexplored:autumnal_maple_forest. 
[19:18:06] [Thread-3/WARN]: Incorrect key -----------------MIDDLE_BIOMES_VARIANT--------------------.cool_dry was corrected from null to its default, regions_unexplored:autumnal_maple_forest. 
[19:18:06] [Thread-3/WARN]: Incorrect key -----------------MIDDLE_BIOMES_VARIANT--------------------.cool_neutral was corrected from null to its default, regions_unexplored:maple_forest. 
[19:18:06] [Thread-3/WARN]: Incorrect key -----------------MIDDLE_BIOMES_VARIANT--------------------.cool_wet was corrected from null to its default, regions_unexplored:boreal_taiga. 
[19:18:06] [Thread-3/WARN]: Incorrect key -----------------MIDDLE_BIOMES_VARIANT--------------------.cool_humid was corrected from null to its default, regions_unexplored:golden_boreal_taiga. 
[19:18:06] [Thread-3/WARN]: Incorrect key -----------------MIDDLE_BIOMES_VARIANT--------------------.neutral_arid was corrected from null to its default, regions_unexplored:orchard. 
[19:18:06] [Thread-3/WARN]: Incorrect key -----------------MIDDLE_BIOMES_VARIANT--------------------.neutral_dry was corrected from null to its default, regions_unexplored:shrubland. 
[19:18:06] [Thread-3/WARN]: Incorrect key -----------------MIDDLE_BIOMES_VARIANT--------------------.neutral_neutral was corrected from null to its default, regions_unexplored:temperate_grove. 
[19:18:06] [Thread-3/WARN]: Incorrect key -----------------MIDDLE_BIOMES_VARIANT--------------------.neutral_wet was corrected from null to its default, regions_unexplored:pine_taiga. 
[19:18:06] [Thread-3/WARN]: Incorrect key -----------------MIDDLE_BIOMES_VARIANT--------------------.neutral_humid was corrected from null to its default, regions_unexplored:blackwood_taiga. 
[19:18:06] [Thread-3/WARN]: Incorrect key -----------------MIDDLE_BIOMES_VARIANT--------------------.warm_arid was corrected from null to its default, regions_unexplored:prairie. 
[19:18:06] [Thread-3/WARN]: Incorrect key -----------------MIDDLE_BIOMES_VARIANT--------------------.warm_dry was corrected from null to its default, regions_unexplored:deciduous_forest. 
[19:18:06] [Thread-3/WARN]: Incorrect key -----------------MIDDLE_BIOMES_VARIANT--------------------.warm_neutral was corrected from null to its default, regions_unexplored:grassland. 
[19:18:06] [Thread-3/WARN]: Incorrect key -----------------MIDDLE_BIOMES_VARIANT--------------------.warm_wet was corrected from null to its default, regions_unexplored:redwoods. 
[19:18:06] [Thread-3/WARN]: Incorrect key -----------------MIDDLE_BIOMES_VARIANT--------------------.warm_humid was corrected from null to its default, regions_unexplored:sparse_redwoods. 
[19:18:06] [Thread-3/WARN]: Incorrect key -----------------MIDDLE_BIOMES_VARIANT--------------------.hot_arid was corrected from null to its default, regions_unexplored:baobab_savanna. 
[19:18:06] [Thread-3/WARN]: Incorrect key -----------------MIDDLE_BIOMES_VARIANT--------------------.hot_dry was corrected from null to its default, regions_unexplored:baobab_savanna. 
[19:18:06] [Thread-3/WARN]: Incorrect key -----------------MIDDLE_BIOMES_VARIANT--------------------.hot_neutral was corrected from null to its default, regions_unexplored:saguaro_desert. 
[19:18:06] [Thread-3/WARN]: Incorrect key -----------------MIDDLE_BIOMES_VARIANT--------------------.hot_wet was corrected from null to its default, regions_unexplored:outback. 
[19:18:06] [Thread-3/WARN]: Incorrect key -----------------MIDDLE_BIOMES_VARIANT--------------------.hot_humid was corrected from null to its default, regions_unexplored:eucalyptus_forest. 
[19:18:06] [Thread-3/WARN]: Incorrect key -----------------PLATEAU_BIOMES-------------------- was corrected from null to its default, SimpleCommentedConfig:{}. 
[19:18:06] [Thread-3/WARN]: Incorrect key -----------------PLATEAU_BIOMES--------------------.icy_arid was corrected from null to its default, regions_unexplored:icy_heights. 
[19:18:06] [Thread-3/WARN]: Incorrect key -----------------PLATEAU_BIOMES--------------------.icy_dry was corrected from null to its default, regions_unexplored:icy_heights. 
[19:18:06] [Thread-3/WARN]: Incorrect key -----------------PLATEAU_BIOMES--------------------.icy_neutral was corrected from null to its default, regions_unexplored:icy_heights. 
[19:18:06] [Thread-3/WARN]: Incorrect key -----------------PLATEAU_BIOMES--------------------.icy_wet was corrected from null to its default, regions_unexplored:icy_heights. 
[19:18:06] [Thread-3/WARN]: Incorrect key -----------------PLATEAU_BIOMES--------------------.icy_humid was corrected from null to its default, regions_unexplored:cold_boreal_taiga. 
[19:18:06] [Thread-3/WARN]: Incorrect key -----------------PLATEAU_BIOMES--------------------.cool_arid was corrected from null to its default, regions_unexplored:autumnal_maple_forest. 
[19:18:06] [Thread-3/WARN]: Incorrect key -----------------PLATEAU_BIOMES--------------------.cool_dry was corrected from null to its default, regions_unexplored:autumnal_maple_forest. 
[19:18:06] [Thread-3/WARN]: Incorrect key -----------------PLATEAU_BIOMES--------------------.cool_neutral was corrected from null to its default, regions_unexplored:maple_forest. 
[19:18:06] [Thread-3/WARN]: Incorrect key -----------------PLATEAU_BIOMES--------------------.cool_wet was corrected from null to its default, regions_unexplored:boreal_taiga. 
[19:18:06] [Thread-3/WARN]: Incorrect key -----------------PLATEAU_BIOMES--------------------.cool_humid was corrected from null to its default, regions_unexplored:boreal_taiga. 
[19:18:06] [Thread-3/WARN]: Incorrect key -----------------PLATEAU_BIOMES--------------------.neutral_arid was corrected from null to its default, regions_unexplored:highland_fields. 
[19:18:06] [Thread-3/WARN]: Incorrect key -----------------PLATEAU_BIOMES--------------------.neutral_dry was corrected from null to its default, regions_unexplored:highland_fields. 
[19:18:06] [Thread-3/WARN]: Incorrect key -----------------PLATEAU_BIOMES--------------------.neutral_neutral was corrected from null to its default, regions_unexplored:highland_fields. 
[19:18:06] [Thread-3/WARN]: Incorrect key -----------------PLATEAU_BIOMES--------------------.neutral_wet was corrected from null to its default, regions_unexplored:highland_fields. 
[19:18:06] [Thread-3/WARN]: Incorrect key -----------------PLATEAU_BIOMES--------------------.neutral_humid was corrected from null to its default, regions_unexplored:blackwood_taiga. 
[19:18:06] [Thread-3/WARN]: Incorrect key -----------------PLATEAU_BIOMES--------------------.warm_arid was corrected from null to its default, regions_unexplored:barley_fields. 
[19:18:06] [Thread-3/WARN]: Incorrect key -----------------PLATEAU_BIOMES--------------------.warm_dry was corrected from null to its default, regions_unexplored:deciduous_forest. 
[19:18:06] [Thread-3/WARN]: Incorrect key -----------------PLATEAU_BIOMES--------------------.warm_neutral was corrected from null to its default, regions_unexplored:deciduous_forest. 
[19:18:06] [Thread-3/WARN]: Incorrect key -----------------PLATEAU_BIOMES--------------------.warm_wet was corrected from null to its default, regions_unexplored:redwoods. 
[19:18:06] [Thread-3/WARN]: Incorrect key -----------------PLATEAU_BIOMES--------------------.warm_humid was corrected from null to its default, regions_unexplored:redwoods. 
[19:18:06] [Thread-3/WARN]: Incorrect key -----------------PLATEAU_BIOMES--------------------.hot_arid was corrected from null to its default, regions_unexplored:steppe. 
[19:18:06] [Thread-3/WARN]: Incorrect key -----------------PLATEAU_BIOMES--------------------.hot_dry was corrected from null to its default, regions_unexplored:steppe. 
[19:18:06] [Thread-3/WARN]: Incorrect key -----------------PLATEAU_BIOMES--------------------.hot_neutral was corrected from null to its default, regions_unexplored:saguaro_desert. 
[19:18:06] [Thread-3/WARN]: Incorrect key -----------------PLATEAU_BIOMES--------------------.hot_wet was corrected from null to its default, regions_unexplored:eucalyptus_forest. 
[19:18:06] [Thread-3/WARN]: Incorrect key -----------------PLATEAU_BIOMES--------------------.hot_humid was corrected from null to its default, regions_unexplored:eucalyptus_forest. 
[19:18:06] [Thread-3/WARN]: Incorrect key -----------------PLATEAU_BIOMES_VARIANT-------------------- was corrected from null to its default, SimpleCommentedConfig:{}. 
[19:18:06] [Thread-3/WARN]: Incorrect key -----------------PLATEAU_BIOMES_VARIANT--------------------.icy_arid was corrected from null to its default, regions_unexplored:icy_heights. 
[19:18:06] [Thread-3/WARN]: Incorrect key -----------------PLATEAU_BIOMES_VARIANT--------------------.icy_dry was corrected from null to its default, regions_unexplored:icy_heights. 
[19:18:06] [Thread-3/WARN]: Incorrect key -----------------PLATEAU_BIOMES_VARIANT--------------------.icy_neutral was corrected from null to its default, regions_unexplored:icy_heights. 
[19:18:06] [Thread-3/WARN]: Incorrect key -----------------PLATEAU_BIOMES_VARIANT--------------------.icy_wet was corrected from null to its default, regions_unexplored:icy_heights. 
[19:18:06] [Thread-3/WARN]: Incorrect key -----------------PLATEAU_BIOMES_VARIANT--------------------.icy_humid was corrected from null to its default, regions_unexplored:spires. 
[19:18:06] [Thread-3/WARN]: Incorrect key -----------------PLATEAU_BIOMES_VARIANT--------------------.cool_arid was corrected from null to its default, regions_unexplored:autumnal_maple_forest. 
[19:18:06] [Thread-3/WARN]: Incorrect key -----------------PLATEAU_BIOMES_VARIANT--------------------.cool_dry was corrected from null to its default, regions_unexplored:autumnal_maple_forest. 
[19:18:06] [Thread-3/WARN]: Incorrect key -----------------PLATEAU_BIOMES_VARIANT--------------------.cool_neutral was corrected from null to its default, regions_unexplored:maple_forest. 
[19:18:06] [Thread-3/WARN]: Incorrect key -----------------PLATEAU_BIOMES_VARIANT--------------------.cool_wet was corrected from null to its default, regions_unexplored:boreal_taiga. 
[19:18:06] [Thread-3/WARN]: Incorrect key -----------------PLATEAU_BIOMES_VARIANT--------------------.cool_humid was corrected from null to its default, regions_unexplored:golden_boreal_taiga. 
[19:18:06] [Thread-3/WARN]: Incorrect key -----------------PLATEAU_BIOMES_VARIANT--------------------.neutral_arid was corrected from null to its default, regions_unexplored:orchard. 
[19:18:06] [Thread-3/WARN]: Incorrect key -----------------PLATEAU_BIOMES_VARIANT--------------------.neutral_dry was corrected from null to its default, regions_unexplored:highland_fields. 
[19:18:06] [Thread-3/WARN]: Incorrect key -----------------PLATEAU_BIOMES_VARIANT--------------------.neutral_neutral was corrected from null to its default, regions_unexplored:temperate_grove. 
[19:18:06] [Thread-3/WARN]: Incorrect key -----------------PLATEAU_BIOMES_VARIANT--------------------.neutral_wet was corrected from null to its default, regions_unexplored:pine_taiga. 
[19:18:06] [Thread-3/WARN]: Incorrect key -----------------PLATEAU_BIOMES_VARIANT--------------------.neutral_humid was corrected from null to its default, regions_unexplored:blackwood_taiga. 
[19:18:06] [Thread-3/WARN]: Incorrect key -----------------PLATEAU_BIOMES_VARIANT--------------------.warm_arid was corrected from null to its default, regions_unexplored:deciduous_forest. 
[19:18:06] [Thread-3/WARN]: Incorrect key -----------------PLATEAU_BIOMES_VARIANT--------------------.warm_dry was corrected from null to its default, regions_unexplored:deciduous_forest. 
[19:18:06] [Thread-3/WARN]: Incorrect key -----------------PLATEAU_BIOMES_VARIANT--------------------.warm_neutral was corrected from null to its default, regions_unexplored:deciduous_forest. 
[19:18:06] [Thread-3/WARN]: Incorrect key -----------------PLATEAU_BIOMES_VARIANT--------------------.warm_wet was corrected from null to its default, regions_unexplored:redwoods. 
[19:18:06] [Thread-3/WARN]: Incorrect key -----------------PLATEAU_BIOMES_VARIANT--------------------.warm_humid was corrected from null to its default, regions_unexplored:sparse_redwoods. 
[19:18:06] [Thread-3/WARN]: Incorrect key -----------------PLATEAU_BIOMES_VARIANT--------------------.hot_arid was corrected from null to its default, regions_unexplored:steppe. 
[19:18:06] [Thread-3/WARN]: Incorrect key -----------------PLATEAU_BIOMES_VARIANT--------------------.hot_dry was corrected from null to its default, regions_unexplored:steppe. 
[19:18:06] [Thread-3/WARN]: Incorrect key -----------------PLATEAU_BIOMES_VARIANT--------------------.hot_neutral was corrected from null to its default, regions_unexplored:saguaro_desert. 
[19:18:06] [Thread-3/WARN]: Incorrect key -----------------PLATEAU_BIOMES_VARIANT--------------------.hot_wet was corrected from null to its default, regions_unexplored:eucalyptus_forest. 
[19:18:06] [Thread-3/WARN]: Incorrect key -----------------PLATEAU_BIOMES_VARIANT--------------------.hot_humid was corrected from null to its default, regions_unexplored:eucalyptus_forest. 
[19:18:06] [Thread-3/WARN]: Incorrect key -----------------SHATTERED_BIOMES-------------------- was corrected from null to its default, SimpleCommentedConfig:{}. 
[19:18:06] [Thread-3/WARN]: Incorrect key -----------------SHATTERED_BIOMES--------------------.icy_arid was corrected from null to its default, regions_unexplored:icy_heights. 
[19:18:06] [Thread-3/WARN]: Incorrect key -----------------SHATTERED_BIOMES--------------------.icy_dry was corrected from null to its default, regions_unexplored:icy_heights. 
[19:18:06] [Thread-3/WARN]: Incorrect key -----------------SHATTERED_BIOMES--------------------.icy_neutral was corrected from null to its default, regions_unexplored:icy_heights. 
[19:18:06] [Thread-3/WARN]: Incorrect key -----------------SHATTERED_BIOMES--------------------.icy_wet was corrected from null to its default, regions_unexplored:icy_heights. 
[19:18:06] [Thread-3/WARN]: Incorrect key -----------------SHATTERED_BIOMES--------------------.icy_humid was corrected from null to its default, regions_unexplored:icy_heights. 
[19:18:06] [Thread-3/WARN]: Incorrect key -----------------SHATTERED_BIOMES--------------------.cool_arid was corrected from null to its default, regions_unexplored:towering_cliffs. 
[19:18:06] [Thread-3/WARN]: Incorrect key -----------------SHATTERED_BIOMES--------------------.cool_dry was corrected from null to its default, regions_unexplored:towering_cliffs. 
[19:18:06] [Thread-3/WARN]: Incorrect key -----------------SHATTERED_BIOMES--------------------.cool_neutral was corrected from null to its default, regions_unexplored:towering_cliffs. 
[19:18:06] [Thread-3/WARN]: Incorrect key -----------------SHATTERED_BIOMES--------------------.cool_wet was corrected from null to its default, regions_unexplored:towering_cliffs. 
[19:18:06] [Thread-3/WARN]: Incorrect key -----------------SHATTERED_BIOMES--------------------.cool_humid was corrected from null to its default, regions_unexplored:towering_cliffs. 
[19:18:06] [Thread-3/WARN]: Incorrect key -----------------SHATTERED_BIOMES--------------------.neutral_arid was corrected from null to its default, regions_unexplored:towering_cliffs. 
[19:18:06] [Thread-3/WARN]: Incorrect key -----------------SHATTERED_BIOMES--------------------.neutral_dry was corrected from null to its default, regions_unexplored:towering_cliffs. 
[19:18:06] [Thread-3/WARN]: Incorrect key -----------------SHATTERED_BIOMES--------------------.neutral_neutral was corrected from null to its default, regions_unexplored:towering_cliffs. 
[19:18:06] [Thread-3/WARN]: Incorrect key -----------------SHATTERED_BIOMES--------------------.neutral_wet was corrected from null to its default, regions_unexplored:towering_cliffs. 
[19:18:06] [Thread-3/WARN]: Incorrect key -----------------SHATTERED_BIOMES--------------------.neutral_humid was corrected from null to its default, regions_unexplored:towering_cliffs. 
[19:18:06] [Thread-3/WARN]: Incorrect key -----------------SHATTERED_BIOMES--------------------.warm_arid was corrected from null to its default, regions_unexplored:barley_fields. 
[19:18:06] [Thread-3/WARN]: Incorrect key -----------------SHATTERED_BIOMES--------------------.warm_dry was corrected from null to its default, regions_unexplored:deciduous_forest. 
[19:18:06] [Thread-3/WARN]: Incorrect key -----------------SHATTERED_BIOMES--------------------.warm_neutral was corrected from null to its default, regions_unexplored:deciduous_forest. 
[19:18:06] [Thread-3/WARN]: Incorrect key -----------------SHATTERED_BIOMES--------------------.warm_wet was corrected from null to its default, regions_unexplored:sparse_redwoods. 
[19:18:06] [Thread-3/WARN]: Incorrect key -----------------SHATTERED_BIOMES--------------------.warm_humid was corrected from null to its default, regions_unexplored:sparse_redwoods. 
[19:18:06] [Thread-3/WARN]: Incorrect key -----------------SHATTERED_BIOMES--------------------.hot_arid was corrected from null to its default, regions_unexplored:steppe. 
[19:18:06] [Thread-3/WARN]: Incorrect key -----------------SHATTERED_BIOMES--------------------.hot_dry was corrected from null to its default, regions_unexplored:steppe. 
[19:18:06] [Thread-3/WARN]: Incorrect key -----------------SHATTERED_BIOMES--------------------.hot_neutral was corrected from null to its default, regions_unexplored:saguaro_desert. 
[19:18:06] [Thread-3/WARN]: Incorrect key -----------------SHATTERED_BIOMES--------------------.hot_wet was corrected from null to its default, regions_unexplored:eucalyptus_forest. 
[19:18:06] [Thread-3/WARN]: Incorrect key -----------------SHATTERED_BIOMES--------------------.hot_humid was corrected from null to its default, regions_unexplored:eucalyptus_forest. 
[19:18:06] [Thread-3/WARN]: Incorrect key -----------------SLOPE_BIOMES-------------------- was corrected from null to its default, SimpleCommentedConfig:{}. 
[19:18:06] [Thread-3/WARN]: Incorrect key -----------------SLOPE_BIOMES--------------------.icy_slope_biome was corrected from null to its default, minecraft:snowy_slopes. 
[19:18:06] [Thread-3/WARN]: Incorrect key -----------------SLOPE_BIOMES--------------------.cold_slope_biome was corrected from null to its default, minecraft:grove. 
[19:18:06] [Thread-3/WARN]: Incorrect key -----------------SLOPE_BIOMES--------------------.neutral_slope_biome was corrected from null to its default, regions_unexplored:pine_slopes. 
[19:18:06] [Thread-3/WARN]: Incorrect key -----------------SLOPE_BIOMES--------------------.warm_slope_biome was corrected from null to its default, regions_unexplored:deciduous_forest. 
[19:18:06] [Thread-3/WARN]: Incorrect key -----------------SLOPE_BIOMES--------------------.hot_slope_biome was corrected from null to its default, regions_unexplored:eucalyptus_forest. 
[19:18:06] [Thread-3/WARN]: Incorrect key -----------------SLOPE_BIOMES--------------------.icy_slope_biome_variant was corrected from null to its default, regions_unexplored:cold_deciduous_forest. 
[19:18:06] [Thread-3/WARN]: Incorrect key -----------------SLOPE_BIOMES--------------------.cold_slope_biome_variant was corrected from null to its default, regions_unexplored:pine_slopes. 
[19:18:06] [Thread-3/WARN]: Incorrect key -----------------SLOPE_BIOMES--------------------.neutral_slope_biome_variant was corrected from null to its default, regions_unexplored:pine_slopes. 
[19:18:06] [Thread-3/WARN]: Incorrect key -----------------SLOPE_BIOMES--------------------.warm_slope_biome_variant was corrected from null to its default, regions_unexplored:deciduous_forest. 
[19:18:06] [Thread-3/WARN]: Incorrect key -----------------SLOPE_BIOMES--------------------.hot_slope_biome_variant was corrected from null to its default, regions_unexplored:eucalyptus_forest. 
[19:18:06] [Thread-3/WARN]: Incorrect key -----------------PEAK_BIOMES-------------------- was corrected from null to its default, SimpleCommentedConfig:{}. 
[19:18:06] [Thread-3/WARN]: Incorrect key -----------------PEAK_BIOMES--------------------.icy_peak_biome was corrected from null to its default, minecraft:frozen_peaks. 
[19:18:06] [Thread-3/WARN]: Incorrect key -----------------PEAK_BIOMES--------------------.cold_peak_biome was corrected from null to its default, minecraft:jagged_peaks. 
[19:18:06] [Thread-3/WARN]: Incorrect key -----------------PEAK_BIOMES--------------------.neutral_peak_biome was corrected from null to its default, regions_unexplored:mountains. 
[19:18:06] [Thread-3/WARN]: Incorrect key -----------------PEAK_BIOMES--------------------.warm_peak_biome was corrected from null to its default, minecraft:stony_peaks. 
[19:18:06] [Thread-3/WARN]: Incorrect key -----------------PEAK_BIOMES--------------------.hot_peak_biome was corrected from null to its default, regions_unexplored:arid_mountains. 
[19:18:06] [Thread-3/WARN]: Incorrect key -----------------PEAK_BIOMES--------------------.icy_peak_biome_variant was corrected from null to its default, minecraft:jagged_peaks. 
[19:18:06] [Thread-3/WARN]: Incorrect key -----------------PEAK_BIOMES--------------------.cold_peak_biome_variant was corrected from null to its default, regions_unexplored:mountains. 
[19:18:06] [Thread-3/WARN]: Incorrect key -----------------PEAK_BIOMES--------------------.neutral_peak_biome_variant was corrected from null to its default, regions_unexplored:mountains. 
[19:18:06] [Thread-3/WARN]: Incorrect key -----------------PEAK_BIOMES--------------------.warm_peak_biome_variant was corrected from null to its default, minecraft:stony_peaks. 
[19:18:06] [Thread-3/WARN]: Incorrect key -----------------PEAK_BIOMES--------------------.hot_peak_biome_variant was corrected from null to its default, regions_unexplored:arid_mountains. 
[19:18:06] [Thread-3/WARN]: Incorrect key -----------------RIVER_BIOMES-------------------- was corrected from null to its default, SimpleCommentedConfig:{}. 
[19:18:06] [Thread-3/WARN]: Incorrect key -----------------RIVER_BIOMES--------------------.icy_arid was corrected from null to its default, minecraft:frozen_river. 
[19:18:06] [Thread-3/WARN]: Incorrect key -----------------RIVER_BIOMES--------------------.icy_dry was corrected from null to its default, minecraft:frozen_river. 
[19:18:06] [Thread-3/WARN]: Incorrect key -----------------RIVER_BIOMES--------------------.icy_neutral was corrected from null to its default, minecraft:frozen_river. 
[19:18:06] [Thread-3/WARN]: Incorrect key -----------------RIVER_BIOMES--------------------.icy_wet was corrected from null to its default, minecraft:frozen_river. 
[19:18:06] [Thread-3/WARN]: Incorrect key -----------------RIVER_BIOMES--------------------.icy_humid was corrected from null to its default, regions_unexplored:cold_river. 
[19:18:06] [Thread-3/WARN]: Incorrect key -----------------RIVER_BIOMES--------------------.cool_arid was corrected from null to its default, regions_unexplored:cold_river. 
[19:18:06] [Thread-3/WARN]: Incorrect key -----------------RIVER_BIOMES--------------------.cool_dry was corrected from null to its default, regions_unexplored:cold_river. 
[19:18:06] [Thread-3/WARN]: Incorrect key -----------------RIVER_BIOMES--------------------.cool_neutral was corrected from null to its default, regions_unexplored:muddy_river. 
[19:18:06] [Thread-3/WARN]: Incorrect key -----------------RIVER_BIOMES--------------------.cool_wet was corrected from null to its default, regions_unexplored:muddy_river. 
[19:18:06] [Thread-3/WARN]: Incorrect key -----------------RIVER_BIOMES--------------------.cool_humid was corrected from null to its default, regions_unexplored:muddy_river. 
[19:18:06] [Thread-3/WARN]: Incorrect key -----------------RIVER_BIOMES--------------------.neutral_arid was corrected from null to its default, minecraft:river. 
[19:18:06] [Thread-3/WARN]: Incorrect key -----------------RIVER_BIOMES--------------------.neutral_dry was corrected from null to its default, minecraft:river. 
[19:18:06] [Thread-3/WARN]: Incorrect key -----------------RIVER_BIOMES--------------------.neutral_neutral was corrected from null to its default, minecraft:river. 
[19:18:06] [Thread-3/WARN]: Incorrect key -----------------RIVER_BIOMES--------------------.neutral_wet was corrected from null to its default, minecraft:river. 
[19:18:06] [Thread-3/WARN]: Incorrect key -----------------RIVER_BIOMES--------------------.neutral_humid was corrected from null to its default, regions_unexplored:blackwood_taiga. 
[19:18:06] [Thread-3/WARN]: Incorrect key -----------------RIVER_BIOMES--------------------.warm_arid was corrected from null to its default, minecraft:river. 
[19:18:06] [Thread-3/WARN]: Incorrect key -----------------RIVER_BIOMES--------------------.warm_dry was corrected from null to its default, minecraft:river. 
[19:18:06] [Thread-3/WARN]: Incorrect key -----------------RIVER_BIOMES--------------------.warm_neutral was corrected from null to its default, minecraft:river. 
[19:18:06] [Thread-3/WARN]: Incorrect key -----------------RIVER_BIOMES--------------------.warm_wet was corrected from null to its default, minecraft:river. 
[19:18:06] [Thread-3/WARN]: Incorrect key -----------------RIVER_BIOMES--------------------.warm_humid was corrected from null to its default, minecraft:river. 
[19:18:06] [Thread-3/WARN]: Incorrect key -----------------RIVER_BIOMES--------------------.hot_arid was corrected from null to its default, minecraft:river. 
[19:18:06] [Thread-3/WARN]: Incorrect key -----------------RIVER_BIOMES--------------------.hot_dry was corrected from null to its default, minecraft:river. 
[19:18:06] [Thread-3/WARN]: Incorrect key -----------------RIVER_BIOMES--------------------.hot_neutral was corrected from null to its default, regions_unexplored:tropical_river. 
[19:18:06] [Thread-3/WARN]: Incorrect key -----------------RIVER_BIOMES--------------------.hot_wet was corrected from null to its default, regions_unexplored:tropical_river. 
[19:18:06] [Thread-3/WARN]: Incorrect key -----------------RIVER_BIOMES--------------------.hot_humid was corrected from null to its default, regions_unexplored:tropical_river. 
[19:18:06] [Thread-3/WARN]: Incorrect key -----------------RIVER_BIOMES_VARIANT-------------------- was corrected from null to its default, SimpleCommentedConfig:{}. 
[19:18:06] [Thread-3/WARN]: Incorrect key -----------------RIVER_BIOMES_VARIANT--------------------.icy_arid was corrected from null to its default, minecraft:frozen_river. 
[19:18:06] [Thread-3/WARN]: Incorrect key -----------------RIVER_BIOMES_VARIANT--------------------.icy_dry was corrected from null to its default, minecraft:frozen_river. 
[19:18:06] [Thread-3/WARN]: Incorrect key -----------------RIVER_BIOMES_VARIANT--------------------.icy_neutral was corrected from null to its default, minecraft:frozen_river. 
[19:18:06] [Thread-3/WARN]: Incorrect key -----------------RIVER_BIOMES_VARIANT--------------------.icy_wet was corrected from null to its default, minecraft:frozen_river. 
[19:18:06] [Thread-3/WARN]: Incorrect key -----------------RIVER_BIOMES_VARIANT--------------------.icy_humid was corrected from null to its default, regions_unexplored:cold_river. 
[19:18:06] [Thread-3/WARN]: Incorrect key -----------------RIVER_BIOMES_VARIANT--------------------.cool_arid was corrected from null to its default, regions_unexplored:cold_river. 
[19:18:06] [Thread-3/WARN]: Incorrect key -----------------RIVER_BIOMES_VARIANT--------------------.cool_dry was corrected from null to its default, regions_unexplored:cold_river. 
[19:18:06] [Thread-3/WARN]: Incorrect key -----------------RIVER_BIOMES_VARIANT--------------------.cool_neutral was corrected from null to its default, regions_unexplored:muddy_river. 
[19:18:06] [Thread-3/WARN]: Incorrect key -----------------RIVER_BIOMES_VARIANT--------------------.cool_wet was corrected from null to its default, regions_unexplored:muddy_river. 
[19:18:06] [Thread-3/WARN]: Incorrect key -----------------RIVER_BIOMES_VARIANT--------------------.cool_humid was corrected from null to its default, regions_unexplored:muddy_river. 
[19:18:06] [Thread-3/WARN]: Incorrect key -----------------RIVER_BIOMES_VARIANT--------------------.neutral_arid was corrected from null to its default, minecraft:river. 
[19:18:06] [Thread-3/WARN]: Incorrect key -----------------RIVER_BIOMES_VARIANT--------------------.neutral_dry was corrected from null to its default, minecraft:river. 
[19:18:06] [Thread-3/WARN]: Incorrect key -----------------RIVER_BIOMES_VARIANT--------------------.neutral_neutral was corrected from null to its default, minecraft:river. 
[19:18:06] [Thread-3/WARN]: Incorrect key -----------------RIVER_BIOMES_VARIANT--------------------.neutral_wet was corrected from null to its default, minecraft:river. 
[19:18:06] [Thread-3/WARN]: Incorrect key -----------------RIVER_BIOMES_VARIANT--------------------.neutral_humid was corrected from null to its default, regions_unexplored:blackwood_taiga. 
[19:18:06] [Thread-3/WARN]: Incorrect key -----------------RIVER_BIOMES_VARIANT--------------------.warm_arid was corrected from null to its default, minecraft:river. 
[19:18:06] [Thread-3/WARN]: Incorrect key -----------------RIVER_BIOMES_VARIANT--------------------.warm_dry was corrected from null to its default, minecraft:river. 
[19:18:06] [Thread-3/WARN]: Incorrect key -----------------RIVER_BIOMES_VARIANT--------------------.warm_neutral was corrected from null to its default, minecraft:river. 
[19:18:06] [Thread-3/WARN]: Incorrect key -----------------RIVER_BIOMES_VARIANT--------------------.warm_wet was corrected from null to its default, minecraft:river. 
[19:18:06] [Thread-3/WARN]: Incorrect key -----------------RIVER_BIOMES_VARIANT--------------------.warm_humid was corrected from null to its default, minecraft:river. 
[19:18:06] [Thread-3/WARN]: Incorrect key -----------------RIVER_BIOMES_VARIANT--------------------.hot_arid was corrected from null to its default, minecraft:river. 
[19:18:06] [Thread-3/WARN]: Incorrect key -----------------RIVER_BIOMES_VARIANT--------------------.hot_dry was corrected from null to its default, minecraft:river. 
[19:18:06] [Thread-3/WARN]: Incorrect key -----------------RIVER_BIOMES_VARIANT--------------------.hot_neutral was corrected from null to its default, regions_unexplored:tropical_river. 
[19:18:06] [Thread-3/WARN]: Incorrect key -----------------RIVER_BIOMES_VARIANT--------------------.hot_wet was corrected from null to its default, regions_unexplored:tropical_river. 
[19:18:06] [Thread-3/WARN]: Incorrect key -----------------RIVER_BIOMES_VARIANT--------------------.hot_humid was corrected from null to its default, regions_unexplored:tropical_river. 
[19:18:06] [Thread-3/WARN]: Incorrect key -----------------SWAMP_BIOMES-------------------- was corrected from null to its default, SimpleCommentedConfig:{}. 
[19:18:06] [Thread-3/WARN]: Incorrect key -----------------SWAMP_BIOMES--------------------.icy_arid was corrected from null to its default, regions_unexplored:spires. 
[19:18:06] [Thread-3/WARN]: Incorrect key -----------------SWAMP_BIOMES--------------------.icy_dry was corrected from null to its default, regions_unexplored:spires. 
[19:18:06] [Thread-3/WARN]: Incorrect key -----------------SWAMP_BIOMES--------------------.icy_neutral was corrected from null to its default, regions_unexplored:spires. 
[19:18:06] [Thread-3/WARN]: Incorrect key -----------------SWAMP_BIOMES--------------------.icy_wet was corrected from null to its default, regions_unexplored:spires. 
[19:18:06] [Thread-3/WARN]: Incorrect key -----------------SWAMP_BIOMES--------------------.icy_humid was corrected from null to its default, regions_unexplored:spires. 
[19:18:06] [Thread-3/WARN]: Incorrect key -----------------SWAMP_BIOMES--------------------.cool_arid was corrected from null to its default, regions_unexplored:fen. 
[19:18:06] [Thread-3/WARN]: Incorrect key -----------------SWAMP_BIOMES--------------------.cool_dry was corrected from null to its default, regions_unexplored:fen. 
[19:18:06] [Thread-3/WARN]: Incorrect key -----------------SWAMP_BIOMES--------------------.cool_neutral was corrected from null to its default, regions_unexplored:fen. 
[19:18:06] [Thread-3/WARN]: Incorrect key -----------------SWAMP_BIOMES--------------------.cool_wet was corrected from null to its default, regions_unexplored:fen. 
[19:18:06] [Thread-3/WARN]: Incorrect key -----------------SWAMP_BIOMES--------------------.cool_humid was corrected from null to its default, regions_unexplored:fen. 
[19:18:06] [Thread-3/WARN]: Incorrect key -----------------SWAMP_BIOMES--------------------.neutral_arid was corrected from null to its default, regions_unexplored:old_growth_bayou. 
[19:18:06] [Thread-3/WARN]: Incorrect key -----------------SWAMP_BIOMES--------------------.neutral_dry was corrected from null to its default, regions_unexplored:bayou. 
[19:18:06] [Thread-3/WARN]: Incorrect key -----------------SWAMP_BIOMES--------------------.neutral_neutral was corrected from null to its default, regions_unexplored:bayou. 
[19:18:06] [Thread-3/WARN]: Incorrect key -----------------SWAMP_BIOMES--------------------.neutral_wet was corrected from null to its default, regions_unexplored:bayou. 
[19:18:06] [Thread-3/WARN]: Incorrect key -----------------SWAMP_BIOMES--------------------.neutral_humid was corrected from null to its default, regions_unexplored:old_growth_bayou. 
[19:18:06] [Thread-3/WARN]: Incorrect key -----------------SWAMP_BIOMES--------------------.warm_arid was corrected from null to its default, regions_unexplored:marsh. 
[19:18:06] [Thread-3/WARN]: Incorrect key -----------------SWAMP_BIOMES--------------------.warm_dry was corrected from null to its default, regions_unexplored:marsh. 
[19:18:06] [Thread-3/WARN]: Incorrect key -----------------SWAMP_BIOMES--------------------.warm_neutral was corrected from null to its default, regions_unexplored:marsh. 
[19:18:06] [Thread-3/WARN]: Incorrect key -----------------SWAMP_BIOMES--------------------.warm_wet was corrected from null to its default, regions_unexplored:marsh. 
[19:18:06] [Thread-3/WARN]: Incorrect key -----------------SWAMP_BIOMES--------------------.warm_humid was corrected from null to its default, regions_unexplored:marsh. 
[19:18:06] [Thread-3/WARN]: Incorrect key -----------------SWAMP_BIOMES--------------------.hot_arid was corrected from null to its default, regions_unexplored:fungal_fen. 
[19:18:06] [Thread-3/WARN]: Incorrect key -----------------SWAMP_BIOMES--------------------.hot_dry was corrected from null to its default, regions_unexplored:fungal_fen. 
[19:18:06] [Thread-3/WARN]: Incorrect key -----------------SWAMP_BIOMES--------------------.hot_neutral was corrected from null to its default, regions_unexplored:fungal_fen. 
[19:18:06] [Thread-3/WARN]: Incorrect key -----------------SWAMP_BIOMES--------------------.hot_wet was corrected from null to its default, regions_unexplored:fungal_fen. 
[19:18:06] [Thread-3/WARN]: Incorrect key -----------------SWAMP_BIOMES--------------------.hot_humid was corrected from null to its default, regions_unexplored:fungal_fen. 
[19:18:06] [Thread-3/WARN]: Incorrect key -----------------OCEAN_BIOMES-------------------- was corrected from null to its default, SimpleCommentedConfig:{}. 
[19:18:06] [Thread-3/WARN]: Incorrect key -----------------OCEAN_BIOMES--------------------.deep_icy was corrected from null to its default, regions_unexplored:hyacinth_deeps. 
[19:18:06] [Thread-3/WARN]: Incorrect key -----------------OCEAN_BIOMES--------------------.deep_cool was corrected from null to its default, minecraft:deep_cold_ocean. 
[19:18:06] [Thread-3/WARN]: Incorrect key -----------------OCEAN_BIOMES--------------------.deep_neutral was corrected from null to its default, minecraft:deep_ocean. 
[19:18:06] [Thread-3/WARN]: Incorrect key -----------------OCEAN_BIOMES--------------------.deep_warm was corrected from null to its default, minecraft:deep_lukewarm_ocean. 
[19:18:06] [Thread-3/WARN]: Incorrect key -----------------OCEAN_BIOMES--------------------.deep_hot was corrected from null to its default, minecraft:warm_ocean. 
[19:18:06] [Thread-3/WARN]: Incorrect key -----------------OCEAN_BIOMES--------------------.icy was corrected from null to its default, minecraft:frozen_ocean. 
[19:18:06] [Thread-3/WARN]: Incorrect key -----------------OCEAN_BIOMES--------------------.cool was corrected from null to its default, minecraft:cold_ocean. 
[19:18:06] [Thread-3/WARN]: Incorrect key -----------------OCEAN_BIOMES--------------------.neutral was corrected from null to its default, minecraft:ocean. 
[19:18:06] [Thread-3/WARN]: Incorrect key -----------------OCEAN_BIOMES--------------------.warm was corrected from null to its default, minecraft:lukewarm_ocean. 
[19:18:06] [Thread-3/WARN]: Incorrect key -----------------OCEAN_BIOMES--------------------.hot was corrected from null to its default, regions_unexplored:rocky_reef. 
[19:18:06] [Thread-3/WARN]: Incorrect key -----------------SHORE_BIOMES-------------------- was corrected from null to its default, SimpleCommentedConfig:{}. 
[19:18:06] [Thread-3/WARN]: Incorrect key -----------------SHORE_BIOMES--------------------.icy_beach_biome was corrected from null to its default, minecraft:snowy_beach. 
[19:18:06] [Thread-3/WARN]: Incorrect key -----------------SHORE_BIOMES--------------------.cold_beach_biome was corrected from null to its default, regions_unexplored:gravel_beach. 
[19:18:06] [Thread-3/WARN]: Incorrect key -----------------SHORE_BIOMES--------------------.neutral_beach_biome was corrected from null to its default, regions_unexplored:grassy_beach. 
[19:18:06] [Thread-3/WARN]: Incorrect key -----------------SHORE_BIOMES--------------------.warm_beach_biome was corrected from null to its default, regions_unexplored:grassy_beach. 
[19:18:06] [Thread-3/WARN]: Incorrect key -----------------SHORE_BIOMES--------------------.hot_beach_biome was corrected from null to its default, minecraft:beach. 
[19:18:06] [Thread-3/WARN]: Incorrect key -----------------SHORE_BIOMES--------------------.cold_stone_beach_biome was corrected from null to its default, minecraft:stony_shore. 
[19:18:06] [Thread-3/WARN]: Incorrect key -----------------SHORE_BIOMES--------------------.hot_stone_beach_biome was corrected from null to its default, regions_unexplored:chalk_cliffs. 
[19:18:06] [Thread-3/WARN]: Incorrect key -----------------UNDERGROUND_BIOMES-------------------- was corrected from null to its default, SimpleCommentedConfig:{}. 
[19:18:06] [Thread-3/WARN]: Incorrect key -----------------UNDERGROUND_BIOMES--------------------.cave_1_biome was corrected from null to its default, minecraft:lush_caves. 
[19:18:06] [Thread-3/WARN]: Incorrect key -----------------UNDERGROUND_BIOMES--------------------.cave_2_biome was corrected from null to its default, minecraft:dripstone_caves. 
[19:18:06] [Thread-3/WARN]: Incorrect key -----------------UNDERGROUND_BIOMES--------------------.cave_3_biome was corrected from null to its default, minecraft:deep_dark. 
[19:18:06] [Thread-3/WARN]: Incorrect key -----------------UNDERGROUND_BIOMES--------------------.cave_4_biome was corrected from null to its default, regions_unexplored:bioshroom_caves. 
[19:18:06] [Thread-3/WARN]: Incorrect key -----------------UNDERGROUND_BIOMES--------------------.cave_5_biome was corrected from null to its default, regions_unexplored:ancient_delta. 
[19:18:06] [Thread-3/WARN]: Incorrect key -----------------UNDERGROUND_BIOMES--------------------.cave_6_biome was corrected from null to its default, regions_unexplored:prismachasm. 
[19:18:06] [Thread-3/WARN]: Incorrect key -----------------UNDERGROUND_BIOMES--------------------.cave_7_biome was corrected from null to its default, regions_unexplored:redstone_caves. 
[19:18:06] [Thread-3/WARN]: Incorrect key -----------------UNDERGROUND_BIOMES--------------------.cave_8_biome was corrected from null to its default, regions_unexplored:scorching_caves. 
[19:18:06] [Thread-3/WARN]: Incorrect key -----------------ISLAND_BIOMES-------------------- was corrected from null to its default, SimpleCommentedConfig:{}. 
[19:18:06] [Thread-3/WARN]: Incorrect key -----------------ISLAND_BIOMES--------------------.icy_island_biome was corrected from null to its default, regions_unexplored:alpha_grove. 
[19:18:06] [Thread-3/WARN]: Incorrect key -----------------ISLAND_BIOMES--------------------.cool_island_biome was corrected from null to its default, regions_unexplored:alpha_grove. 
[19:18:06] [Thread-3/WARN]: Incorrect key -----------------ISLAND_BIOMES--------------------.neutral_island_biome was corrected from null to its default, regions_unexplored:ashen_woodland. 
[19:18:06] [Thread-3/WARN]: Incorrect key -----------------ISLAND_BIOMES--------------------.warm_island_biome was corrected from null to its default, regions_unexplored:tropics. 
[19:18:06] [Thread-3/WARN]: Incorrect key -----------------ISLAND_BIOMES--------------------.hot_island_biome was corrected from null to its default, regions_unexplored:tropics. 
[19:18:06] [Thread-3/WARN]: Incorrect key -----------------OTHER_BIOMES-------------------- was corrected from null to its default, SimpleCommentedConfig:{}. 
[19:18:06] [Thread-3/WARN]: Incorrect key -----------------OTHER_BIOMES--------------------.shattered_cliff_biome was corrected from null to its default, regions_unexplored:towering_cliffs. 
[19:18:06] [Thread-3/WARN]: Configuration file /workspaces/CraftCoso/servidor_minecraft/./config/regions_unexplored/regions_unexplored-primary-region.toml is not correct. Correcting
[19:18:06] [Thread-3/WARN]: Incorrect key -----------------MIDDLE_BIOMES-------------------- was corrected from null to its default, SimpleCommentedConfig:{}. 
[19:18:06] [Thread-3/WARN]: Incorrect key -----------------MIDDLE_BIOMES--------------------.icy_arid was corrected from null to its default, regions_unexplored:frozen_tundra. 
[19:18:06] [Thread-3/WARN]: Incorrect key -----------------MIDDLE_BIOMES--------------------.icy_dry was corrected from null to its default, regions_unexplored:frozen_tundra. 
[19:18:06] [Thread-3/WARN]: Incorrect key -----------------MIDDLE_BIOMES--------------------.icy_neutral was corrected from null to its default, regions_unexplored:frozen_pine_taiga. 
[19:18:06] [Thread-3/WARN]: Incorrect key -----------------MIDDLE_BIOMES--------------------.icy_wet was corrected from null to its default, regions_unexplored:cold_boreal_taiga. 
[19:18:06] [Thread-3/WARN]: Incorrect key -----------------MIDDLE_BIOMES--------------------.icy_humid was corrected from null to its default, regions_unexplored:cold_boreal_taiga. 
[19:18:06] [Thread-3/WARN]: Incorrect key -----------------MIDDLE_BIOMES--------------------.cool_arid was corrected from null to its default, regions_unexplored:pumpkin_fields. 
[19:18:06] [Thread-3/WARN]: Incorrect key -----------------MIDDLE_BIOMES--------------------.cool_dry was corrected from null to its default, regions_unexplored:autumnal_maple_forest. 
[19:18:06] [Thread-3/WARN]: Incorrect key -----------------MIDDLE_BIOMES--------------------.cool_neutral was corrected from null to its default, regions_unexplored:maple_forest. 
[19:18:06] [Thread-3/WARN]: Incorrect key -----------------MIDDLE_BIOMES--------------------.cool_wet was corrected from null to its default, regions_unexplored:boreal_taiga. 
[19:18:06] [Thread-3/WARN]: Incorrect key -----------------MIDDLE_BIOMES--------------------.cool_humid was corrected from null to its default, regions_unexplored:boreal_taiga. 
[19:18:06] [Thread-3/WARN]: Incorrect key -----------------MIDDLE_BIOMES--------------------.neutral_arid was corrected from null to its default, regions_unexplored:orchard. 
[19:18:06] [Thread-3/WARN]: Incorrect key -----------------MIDDLE_BIOMES--------------------.neutral_dry was corrected from null to its default, regions_unexplored:shrubland. 
[19:18:06] [Thread-3/WARN]: Incorrect key -----------------MIDDLE_BIOMES--------------------.neutral_neutral was corrected from null to its default, regions_unexplored:temperate_grove. 
[19:18:06] [Thread-3/WARN]: Incorrect key -----------------MIDDLE_BIOMES--------------------.neutral_wet was corrected from null to its default, regions_unexplored:pine_taiga. 
[19:18:06] [Thread-3/WARN]: Incorrect key -----------------MIDDLE_BIOMES--------------------.neutral_humid was corrected from null to its default, regions_unexplored:blackwood_taiga. 
[19:18:06] [Thread-3/WARN]: Incorrect key -----------------MIDDLE_BIOMES--------------------.warm_arid was corrected from null to its default, regions_unexplored:barley_fields. 
[19:18:06] [Thread-3/WARN]: Incorrect key -----------------MIDDLE_BIOMES--------------------.warm_dry was corrected from null to its default, regions_unexplored:prairie. 
[19:18:06] [Thread-3/WARN]: Incorrect key -----------------MIDDLE_BIOMES--------------------.warm_neutral was corrected from null to its default, regions_unexplored:grassland. 
[19:18:06] [Thread-3/WARN]: Incorrect key -----------------MIDDLE_BIOMES--------------------.warm_wet was corrected from null to its default, regions_unexplored:redwoods. 
[19:18:06] [Thread-3/WARN]: Incorrect key -----------------MIDDLE_BIOMES--------------------.warm_humid was corrected from null to its default, regions_unexplored:redwoods. 
[19:18:06] [Thread-3/WARN]: Incorrect key -----------------MIDDLE_BIOMES--------------------.hot_arid was corrected from null to its default, regions_unexplored:baobab_savanna. 
[19:18:06] [Thread-3/WARN]: Incorrect key -----------------MIDDLE_BIOMES--------------------.hot_dry was corrected from null to its default, regions_unexplored:baobab_savanna. 
[19:18:06] [Thread-3/WARN]: Incorrect key -----------------MIDDLE_BIOMES--------------------.hot_neutral was corrected from null to its default, regions_unexplored:saguaro_desert. 
[19:18:06] [Thread-3/WARN]: Incorrect key -----------------MIDDLE_BIOMES--------------------.hot_wet was corrected from null to its default, regions_unexplored:outback. 
[19:18:06] [Thread-3/WARN]: Incorrect key -----------------MIDDLE_BIOMES--------------------.hot_humid was corrected from null to its default, regions_unexplored:eucalyptus_forest. 
[19:18:06] [Thread-3/WARN]: Incorrect key -----------------MIDDLE_BIOMES_VARIANT-------------------- was corrected from null to its default, SimpleCommentedConfig:{}. 
[19:18:06] [Thread-3/WARN]: Incorrect key -----------------MIDDLE_BIOMES_VARIANT--------------------.icy_arid was corrected from null to its default, regions_unexplored:frozen_pine_taiga. 
[19:18:06] [Thread-3/WARN]: Incorrect key -----------------MIDDLE_BIOMES_VARIANT--------------------.icy_dry was corrected from null to its default, regions_unexplored:frozen_tundra. 
[19:18:06] [Thread-3/WARN]: Incorrect key -----------------MIDDLE_BIOMES_VARIANT--------------------.icy_neutral was corrected from null to its default, regions_unexplored:frozen_tundra. 
[19:18:06] [Thread-3/WARN]: Incorrect key -----------------MIDDLE_BIOMES_VARIANT--------------------.icy_wet was corrected from null to its default, regions_unexplored:cold_boreal_taiga. 
[19:18:06] [Thread-3/WARN]: Incorrect key -----------------MIDDLE_BIOMES_VARIANT--------------------.icy_humid was corrected from null to its default, regions_unexplored:spires. 
[19:18:06] [Thread-3/WARN]: Incorrect key -----------------MIDDLE_BIOMES_VARIANT--------------------.cool_arid was corrected from null to its default, regions_unexplored:autumnal_maple_forest. 
[19:18:06] [Thread-3/WARN]: Incorrect key -----------------MIDDLE_BIOMES_VARIANT--------------------.cool_dry was corrected from null to its default, regions_unexplored:autumnal_maple_forest. 
[19:18:06] [Thread-3/WARN]: Incorrect key -----------------MIDDLE_BIOMES_VARIANT--------------------.cool_neutral was corrected from null to its default, regions_unexplored:maple_forest. 
[19:18:06] [Thread-3/WARN]: Incorrect key -----------------MIDDLE_BIOMES_VARIANT--------------------.cool_wet was corrected from null to its default, regions_unexplored:boreal_taiga. 
[19:18:06] [Thread-3/WARN]: Incorrect key -----------------MIDDLE_BIOMES_VARIANT--------------------.cool_humid was corrected from null to its default, regions_unexplored:golden_boreal_taiga. 
[19:18:06] [Thread-3/WARN]: Incorrect key -----------------MIDDLE_BIOMES_VARIANT--------------------.neutral_arid was corrected from null to its default, regions_unexplored:orchard. 
[19:18:06] [Thread-3/WARN]: Incorrect key -----------------MIDDLE_BIOMES_VARIANT--------------------.neutral_dry was corrected from null to its default, regions_unexplored:shrubland. 
[19:18:06] [Thread-3/WARN]: Incorrect key -----------------MIDDLE_BIOMES_VARIANT--------------------.neutral_neutral was corrected from null to its default, regions_unexplored:temperate_grove. 
[19:18:06] [Thread-3/WARN]: Incorrect key -----------------MIDDLE_BIOMES_VARIANT--------------------.neutral_wet was corrected from null to its default, regions_unexplored:pine_taiga. 
[19:18:06] [Thread-3/WARN]: Incorrect key -----------------MIDDLE_BIOMES_VARIANT--------------------.neutral_humid was corrected from null to its default, regions_unexplored:blackwood_taiga. 
[19:18:06] [Thread-3/WARN]: Incorrect key -----------------MIDDLE_BIOMES_VARIANT--------------------.warm_arid was corrected from null to its default, regions_unexplored:prairie. 
[19:18:06] [Thread-3/WARN]: Incorrect key -----------------MIDDLE_BIOMES_VARIANT--------------------.warm_dry was corrected from null to its default, regions_unexplored:deciduous_forest. 
[19:18:06] [Thread-3/WARN]: Incorrect key -----------------MIDDLE_BIOMES_VARIANT--------------------.warm_neutral was corrected from null to its default, regions_unexplored:grassland. 
[19:18:06] [Thread-3/WARN]: Incorrect key -----------------MIDDLE_BIOMES_VARIANT--------------------.warm_wet was corrected from null to its default, regions_unexplored:redwoods. 
[19:18:06] [Thread-3/WARN]: Incorrect key -----------------MIDDLE_BIOMES_VARIANT--------------------.warm_humid was corrected from null to its default, regions_unexplored:sparse_redwoods. 
[19:18:06] [Thread-3/WARN]: Incorrect key -----------------MIDDLE_BIOMES_VARIANT--------------------.hot_arid was corrected from null to its default, regions_unexplored:baobab_savanna. 
[19:18:06] [Thread-3/WARN]: Incorrect key -----------------MIDDLE_BIOMES_VARIANT--------------------.hot_dry was corrected from null to its default, regions_unexplored:baobab_savanna. 
[19:18:06] [Thread-3/WARN]: Incorrect key -----------------MIDDLE_BIOMES_VARIANT--------------------.hot_neutral was corrected from null to its default, regions_unexplored:saguaro_desert. 
[19:18:06] [Thread-3/WARN]: Incorrect key -----------------MIDDLE_BIOMES_VARIANT--------------------.hot_wet was corrected from null to its default, regions_unexplored:outback. 
[19:18:06] [Thread-3/WARN]: Incorrect key -----------------MIDDLE_BIOMES_VARIANT--------------------.hot_humid was corrected from null to its default, regions_unexplored:eucalyptus_forest. 
[19:18:06] [Thread-3/WARN]: Incorrect key -----------------PLATEAU_BIOMES-------------------- was corrected from null to its default, SimpleCommentedConfig:{}. 
[19:18:06] [Thread-3/WARN]: Incorrect key -----------------PLATEAU_BIOMES--------------------.icy_arid was corrected from null to its default, regions_unexplored:icy_heights. 
[19:18:06] [Thread-3/WARN]: Incorrect key -----------------PLATEAU_BIOMES--------------------.icy_dry was corrected from null to its default, regions_unexplored:icy_heights. 
[19:18:06] [Thread-3/WARN]: Incorrect key -----------------PLATEAU_BIOMES--------------------.icy_neutral was corrected from null to its default, regions_unexplored:icy_heights. 
[19:18:06] [Thread-3/WARN]: Incorrect key -----------------PLATEAU_BIOMES--------------------.icy_wet was corrected from null to its default, regions_unexplored:icy_heights. 
[19:18:06] [Thread-3/WARN]: Incorrect key -----------------PLATEAU_BIOMES--------------------.icy_humid was corrected from null to its default, regions_unexplored:cold_boreal_taiga. 
[19:18:06] [Thread-3/WARN]: Incorrect key -----------------PLATEAU_BIOMES--------------------.cool_arid was corrected from null to its default, regions_unexplored:autumnal_maple_forest. 
[19:18:06] [Thread-3/WARN]: Incorrect key -----------------PLATEAU_BIOMES--------------------.cool_dry was corrected from null to its default, regions_unexplored:autumnal_maple_forest. 
[19:18:06] [Thread-3/WARN]: Incorrect key -----------------PLATEAU_BIOMES--------------------.cool_neutral was corrected from null to its default, regions_unexplored:maple_forest. 
[19:18:06] [Thread-3/WARN]: Incorrect key -----------------PLATEAU_BIOMES--------------------.cool_wet was corrected from null to its default, regions_unexplored:boreal_taiga. 
[19:18:06] [Thread-3/WARN]: Incorrect key -----------------PLATEAU_BIOMES--------------------.cool_humid was corrected from null to its default, regions_unexplored:boreal_taiga. 
[19:18:06] [Thread-3/WARN]: Incorrect key -----------------PLATEAU_BIOMES--------------------.neutral_arid was corrected from null to its default, regions_unexplored:highland_fields. 
[19:18:06] [Thread-3/WARN]: Incorrect key -----------------PLATEAU_BIOMES--------------------.neutral_dry was corrected from null to its default, regions_unexplored:highland_fields. 
[19:18:06] [Thread-3/WARN]: Incorrect key -----------------PLATEAU_BIOMES--------------------.neutral_neutral was corrected from null to its default, regions_unexplored:highland_fields. 
[19:18:06] [Thread-3/WARN]: Incorrect key -----------------PLATEAU_BIOMES--------------------.neutral_wet was corrected from null to its default, regions_unexplored:highland_fields. 
[19:18:06] [Thread-3/WARN]: Incorrect key -----------------PLATEAU_BIOMES--------------------.neutral_humid was corrected from null to its default, regions_unexplored:blackwood_taiga. 
[19:18:06] [Thread-3/WARN]: Incorrect key -----------------PLATEAU_BIOMES--------------------.warm_arid was corrected from null to its default, regions_unexplored:barley_fields. 
[19:18:06] [Thread-3/WARN]: Incorrect key -----------------PLATEAU_BIOMES--------------------.warm_dry was corrected from null to its default, regions_unexplored:deciduous_forest. 
[19:18:06] [Thread-3/WARN]: Incorrect key -----------------PLATEAU_BIOMES--------------------.warm_neutral was corrected from null to its default, regions_unexplored:deciduous_forest. 
[19:18:06] [Thread-3/WARN]: Incorrect key -----------------PLATEAU_BIOMES--------------------.warm_wet was corrected from null to its default, regions_unexplored:redwoods. 
[19:18:06] [Thread-3/WARN]: Incorrect key -----------------PLATEAU_BIOMES--------------------.warm_humid was corrected from null to its default, regions_unexplored:redwoods. 
[19:18:06] [Thread-3/WARN]: Incorrect key -----------------PLATEAU_BIOMES--------------------.hot_arid was corrected from null to its default, regions_unexplored:steppe. 
[19:18:06] [Thread-3/WARN]: Incorrect key -----------------PLATEAU_BIOMES--------------------.hot_dry was corrected from null to its default, regions_unexplored:steppe. 
[19:18:06] [Thread-3/WARN]: Incorrect key -----------------PLATEAU_BIOMES--------------------.hot_neutral was corrected from null to its default, regions_unexplored:saguaro_desert. 
[19:18:06] [Thread-3/WARN]: Incorrect key -----------------PLATEAU_BIOMES--------------------.hot_wet was corrected from null to its default, regions_unexplored:eucalyptus_forest. 
[19:18:06] [Thread-3/WARN]: Incorrect key -----------------PLATEAU_BIOMES--------------------.hot_humid was corrected from null to its default, regions_unexplored:eucalyptus_forest. 
[19:18:06] [Thread-3/WARN]: Incorrect key -----------------PLATEAU_BIOMES_VARIANT-------------------- was corrected from null to its default, SimpleCommentedConfig:{}. 
[19:18:06] [Thread-3/WARN]: Incorrect key -----------------PLATEAU_BIOMES_VARIANT--------------------.icy_arid was corrected from null to its default, regions_unexplored:icy_heights. 
[19:18:06] [Thread-3/WARN]: Incorrect key -----------------PLATEAU_BIOMES_VARIANT--------------------.icy_dry was corrected from null to its default, regions_unexplored:icy_heights. 
[19:18:06] [Thread-3/WARN]: Incorrect key -----------------PLATEAU_BIOMES_VARIANT--------------------.icy_neutral was corrected from null to its default, regions_unexplored:icy_heights. 
[19:18:06] [Thread-3/WARN]: Incorrect key -----------------PLATEAU_BIOMES_VARIANT--------------------.icy_wet was corrected from null to its default, regions_unexplored:icy_heights. 
[19:18:06] [Thread-3/WARN]: Incorrect key -----------------PLATEAU_BIOMES_VARIANT--------------------.icy_humid was corrected from null to its default, regions_unexplored:spires. 
[19:18:06] [Thread-3/WARN]: Incorrect key -----------------PLATEAU_BIOMES_VARIANT--------------------.cool_arid was corrected from null to its default, regions_unexplored:autumnal_maple_forest. 
[19:18:06] [Thread-3/WARN]: Incorrect key -----------------PLATEAU_BIOMES_VARIANT--------------------.cool_dry was corrected from null to its default, regions_unexplored:autumnal_maple_forest. 
[19:18:06] [Thread-3/WARN]: Incorrect key -----------------PLATEAU_BIOMES_VARIANT--------------------.cool_neutral was corrected from null to its default, regions_unexplored:maple_forest. 
[19:18:06] [Thread-3/WARN]: Incorrect key -----------------PLATEAU_BIOMES_VARIANT--------------------.cool_wet was corrected from null to its default, regions_unexplored:boreal_taiga. 
[19:18:06] [Thread-3/WARN]: Incorrect key -----------------PLATEAU_BIOMES_VARIANT--------------------.cool_humid was corrected from null to its default, regions_unexplored:golden_boreal_taiga. 
[19:18:06] [Thread-3/WARN]: Incorrect key -----------------PLATEAU_BIOMES_VARIANT--------------------.neutral_arid was corrected from null to its default, regions_unexplored:orchard. 
[19:18:06] [Thread-3/WARN]: Incorrect key -----------------PLATEAU_BIOMES_VARIANT--------------------.neutral_dry was corrected from null to its default, regions_unexplored:highland_fields. 
[19:18:06] [Thread-3/WARN]: Incorrect key -----------------PLATEAU_BIOMES_VARIANT--------------------.neutral_neutral was corrected from null to its default, regions_unexplored:temperate_grove. 
[19:18:06] [Thread-3/WARN]: Incorrect key -----------------PLATEAU_BIOMES_VARIANT--------------------.neutral_wet was corrected from null to its default, regions_unexplored:pine_taiga. 
[19:18:06] [Thread-3/WARN]: Incorrect key -----------------PLATEAU_BIOMES_VARIANT--------------------.neutral_humid was corrected from null to its default, regions_unexplored:blackwood_taiga. 
[19:18:06] [Thread-3/WARN]: Incorrect key -----------------PLATEAU_BIOMES_VARIANT--------------------.warm_arid was corrected from null to its default, regions_unexplored:deciduous_forest. 
[19:18:06] [Thread-3/WARN]: Incorrect key -----------------PLATEAU_BIOMES_VARIANT--------------------.warm_dry was corrected from null to its default, regions_unexplored:deciduous_forest. 
[19:18:06] [Thread-3/WARN]: Incorrect key -----------------PLATEAU_BIOMES_VARIANT--------------------.warm_neutral was corrected from null to its default, regions_unexplored:deciduous_forest. 
[19:18:06] [Thread-3/WARN]: Incorrect key -----------------PLATEAU_BIOMES_VARIANT--------------------.warm_wet was corrected from null to its default, regions_unexplored:redwoods. 
[19:18:06] [Thread-3/WARN]: Incorrect key -----------------PLATEAU_BIOMES_VARIANT--------------------.warm_humid was corrected from null to its default, regions_unexplored:sparse_redwoods. 
[19:18:06] [Thread-3/WARN]: Incorrect key -----------------PLATEAU_BIOMES_VARIANT--------------------.hot_arid was corrected from null to its default, regions_unexplored:steppe. 
[19:18:06] [Thread-3/WARN]: Incorrect key -----------------PLATEAU_BIOMES_VARIANT--------------------.hot_dry was corrected from null to its default, regions_unexplored:steppe. 
[19:18:06] [Thread-3/WARN]: Incorrect key -----------------PLATEAU_BIOMES_VARIANT--------------------.hot_neutral was corrected from null to its default, regions_unexplored:saguaro_desert. 
[19:18:06] [Thread-3/WARN]: Incorrect key -----------------PLATEAU_BIOMES_VARIANT--------------------.hot_wet was corrected from null to its default, regions_unexplored:eucalyptus_forest. 
[19:18:06] [Thread-3/WARN]: Incorrect key -----------------PLATEAU_BIOMES_VARIANT--------------------.hot_humid was corrected from null to its default, regions_unexplored:eucalyptus_forest. 
[19:18:06] [Thread-3/WARN]: Incorrect key -----------------SHATTERED_BIOMES-------------------- was corrected from null to its default, SimpleCommentedConfig:{}. 
[19:18:06] [Thread-3/WARN]: Incorrect key -----------------SHATTERED_BIOMES--------------------.icy_arid was corrected from null to its default, regions_unexplored:icy_heights. 
[19:18:06] [Thread-3/WARN]: Incorrect key -----------------SHATTERED_BIOMES--------------------.icy_dry was corrected from null to its default, regions_unexplored:icy_heights. 
[19:18:06] [Thread-3/WARN]: Incorrect key -----------------SHATTERED_BIOMES--------------------.icy_neutral was corrected from null to its default, regions_unexplored:icy_heights. 
[19:18:06] [Thread-3/WARN]: Incorrect key -----------------SHATTERED_BIOMES--------------------.icy_wet was corrected from null to its default, regions_unexplored:icy_heights. 
[19:18:06] [Thread-3/WARN]: Incorrect key -----------------SHATTERED_BIOMES--------------------.icy_humid was corrected from null to its default, regions_unexplored:icy_heights. 
[19:18:06] [Thread-3/WARN]: Incorrect key -----------------SHATTERED_BIOMES--------------------.cool_arid was corrected from null to its default, regions_unexplored:towering_cliffs. 
[19:18:06] [Thread-3/WARN]: Incorrect key -----------------SHATTERED_BIOMES--------------------.cool_dry was corrected from null to its default, regions_unexplored:towering_cliffs. 
[19:18:06] [Thread-3/WARN]: Incorrect key -----------------SHATTERED_BIOMES--------------------.cool_neutral was corrected from null to its default, regions_unexplored:towering_cliffs. 
[19:18:06] [Thread-3/WARN]: Incorrect key -----------------SHATTERED_BIOMES--------------------.cool_wet was corrected from null to its default, regions_unexplored:towering_cliffs. 
[19:18:06] [Thread-3/WARN]: Incorrect key -----------------SHATTERED_BIOMES--------------------.cool_humid was corrected from null to its default, regions_unexplored:towering_cliffs. 
[19:18:06] [Thread-3/WARN]: Incorrect key -----------------SHATTERED_BIOMES--------------------.neutral_arid was corrected from null to its default, regions_unexplored:towering_cliffs. 
[19:18:06] [Thread-3/WARN]: Incorrect key -----------------SHATTERED_BIOMES--------------------.neutral_dry was corrected from null to its default, regions_unexplored:towering_cliffs. 
[19:18:06] [Thread-3/WARN]: Incorrect key -----------------SHATTERED_BIOMES--------------------.neutral_neutral was corrected from null to its default, regions_unexplored:towering_cliffs. 
[19:18:06] [Thread-3/WARN]: Incorrect key -----------------SHATTERED_BIOMES--------------------.neutral_wet was corrected from null to its default, regions_unexplored:towering_cliffs. 
[19:18:06] [Thread-3/WARN]: Incorrect key -----------------SHATTERED_BIOMES--------------------.neutral_humid was corrected from null to its default, regions_unexplored:towering_cliffs. 
[19:18:06] [Thread-3/WARN]: Incorrect key -----------------SHATTERED_BIOMES--------------------.warm_arid was corrected from null to its default, regions_unexplored:barley_fields. 
[19:18:06] [Thread-3/WARN]: Incorrect key -----------------SHATTERED_BIOMES--------------------.warm_dry was corrected from null to its default, regions_unexplored:deciduous_forest. 
[19:18:06] [Thread-3/WARN]: Incorrect key -----------------SHATTERED_BIOMES--------------------.warm_neutral was corrected from null to its default, regions_unexplored:deciduous_forest. 
[19:18:06] [Thread-3/WARN]: Incorrect key -----------------SHATTERED_BIOMES--------------------.warm_wet was corrected from null to its default, regions_unexplored:sparse_redwoods. 
[19:18:06] [Thread-3/WARN]: Incorrect key -----------------SHATTERED_BIOMES--------------------.warm_humid was corrected from null to its default, regions_unexplored:sparse_redwoods. 
[19:18:06] [Thread-3/WARN]: Incorrect key -----------------SHATTERED_BIOMES--------------------.hot_arid was corrected from null to its default, regions_unexplored:steppe. 
[19:18:06] [Thread-3/WARN]: Incorrect key -----------------SHATTERED_BIOMES--------------------.hot_dry was corrected from null to its default, regions_unexplored:steppe. 
[19:18:06] [Thread-3/WARN]: Incorrect key -----------------SHATTERED_BIOMES--------------------.hot_neutral was corrected from null to its default, regions_unexplored:saguaro_desert. 
[19:18:06] [Thread-3/WARN]: Incorrect key -----------------SHATTERED_BIOMES--------------------.hot_wet was corrected from null to its default, regions_unexplored:eucalyptus_forest. 
[19:18:06] [Thread-3/WARN]: Incorrect key -----------------SHATTERED_BIOMES--------------------.hot_humid was corrected from null to its default, regions_unexplored:eucalyptus_forest. 
[19:18:06] [Thread-3/WARN]: Incorrect key -----------------SLOPE_BIOMES-------------------- was corrected from null to its default, SimpleCommentedConfig:{}. 
[19:18:06] [Thread-3/WARN]: Incorrect key -----------------SLOPE_BIOMES--------------------.icy_slope_biome was corrected from null to its default, minecraft:snowy_slopes. 
[19:18:06] [Thread-3/WARN]: Incorrect key -----------------SLOPE_BIOMES--------------------.cold_slope_biome was corrected from null to its default, minecraft:grove. 
[19:18:06] [Thread-3/WARN]: Incorrect key -----------------SLOPE_BIOMES--------------------.neutral_slope_biome was corrected from null to its default, regions_unexplored:pine_slopes. 
[19:18:06] [Thread-3/WARN]: Incorrect key -----------------SLOPE_BIOMES--------------------.warm_slope_biome was corrected from null to its default, regions_unexplored:deciduous_forest. 
[19:18:06] [Thread-3/WARN]: Incorrect key -----------------SLOPE_BIOMES--------------------.hot_slope_biome was corrected from null to its default, regions_unexplored:eucalyptus_forest. 
[19:18:06] [Thread-3/WARN]: Incorrect key -----------------SLOPE_BIOMES--------------------.icy_slope_biome_variant was corrected from null to its default, regions_unexplored:cold_deciduous_forest. 
[19:18:06] [Thread-3/WARN]: Incorrect key -----------------SLOPE_BIOMES--------------------.cold_slope_biome_variant was corrected from null to its default, regions_unexplored:pine_slopes. 
[19:18:06] [Thread-3/WARN]: Incorrect key -----------------SLOPE_BIOMES--------------------.neutral_slope_biome_variant was corrected from null to its default, regions_unexplored:pine_slopes. 
[19:18:06] [Thread-3/WARN]: Incorrect key -----------------SLOPE_BIOMES--------------------.warm_slope_biome_variant was corrected from null to its default, regions_unexplored:deciduous_forest. 
[19:18:06] [Thread-3/WARN]: Incorrect key -----------------SLOPE_BIOMES--------------------.hot_slope_biome_variant was corrected from null to its default, regions_unexplored:eucalyptus_forest. 
[19:18:06] [Thread-3/WARN]: Incorrect key -----------------PEAK_BIOMES-------------------- was corrected from null to its default, SimpleCommentedConfig:{}. 
[19:18:06] [Thread-3/WARN]: Incorrect key -----------------PEAK_BIOMES--------------------.icy_peak_biome was corrected from null to its default, minecraft:frozen_peaks. 
[19:18:06] [Thread-3/WARN]: Incorrect key -----------------PEAK_BIOMES--------------------.cold_peak_biome was corrected from null to its default, minecraft:jagged_peaks. 
[19:18:06] [Thread-3/WARN]: Incorrect key -----------------PEAK_BIOMES--------------------.neutral_peak_biome was corrected from null to its default, regions_unexplored:mountains. 
[19:18:06] [Thread-3/WARN]: Incorrect key -----------------PEAK_BIOMES--------------------.warm_peak_biome was corrected from null to its default, minecraft:stony_peaks. 
[19:18:06] [Thread-3/WARN]: Incorrect key -----------------PEAK_BIOMES--------------------.hot_peak_biome was corrected from null to its default, regions_unexplored:arid_mountains. 
[19:18:06] [Thread-3/WARN]: Incorrect key -----------------PEAK_BIOMES--------------------.icy_peak_biome_variant was corrected from null to its default, minecraft:jagged_peaks. 
[19:18:06] [Thread-3/WARN]: Incorrect key -----------------PEAK_BIOMES--------------------.cold_peak_biome_variant was corrected from null to its default, regions_unexplored:mountains. 
[19:18:06] [Thread-3/WARN]: Incorrect key -----------------PEAK_BIOMES--------------------.neutral_peak_biome_variant was corrected from null to its default, regions_unexplored:mountains. 
[19:18:06] [Thread-3/WARN]: Incorrect key -----------------PEAK_BIOMES--------------------.warm_peak_biome_variant was corrected from null to its default, minecraft:stony_peaks. 
[19:18:06] [Thread-3/WARN]: Incorrect key -----------------PEAK_BIOMES--------------------.hot_peak_biome_variant was corrected from null to its default, regions_unexplored:arid_mountains. 
[19:18:06] [Thread-3/WARN]: Incorrect key -----------------RIVER_BIOMES-------------------- was corrected from null to its default, SimpleCommentedConfig:{}. 
[19:18:06] [Thread-3/WARN]: Incorrect key -----------------RIVER_BIOMES--------------------.icy_arid was corrected from null to its default, minecraft:frozen_river. 
[19:18:06] [Thread-3/WARN]: Incorrect key -----------------RIVER_BIOMES--------------------.icy_dry was corrected from null to its default, minecraft:frozen_river. 
[19:18:06] [Thread-3/WARN]: Incorrect key -----------------RIVER_BIOMES--------------------.icy_neutral was corrected from null to its default, minecraft:frozen_river. 
[19:18:06] [Thread-3/WARN]: Incorrect key -----------------RIVER_BIOMES--------------------.icy_wet was corrected from null to its default, minecraft:frozen_river. 
[19:18:06] [Thread-3/WARN]: Incorrect key -----------------RIVER_BIOMES--------------------.icy_humid was corrected from null to its default, regions_unexplored:cold_river. 
[19:18:06] [Thread-3/WARN]: Incorrect key -----------------RIVER_BIOMES--------------------.cool_arid was corrected from null to its default, regions_unexplored:cold_river. 
[19:18:06] [Thread-3/WARN]: Incorrect key -----------------RIVER_BIOMES--------------------.cool_dry was corrected from null to its default, regions_unexplored:cold_river. 
[19:18:06] [Thread-3/WARN]: Incorrect key -----------------RIVER_BIOMES--------------------.cool_neutral was corrected from null to its default, regions_unexplored:muddy_river. 
[19:18:06] [Thread-3/WARN]: Incorrect key -----------------RIVER_BIOMES--------------------.cool_wet was corrected from null to its default, regions_unexplored:muddy_river. 
[19:18:06] [Thread-3/WARN]: Incorrect key -----------------RIVER_BIOMES--------------------.cool_humid was corrected from null to its default, regions_unexplored:muddy_river. 
[19:18:06] [Thread-3/WARN]: Incorrect key -----------------RIVER_BIOMES--------------------.neutral_arid was corrected from null to its default, minecraft:river. 
[19:18:06] [Thread-3/WARN]: Incorrect key -----------------RIVER_BIOMES--------------------.neutral_dry was corrected from null to its default, minecraft:river. 
[19:18:06] [Thread-3/WARN]: Incorrect key -----------------RIVER_BIOMES--------------------.neutral_neutral was corrected from null to its default, minecraft:river. 
[19:18:06] [Thread-3/WARN]: Incorrect key -----------------RIVER_BIOMES--------------------.neutral_wet was corrected from null to its default, minecraft:river. 
[19:18:06] [Thread-3/WARN]: Incorrect key -----------------RIVER_BIOMES--------------------.neutral_humid was corrected from null to its default, regions_unexplored:blackwood_taiga. 
[19:18:06] [Thread-3/WARN]: Incorrect key -----------------RIVER_BIOMES--------------------.warm_arid was corrected from null to its default, minecraft:river. 
[19:18:06] [Thread-3/WARN]: Incorrect key -----------------RIVER_BIOMES--------------------.warm_dry was corrected from null to its default, minecraft:river. 
[19:18:06] [Thread-3/WARN]: Incorrect key -----------------RIVER_BIOMES--------------------.warm_neutral was corrected from null to its default, minecraft:river. 
[19:18:06] [Thread-3/WARN]: Incorrect key -----------------RIVER_BIOMES--------------------.warm_wet was corrected from null to its default, minecraft:river. 
[19:18:06] [Thread-3/WARN]: Incorrect key -----------------RIVER_BIOMES--------------------.warm_humid was corrected from null to its default, minecraft:river. 
[19:18:06] [Thread-3/WARN]: Incorrect key -----------------RIVER_BIOMES--------------------.hot_arid was corrected from null to its default, minecraft:river. 
[19:18:06] [Thread-3/WARN]: Incorrect key -----------------RIVER_BIOMES--------------------.hot_dry was corrected from null to its default, minecraft:river. 
[19:18:06] [Thread-3/WARN]: Incorrect key -----------------RIVER_BIOMES--------------------.hot_neutral was corrected from null to its default, regions_unexplored:tropical_river. 
[19:18:06] [Thread-3/WARN]: Incorrect key -----------------RIVER_BIOMES--------------------.hot_wet was corrected from null to its default, regions_unexplored:tropical_river. 
[19:18:06] [Thread-3/WARN]: Incorrect key -----------------RIVER_BIOMES--------------------.hot_humid was corrected from null to its default, regions_unexplored:tropical_river. 
[19:18:06] [Thread-3/WARN]: Incorrect key -----------------RIVER_BIOMES_VARIANT-------------------- was corrected from null to its default, SimpleCommentedConfig:{}. 
[19:18:06] [Thread-3/WARN]: Incorrect key -----------------RIVER_BIOMES_VARIANT--------------------.icy_arid was corrected from null to its default, minecraft:frozen_river. 
[19:18:06] [Thread-3/WARN]: Incorrect key -----------------RIVER_BIOMES_VARIANT--------------------.icy_dry was corrected from null to its default, minecraft:frozen_river. 
[19:18:06] [Thread-3/WARN]: Incorrect key -----------------RIVER_BIOMES_VARIANT--------------------.icy_neutral was corrected from null to its default, minecraft:frozen_river. 
[19:18:06] [Thread-3/WARN]: Incorrect key -----------------RIVER_BIOMES_VARIANT--------------------.icy_wet was corrected from null to its default, minecraft:frozen_river. 
[19:18:06] [Thread-3/WARN]: Incorrect key -----------------RIVER_BIOMES_VARIANT--------------------.icy_humid was corrected from null to its default, regions_unexplored:cold_river. 
[19:18:06] [Thread-3/WARN]: Incorrect key -----------------RIVER_BIOMES_VARIANT--------------------.cool_arid was corrected from null to its default, regions_unexplored:cold_river. 
[19:18:06] [Thread-3/WARN]: Incorrect key -----------------RIVER_BIOMES_VARIANT--------------------.cool_dry was corrected from null to its default, regions_unexplored:cold_river. 
[19:18:06] [Thread-3/WARN]: Incorrect key -----------------RIVER_BIOMES_VARIANT--------------------.cool_neutral was corrected from null to its default, regions_unexplored:muddy_river. 
[19:18:06] [Thread-3/WARN]: Incorrect key -----------------RIVER_BIOMES_VARIANT--------------------.cool_wet was corrected from null to its default, regions_unexplored:muddy_river. 
[19:18:06] [Thread-3/WARN]: Incorrect key -----------------RIVER_BIOMES_VARIANT--------------------.cool_humid was corrected from null to its default, regions_unexplored:muddy_river. 
[19:18:06] [Thread-3/WARN]: Incorrect key -----------------RIVER_BIOMES_VARIANT--------------------.neutral_arid was corrected from null to its default, minecraft:river. 
[19:18:06] [Thread-3/WARN]: Incorrect key -----------------RIVER_BIOMES_VARIANT--------------------.neutral_dry was corrected from null to its default, minecraft:river. 
[19:18:06] [Thread-3/WARN]: Incorrect key -----------------RIVER_BIOMES_VARIANT--------------------.neutral_neutral was corrected from null to its default, minecraft:river. 
[19:18:06] [Thread-3/WARN]: Incorrect key -----------------RIVER_BIOMES_VARIANT--------------------.neutral_wet was corrected from null to its default, minecraft:river. 
[19:18:06] [Thread-3/WARN]: Incorrect key -----------------RIVER_BIOMES_VARIANT--------------------.neutral_humid was corrected from null to its default, regions_unexplored:blackwood_taiga. 
[19:18:06] [Thread-3/WARN]: Incorrect key -----------------RIVER_BIOMES_VARIANT--------------------.warm_arid was corrected from null to its default, minecraft:river. 
[19:18:06] [Thread-3/WARN]: Incorrect key -----------------RIVER_BIOMES_VARIANT--------------------.warm_dry was corrected from null to its default, minecraft:river. 
[19:18:06] [Thread-3/WARN]: Incorrect key -----------------RIVER_BIOMES_VARIANT--------------------.warm_neutral was corrected from null to its default, minecraft:river. 
[19:18:06] [Thread-3/WARN]: Incorrect key -----------------RIVER_BIOMES_VARIANT--------------------.warm_wet was corrected from null to its default, minecraft:river. 
[19:18:06] [Thread-3/WARN]: Incorrect key -----------------RIVER_BIOMES_VARIANT--------------------.warm_humid was corrected from null to its default, minecraft:river. 
[19:18:06] [Thread-3/WARN]: Incorrect key -----------------RIVER_BIOMES_VARIANT--------------------.hot_arid was corrected from null to its default, minecraft:river. 
[19:18:06] [Thread-3/WARN]: Incorrect key -----------------RIVER_BIOMES_VARIANT--------------------.hot_dry was corrected from null to its default, minecraft:river. 
[19:18:06] [Thread-3/WARN]: Incorrect key -----------------RIVER_BIOMES_VARIANT--------------------.hot_neutral was corrected from null to its default, regions_unexplored:tropical_river. 
[19:18:06] [Thread-3/WARN]: Incorrect key -----------------RIVER_BIOMES_VARIANT--------------------.hot_wet was corrected from null to its default, regions_unexplored:tropical_river. 
[19:18:06] [Thread-3/WARN]: Incorrect key -----------------RIVER_BIOMES_VARIANT--------------------.hot_humid was corrected from null to its default, regions_unexplored:tropical_river. 
[19:18:06] [Thread-3/WARN]: Incorrect key -----------------SWAMP_BIOMES-------------------- was corrected from null to its default, SimpleCommentedConfig:{}. 
[19:18:06] [Thread-3/WARN]: Incorrect key -----------------SWAMP_BIOMES--------------------.icy_arid was corrected from null to its default, regions_unexplored:spires. 
[19:18:06] [Thread-3/WARN]: Incorrect key -----------------SWAMP_BIOMES--------------------.icy_dry was corrected from null to its default, regions_unexplored:spires. 
[19:18:06] [Thread-3/WARN]: Incorrect key -----------------SWAMP_BIOMES--------------------.icy_neutral was corrected from null to its default, regions_unexplored:spires. 
[19:18:06] [Thread-3/WARN]: Incorrect key -----------------SWAMP_BIOMES--------------------.icy_wet was corrected from null to its default, regions_unexplored:spires. 
[19:18:06] [Thread-3/WARN]: Incorrect key -----------------SWAMP_BIOMES--------------------.icy_humid was corrected from null to its default, regions_unexplored:spires. 
[19:18:06] [Thread-3/WARN]: Incorrect key -----------------SWAMP_BIOMES--------------------.cool_arid was corrected from null to its default, regions_unexplored:fen. 
[19:18:06] [Thread-3/WARN]: Incorrect key -----------------SWAMP_BIOMES--------------------.cool_dry was corrected from null to its default, regions_unexplored:fen. 
[19:18:06] [Thread-3/WARN]: Incorrect key -----------------SWAMP_BIOMES--------------------.cool_neutral was corrected from null to its default, regions_unexplored:fen. 
[19:18:06] [Thread-3/WARN]: Incorrect key -----------------SWAMP_BIOMES--------------------.cool_wet was corrected from null to its default, regions_unexplored:fen. 
[19:18:06] [Thread-3/WARN]: Incorrect key -----------------SWAMP_BIOMES--------------------.cool_humid was corrected from null to its default, regions_unexplored:fen. 
[19:18:06] [Thread-3/WARN]: Incorrect key -----------------SWAMP_BIOMES--------------------.neutral_arid was corrected from null to its default, regions_unexplored:old_growth_bayou. 
[19:18:06] [Thread-3/WARN]: Incorrect key -----------------SWAMP_BIOMES--------------------.neutral_dry was corrected from null to its default, regions_unexplored:bayou. 
[19:18:06] [Thread-3/WARN]: Incorrect key -----------------SWAMP_BIOMES--------------------.neutral_neutral was corrected from null to its default, regions_unexplored:bayou. 
[19:18:06] [Thread-3/WARN]: Incorrect key -----------------SWAMP_BIOMES--------------------.neutral_wet was corrected from null to its default, regions_unexplored:bayou. 
[19:18:06] [Thread-3/WARN]: Incorrect key -----------------SWAMP_BIOMES--------------------.neutral_humid was corrected from null to its default, regions_unexplored:old_growth_bayou. 
[19:18:06] [Thread-3/WARN]: Incorrect key -----------------SWAMP_BIOMES--------------------.warm_arid was corrected from null to its default, regions_unexplored:marsh. 
[19:18:06] [Thread-3/WARN]: Incorrect key -----------------SWAMP_BIOMES--------------------.warm_dry was corrected from null to its default, regions_unexplored:marsh. 
[19:18:06] [Thread-3/WARN]: Incorrect key -----------------SWAMP_BIOMES--------------------.warm_neutral was corrected from null to its default, regions_unexplored:marsh. 
[19:18:06] [Thread-3/WARN]: Incorrect key -----------------SWAMP_BIOMES--------------------.warm_wet was corrected from null to its default, regions_unexplored:marsh. 
[19:18:06] [Thread-3/WARN]: Incorrect key -----------------SWAMP_BIOMES--------------------.warm_humid was corrected from null to its default, regions_unexplored:marsh. 
[19:18:06] [Thread-3/WARN]: Incorrect key -----------------SWAMP_BIOMES--------------------.hot_arid was corrected from null to its default, regions_unexplored:fungal_fen. 
[19:18:06] [Thread-3/WARN]: Incorrect key -----------------SWAMP_BIOMES--------------------.hot_dry was corrected from null to its default, regions_unexplored:fungal_fen. 
[19:18:06] [Thread-3/WARN]: Incorrect key -----------------SWAMP_BIOMES--------------------.hot_neutral was corrected from null to its default, regions_unexplored:fungal_fen. 
[19:18:06] [Thread-3/WARN]: Incorrect key -----------------SWAMP_BIOMES--------------------.hot_wet was corrected from null to its default, regions_unexplored:fungal_fen. 
[19:18:06] [Thread-3/WARN]: Incorrect key -----------------SWAMP_BIOMES--------------------.hot_humid was corrected from null to its default, regions_unexplored:fungal_fen. 
[19:18:06] [Thread-3/WARN]: Incorrect key -----------------OCEAN_BIOMES-------------------- was corrected from null to its default, SimpleCommentedConfig:{}. 
[19:18:06] [Thread-3/WARN]: Incorrect key -----------------OCEAN_BIOMES--------------------.deep_icy was corrected from null to its default, regions_unexplored:hyacinth_deeps. 
[19:18:06] [Thread-3/WARN]: Incorrect key -----------------OCEAN_BIOMES--------------------.deep_cool was corrected from null to its default, minecraft:deep_cold_ocean. 
[19:18:06] [Thread-3/WARN]: Incorrect key -----------------OCEAN_BIOMES--------------------.deep_neutral was corrected from null to its default, minecraft:deep_ocean. 
[19:18:06] [Thread-3/WARN]: Incorrect key -----------------OCEAN_BIOMES--------------------.deep_warm was corrected from null to its default, minecraft:deep_lukewarm_ocean. 
[19:18:06] [Thread-3/WARN]: Incorrect key -----------------OCEAN_BIOMES--------------------.deep_hot was corrected from null to its default, minecraft:warm_ocean. 
[19:18:06] [Thread-3/WARN]: Incorrect key -----------------OCEAN_BIOMES--------------------.icy was corrected from null to its default, minecraft:frozen_ocean. 
[19:18:06] [Thread-3/WARN]: Incorrect key -----------------OCEAN_BIOMES--------------------.cool was corrected from null to its default, minecraft:cold_ocean. 
[19:18:06] [Thread-3/WARN]: Incorrect key -----------------OCEAN_BIOMES--------------------.neutral was corrected from null to its default, minecraft:ocean. 
[19:18:06] [Thread-3/WARN]: Incorrect key -----------------OCEAN_BIOMES--------------------.warm was corrected from null to its default, minecraft:lukewarm_ocean. 
[19:18:06] [Thread-3/WARN]: Incorrect key -----------------OCEAN_BIOMES--------------------.hot was corrected from null to its default, regions_unexplored:rocky_reef. 
[19:18:06] [Thread-3/WARN]: Incorrect key -----------------SHORE_BIOMES-------------------- was corrected from null to its default, SimpleCommentedConfig:{}. 
[19:18:06] [Thread-3/WARN]: Incorrect key -----------------SHORE_BIOMES--------------------.icy_beach_biome was corrected from null to its default, minecraft:snowy_beach. 
[19:18:06] [Thread-3/WARN]: Incorrect key -----------------SHORE_BIOMES--------------------.cold_beach_biome was corrected from null to its default, regions_unexplored:gravel_beach. 
[19:18:06] [Thread-3/WARN]: Incorrect key -----------------SHORE_BIOMES--------------------.neutral_beach_biome was corrected from null to its default, regions_unexplored:grassy_beach. 
[19:18:06] [Thread-3/WARN]: Incorrect key -----------------SHORE_BIOMES--------------------.warm_beach_biome was corrected from null to its default, regions_unexplored:grassy_beach. 
[19:18:06] [Thread-3/WARN]: Incorrect key -----------------SHORE_BIOMES--------------------.hot_beach_biome was corrected from null to its default, minecraft:beach. 
[19:18:06] [Thread-3/WARN]: Incorrect key -----------------SHORE_BIOMES--------------------.cold_stone_beach_biome was corrected from null to its default, minecraft:stony_shore. 
[19:18:06] [Thread-3/WARN]: Incorrect key -----------------SHORE_BIOMES--------------------.hot_stone_beach_biome was corrected from null to its default, regions_unexplored:chalk_cliffs. 
[19:18:06] [Thread-3/WARN]: Incorrect key -----------------UNDERGROUND_BIOMES-------------------- was corrected from null to its default, SimpleCommentedConfig:{}. 
[19:18:06] [Thread-3/WARN]: Incorrect key -----------------UNDERGROUND_BIOMES--------------------.cave_1_biome was corrected from null to its default, minecraft:lush_caves. 
[19:18:06] [Thread-3/WARN]: Incorrect key -----------------UNDERGROUND_BIOMES--------------------.cave_2_biome was corrected from null to its default, minecraft:dripstone_caves. 
[19:18:06] [Thread-3/WARN]: Incorrect key -----------------UNDERGROUND_BIOMES--------------------.cave_3_biome was corrected from null to its default, minecraft:deep_dark. 
[19:18:06] [Thread-3/WARN]: Incorrect key -----------------UNDERGROUND_BIOMES--------------------.cave_4_biome was corrected from null to its default, regions_unexplored:bioshroom_caves. 
[19:18:06] [Thread-3/WARN]: Incorrect key -----------------UNDERGROUND_BIOMES--------------------.cave_5_biome was corrected from null to its default, regions_unexplored:ancient_delta. 
[19:18:06] [Thread-3/WARN]: Incorrect key -----------------UNDERGROUND_BIOMES--------------------.cave_6_biome was corrected from null to its default, regions_unexplored:prismachasm. 
[19:18:06] [Thread-3/WARN]: Incorrect key -----------------UNDERGROUND_BIOMES--------------------.cave_7_biome was corrected from null to its default, regions_unexplored:redstone_caves. 
[19:18:06] [Thread-3/WARN]: Incorrect key -----------------UNDERGROUND_BIOMES--------------------.cave_8_biome was corrected from null to its default, regions_unexplored:scorching_caves. 
[19:18:06] [Thread-3/WARN]: Incorrect key -----------------ISLAND_BIOMES-------------------- was corrected from null to its default, SimpleCommentedConfig:{}. 
[19:18:06] [Thread-3/WARN]: Incorrect key -----------------ISLAND_BIOMES--------------------.icy_island_biome was corrected from null to its default, regions_unexplored:alpha_grove. 
[19:18:06] [Thread-3/WARN]: Incorrect key -----------------ISLAND_BIOMES--------------------.cool_island_biome was corrected from null to its default, regions_unexplored:alpha_grove. 
[19:18:06] [Thread-3/WARN]: Incorrect key -----------------ISLAND_BIOMES--------------------.neutral_island_biome was corrected from null to its default, regions_unexplored:ashen_woodland. 
[19:18:06] [Thread-3/WARN]: Incorrect key -----------------ISLAND_BIOMES--------------------.warm_island_biome was corrected from null to its default, regions_unexplored:tropics. 
[19:18:06] [Thread-3/WARN]: Incorrect key -----------------ISLAND_BIOMES--------------------.hot_island_biome was corrected from null to its default, regions_unexplored:tropics. 
[19:18:06] [Thread-3/WARN]: Incorrect key -----------------OTHER_BIOMES-------------------- was corrected from null to its default, SimpleCommentedConfig:{}. 
[19:18:06] [Thread-3/WARN]: Incorrect key -----------------OTHER_BIOMES--------------------.shattered_cliff_biome was corrected from null to its default, regions_unexplored:towering_cliffs. 
[19:18:06] [Thread-3/WARN]: Configuration file /workspaces/CraftCoso/servidor_minecraft/./config/regions_unexplored/regions_unexplored-primary-region.toml is not correct. Correcting
[19:18:06] [Thread-3/WARN]: Incorrect key -----------------MIDDLE_BIOMES-------------------- was corrected from null to its default, SimpleCommentedConfig:{}. 
[19:18:06] [Thread-3/WARN]: Incorrect key -----------------MIDDLE_BIOMES--------------------.icy_arid was corrected from null to its default, regions_unexplored:frozen_tundra. 
[19:18:06] [Thread-3/WARN]: Incorrect key -----------------MIDDLE_BIOMES--------------------.icy_dry was corrected from null to its default, regions_unexplored:frozen_tundra. 
[19:18:06] [Thread-3/WARN]: Incorrect key -----------------MIDDLE_BIOMES--------------------.icy_neutral was corrected from null to its default, regions_unexplored:frozen_pine_taiga. 
[19:18:06] [Thread-3/WARN]: Incorrect key -----------------MIDDLE_BIOMES--------------------.icy_wet was corrected from null to its default, regions_unexplored:cold_boreal_taiga. 
[19:18:06] [Thread-3/WARN]: Incorrect key -----------------MIDDLE_BIOMES--------------------.icy_humid was corrected from null to its default, regions_unexplored:cold_boreal_taiga. 
[19:18:06] [Thread-3/WARN]: Incorrect key -----------------MIDDLE_BIOMES--------------------.cool_arid was corrected from null to its default, regions_unexplored:pumpkin_fields. 
[19:18:06] [Thread-3/WARN]: Incorrect key -----------------MIDDLE_BIOMES--------------------.cool_dry was corrected from null to its default, regions_unexplored:autumnal_maple_forest. 
[19:18:06] [Thread-3/WARN]: Incorrect key -----------------MIDDLE_BIOMES--------------------.cool_neutral was corrected from null to its default, regions_unexplored:maple_forest. 
[19:18:06] [Thread-3/WARN]: Incorrect key -----------------MIDDLE_BIOMES--------------------.cool_wet was corrected from null to its default, regions_unexplored:boreal_taiga. 
[19:18:06] [Thread-3/WARN]: Incorrect key -----------------MIDDLE_BIOMES--------------------.cool_humid was corrected from null to its default, regions_unexplored:boreal_taiga. 
[19:18:06] [Thread-3/WARN]: Incorrect key -----------------MIDDLE_BIOMES--------------------.neutral_arid was corrected from null to its default, regions_unexplored:orchard. 
[19:18:06] [Thread-3/WARN]: Incorrect key -----------------MIDDLE_BIOMES--------------------.neutral_dry was corrected from null to its default, regions_unexplored:shrubland. 
[19:18:06] [Thread-3/WARN]: Incorrect key -----------------MIDDLE_BIOMES--------------------.neutral_neutral was corrected from null to its default, regions_unexplored:temperate_grove. 
[19:18:06] [Thread-3/WARN]: Incorrect key -----------------MIDDLE_BIOMES--------------------.neutral_wet was corrected from null to its default, regions_unexplored:pine_taiga. 
[19:18:06] [Thread-3/WARN]: Incorrect key -----------------MIDDLE_BIOMES--------------------.neutral_humid was corrected from null to its default, regions_unexplored:blackwood_taiga. 
[19:18:06] [Thread-3/WARN]: Incorrect key -----------------MIDDLE_BIOMES--------------------.warm_arid was corrected from null to its default, regions_unexplored:barley_fields. 
[19:18:06] [Thread-3/WARN]: Incorrect key -----------------MIDDLE_BIOMES--------------------.warm_dry was corrected from null to its default, regions_unexplored:prairie. 
[19:18:06] [Thread-3/WARN]: Incorrect key -----------------MIDDLE_BIOMES--------------------.warm_neutral was corrected from null to its default, regions_unexplored:grassland. 
[19:18:06] [Thread-3/WARN]: Incorrect key -----------------MIDDLE_BIOMES--------------------.warm_wet was corrected from null to its default, regions_unexplored:redwoods. 
[19:18:06] [Thread-3/WARN]: Incorrect key -----------------MIDDLE_BIOMES--------------------.warm_humid was corrected from null to its default, regions_unexplored:redwoods. 
[19:18:06] [Thread-3/WARN]: Incorrect key -----------------MIDDLE_BIOMES--------------------.hot_arid was corrected from null to its default, regions_unexplored:baobab_savanna. 
[19:18:06] [Thread-3/WARN]: Incorrect key -----------------MIDDLE_BIOMES--------------------.hot_dry was corrected from null to its default, regions_unexplored:baobab_savanna. 
[19:18:06] [Thread-3/WARN]: Incorrect key -----------------MIDDLE_BIOMES--------------------.hot_neutral was corrected from null to its default, regions_unexplored:saguaro_desert. 
[19:18:06] [Thread-3/WARN]: Incorrect key -----------------MIDDLE_BIOMES--------------------.hot_wet was corrected from null to its default, regions_unexplored:outback. 
[19:18:06] [Thread-3/WARN]: Incorrect key -----------------MIDDLE_BIOMES--------------------.hot_humid was corrected from null to its default, regions_unexplored:eucalyptus_forest. 
[19:18:06] [Thread-3/WARN]: Incorrect key -----------------MIDDLE_BIOMES_VARIANT-------------------- was corrected from null to its default, SimpleCommentedConfig:{}. 
[19:18:06] [Thread-3/WARN]: Incorrect key -----------------MIDDLE_BIOMES_VARIANT--------------------.icy_arid was corrected from null to its default, regions_unexplored:frozen_pine_taiga. 
[19:18:06] [Thread-3/WARN]: Incorrect key -----------------MIDDLE_BIOMES_VARIANT--------------------.icy_dry was corrected from null to its default, regions_unexplored:frozen_tundra. 
[19:18:06] [Thread-3/WARN]: Incorrect key -----------------MIDDLE_BIOMES_VARIANT--------------------.icy_neutral was corrected from null to its default, regions_unexplored:frozen_tundra. 
[19:18:06] [Thread-3/WARN]: Incorrect key -----------------MIDDLE_BIOMES_VARIANT--------------------.icy_wet was corrected from null to its default, regions_unexplored:cold_boreal_taiga. 
[19:18:06] [Thread-3/WARN]: Incorrect key -----------------MIDDLE_BIOMES_VARIANT--------------------.icy_humid was corrected from null to its default, regions_unexplored:spires. 
[19:18:06] [Thread-3/WARN]: Incorrect key -----------------MIDDLE_BIOMES_VARIANT--------------------.cool_arid was corrected from null to its default, regions_unexplored:autumnal_maple_forest. 
[19:18:06] [Thread-3/WARN]: Incorrect key -----------------MIDDLE_BIOMES_VARIANT--------------------.cool_dry was corrected from null to its default, regions_unexplored:autumnal_maple_forest. 
[19:18:06] [Thread-3/WARN]: Incorrect key -----------------MIDDLE_BIOMES_VARIANT--------------------.cool_neutral was corrected from null to its default, regions_unexplored:maple_forest. 
[19:18:06] [Thread-3/WARN]: Incorrect key -----------------MIDDLE_BIOMES_VARIANT--------------------.cool_wet was corrected from null to its default, regions_unexplored:boreal_taiga. 
[19:18:06] [Thread-3/WARN]: Incorrect key -----------------MIDDLE_BIOMES_VARIANT--------------------.cool_humid was corrected from null to its default, regions_unexplored:golden_boreal_taiga. 
[19:18:06] [Thread-3/WARN]: Incorrect key -----------------MIDDLE_BIOMES_VARIANT--------------------.neutral_arid was corrected from null to its default, regions_unexplored:orchard. 
[19:18:06] [Thread-3/WARN]: Incorrect key -----------------MIDDLE_BIOMES_VARIANT--------------------.neutral_dry was corrected from null to its default, regions_unexplored:shrubland. 
[19:18:06] [Thread-3/WARN]: Incorrect key -----------------MIDDLE_BIOMES_VARIANT--------------------.neutral_neutral was corrected from null to its default, regions_unexplored:temperate_grove. 
[19:18:06] [Thread-3/WARN]: Incorrect key -----------------MIDDLE_BIOMES_VARIANT--------------------.neutral_wet was corrected from null to its default, regions_unexplored:pine_taiga. 
[19:18:06] [Thread-3/WARN]: Incorrect key -----------------MIDDLE_BIOMES_VARIANT--------------------.neutral_humid was corrected from null to its default, regions_unexplored:blackwood_taiga. 
[19:18:06] [Thread-3/WARN]: Incorrect key -----------------MIDDLE_BIOMES_VARIANT--------------------.warm_arid was corrected from null to its default, regions_unexplored:prairie. 
[19:18:06] [Thread-3/WARN]: Incorrect key -----------------MIDDLE_BIOMES_VARIANT--------------------.warm_dry was corrected from null to its default, regions_unexplored:deciduous_forest. 
[19:18:06] [Thread-3/WARN]: Incorrect key -----------------MIDDLE_BIOMES_VARIANT--------------------.warm_neutral was corrected from null to its default, regions_unexplored:grassland. 
[19:18:06] [Thread-3/WARN]: Incorrect key -----------------MIDDLE_BIOMES_VARIANT--------------------.warm_wet was corrected from null to its default, regions_unexplored:redwoods. 
[19:18:06] [Thread-3/WARN]: Incorrect key -----------------MIDDLE_BIOMES_VARIANT--------------------.warm_humid was corrected from null to its default, regions_unexplored:sparse_redwoods. 
[19:18:06] [Thread-3/WARN]: Incorrect key -----------------MIDDLE_BIOMES_VARIANT--------------------.hot_arid was corrected from null to its default, regions_unexplored:baobab_savanna. 
[19:18:06] [Thread-3/WARN]: Incorrect key -----------------MIDDLE_BIOMES_VARIANT--------------------.hot_dry was corrected from null to its default, regions_unexplored:baobab_savanna. 
[19:18:06] [Thread-3/WARN]: Incorrect key -----------------MIDDLE_BIOMES_VARIANT--------------------.hot_neutral was corrected from null to its default, regions_unexplored:saguaro_desert. 
[19:18:06] [Thread-3/WARN]: Incorrect key -----------------MIDDLE_BIOMES_VARIANT--------------------.hot_wet was corrected from null to its default, regions_unexplored:outback. 
[19:18:06] [Thread-3/WARN]: Incorrect key -----------------MIDDLE_BIOMES_VARIANT--------------------.hot_humid was corrected from null to its default, regions_unexplored:eucalyptus_forest. 
[19:18:06] [Thread-3/WARN]: Incorrect key -----------------PLATEAU_BIOMES-------------------- was corrected from null to its default, SimpleCommentedConfig:{}. 
[19:18:06] [Thread-3/WARN]: Incorrect key -----------------PLATEAU_BIOMES--------------------.icy_arid was corrected from null to its default, regions_unexplored:icy_heights. 
[19:18:06] [Thread-3/WARN]: Incorrect key -----------------PLATEAU_BIOMES--------------------.icy_dry was corrected from null to its default, regions_unexplored:icy_heights. 
[19:18:06] [Thread-3/WARN]: Incorrect key -----------------PLATEAU_BIOMES--------------------.icy_neutral was corrected from null to its default, regions_unexplored:icy_heights. 
[19:18:06] [Thread-3/WARN]: Incorrect key -----------------PLATEAU_BIOMES--------------------.icy_wet was corrected from null to its default, regions_unexplored:icy_heights. 
[19:18:06] [Thread-3/WARN]: Incorrect key -----------------PLATEAU_BIOMES--------------------.icy_humid was corrected from null to its default, regions_unexplored:cold_boreal_taiga. 
[19:18:06] [Thread-3/WARN]: Incorrect key -----------------PLATEAU_BIOMES--------------------.cool_arid was corrected from null to its default, regions_unexplored:autumnal_maple_forest. 
[19:18:06] [Thread-3/WARN]: Incorrect key -----------------PLATEAU_BIOMES--------------------.cool_dry was corrected from null to its default, regions_unexplored:autumnal_maple_forest. 
[19:18:06] [Thread-3/WARN]: Incorrect key -----------------PLATEAU_BIOMES--------------------.cool_neutral was corrected from null to its default, regions_unexplored:maple_forest. 
[19:18:06] [Thread-3/WARN]: Incorrect key -----------------PLATEAU_BIOMES--------------------.cool_wet was corrected from null to its default, regions_unexplored:boreal_taiga. 
[19:18:06] [Thread-3/WARN]: Incorrect key -----------------PLATEAU_BIOMES--------------------.cool_humid was corrected from null to its default, regions_unexplored:boreal_taiga. 
[19:18:06] [Thread-3/WARN]: Incorrect key -----------------PLATEAU_BIOMES--------------------.neutral_arid was corrected from null to its default, regions_unexplored:highland_fields. 
[19:18:06] [Thread-3/WARN]: Incorrect key -----------------PLATEAU_BIOMES--------------------.neutral_dry was corrected from null to its default, regions_unexplored:highland_fields. 
[19:18:06] [Thread-3/WARN]: Incorrect key -----------------PLATEAU_BIOMES--------------------.neutral_neutral was corrected from null to its default, regions_unexplored:highland_fields. 
[19:18:06] [Thread-3/WARN]: Incorrect key -----------------PLATEAU_BIOMES--------------------.neutral_wet was corrected from null to its default, regions_unexplored:highland_fields. 
[19:18:06] [Thread-3/WARN]: Incorrect key -----------------PLATEAU_BIOMES--------------------.neutral_humid was corrected from null to its default, regions_unexplored:blackwood_taiga. 
[19:18:06] [Thread-3/WARN]: Incorrect key -----------------PLATEAU_BIOMES--------------------.warm_arid was corrected from null to its default, regions_unexplored:barley_fields. 
[19:18:06] [Thread-3/WARN]: Incorrect key -----------------PLATEAU_BIOMES--------------------.warm_dry was corrected from null to its default, regions_unexplored:deciduous_forest. 
[19:18:06] [Thread-3/WARN]: Incorrect key -----------------PLATEAU_BIOMES--------------------.warm_neutral was corrected from null to its default, regions_unexplored:deciduous_forest. 
[19:18:06] [Thread-3/WARN]: Incorrect key -----------------PLATEAU_BIOMES--------------------.warm_wet was corrected from null to its default, regions_unexplored:redwoods. 
[19:18:06] [Thread-3/WARN]: Incorrect key -----------------PLATEAU_BIOMES--------------------.warm_humid was corrected from null to its default, regions_unexplored:redwoods. 
[19:18:06] [Thread-3/WARN]: Incorrect key -----------------PLATEAU_BIOMES--------------------.hot_arid was corrected from null to its default, regions_unexplored:steppe. 
[19:18:06] [Thread-3/WARN]: Incorrect key -----------------PLATEAU_BIOMES--------------------.hot_dry was corrected from null to its default, regions_unexplored:steppe. 
[19:18:06] [Thread-3/WARN]: Incorrect key -----------------PLATEAU_BIOMES--------------------.hot_neutral was corrected from null to its default, regions_unexplored:saguaro_desert. 
[19:18:06] [Thread-3/WARN]: Incorrect key -----------------PLATEAU_BIOMES--------------------.hot_wet was corrected from null to its default, regions_unexplored:eucalyptus_forest. 
[19:18:06] [Thread-3/WARN]: Incorrect key -----------------PLATEAU_BIOMES--------------------.hot_humid was corrected from null to its default, regions_unexplored:eucalyptus_forest. 
[19:18:06] [Thread-3/WARN]: Incorrect key -----------------PLATEAU_BIOMES_VARIANT-------------------- was corrected from null to its default, SimpleCommentedConfig:{}. 
[19:18:06] [Thread-3/WARN]: Incorrect key -----------------PLATEAU_BIOMES_VARIANT--------------------.icy_arid was corrected from null to its default, regions_unexplored:icy_heights. 
[19:18:06] [Thread-3/WARN]: Incorrect key -----------------PLATEAU_BIOMES_VARIANT--------------------.icy_dry was corrected from null to its default, regions_unexplored:icy_heights. 
[19:18:06] [Thread-3/WARN]: Incorrect key -----------------PLATEAU_BIOMES_VARIANT--------------------.icy_neutral was corrected from null to its default, regions_unexplored:icy_heights. 
[19:18:06] [Thread-3/WARN]: Incorrect key -----------------PLATEAU_BIOMES_VARIANT--------------------.icy_wet was corrected from null to its default, regions_unexplored:icy_heights. 
[19:18:06] [Thread-3/WARN]: Incorrect key -----------------PLATEAU_BIOMES_VARIANT--------------------.icy_humid was corrected from null to its default, regions_unexplored:spires. 
[19:18:06] [Thread-3/WARN]: Incorrect key -----------------PLATEAU_BIOMES_VARIANT--------------------.cool_arid was corrected from null to its default, regions_unexplored:autumnal_maple_forest. 
[19:18:06] [Thread-3/WARN]: Incorrect key -----------------PLATEAU_BIOMES_VARIANT--------------------.cool_dry was corrected from null to its default, regions_unexplored:autumnal_maple_forest. 
[19:18:06] [Thread-3/WARN]: Incorrect key -----------------PLATEAU_BIOMES_VARIANT--------------------.cool_neutral was corrected from null to its default, regions_unexplored:maple_forest. 
[19:18:06] [Thread-3/WARN]: Incorrect key -----------------PLATEAU_BIOMES_VARIANT--------------------.cool_wet was corrected from null to its default, regions_unexplored:boreal_taiga. 
[19:18:06] [Thread-3/WARN]: Incorrect key -----------------PLATEAU_BIOMES_VARIANT--------------------.cool_humid was corrected from null to its default, regions_unexplored:golden_boreal_taiga. 
[19:18:06] [Thread-3/WARN]: Incorrect key -----------------PLATEAU_BIOMES_VARIANT--------------------.neutral_arid was corrected from null to its default, regions_unexplored:orchard. 
[19:18:06] [Thread-3/WARN]: Incorrect key -----------------PLATEAU_BIOMES_VARIANT--------------------.neutral_dry was corrected from null to its default, regions_unexplored:highland_fields. 
[19:18:06] [Thread-3/WARN]: Incorrect key -----------------PLATEAU_BIOMES_VARIANT--------------------.neutral_neutral was corrected from null to its default, regions_unexplored:temperate_grove. 
[19:18:06] [Thread-3/WARN]: Incorrect key -----------------PLATEAU_BIOMES_VARIANT--------------------.neutral_wet was corrected from null to its default, regions_unexplored:pine_taiga. 
[19:18:06] [Thread-3/WARN]: Incorrect key -----------------PLATEAU_BIOMES_VARIANT--------------------.neutral_humid was corrected from null to its default, regions_unexplored:blackwood_taiga. 
[19:18:06] [Thread-3/WARN]: Incorrect key -----------------PLATEAU_BIOMES_VARIANT--------------------.warm_arid was corrected from null to its default, regions_unexplored:deciduous_forest. 
[19:18:06] [Thread-3/WARN]: Incorrect key -----------------PLATEAU_BIOMES_VARIANT--------------------.warm_dry was corrected from null to its default, regions_unexplored:deciduous_forest. 
[19:18:06] [Thread-3/WARN]: Incorrect key -----------------PLATEAU_BIOMES_VARIANT--------------------.warm_neutral was corrected from null to its default, regions_unexplored:deciduous_forest. 
[19:18:06] [Thread-3/WARN]: Incorrect key -----------------PLATEAU_BIOMES_VARIANT--------------------.warm_wet was corrected from null to its default, regions_unexplored:redwoods. 
[19:18:06] [Thread-3/WARN]: Incorrect key -----------------PLATEAU_BIOMES_VARIANT--------------------.warm_humid was corrected from null to its default, regions_unexplored:sparse_redwoods. 
[19:18:06] [Thread-3/WARN]: Incorrect key -----------------PLATEAU_BIOMES_VARIANT--------------------.hot_arid was corrected from null to its default, regions_unexplored:steppe. 
[19:18:06] [Thread-3/WARN]: Incorrect key -----------------PLATEAU_BIOMES_VARIANT--------------------.hot_dry was corrected from null to its default, regions_unexplored:steppe. 
[19:18:06] [Thread-3/WARN]: Incorrect key -----------------PLATEAU_BIOMES_VARIANT--------------------.hot_neutral was corrected from null to its default, regions_unexplored:saguaro_desert. 
[19:18:06] [Thread-3/WARN]: Incorrect key -----------------PLATEAU_BIOMES_VARIANT--------------------.hot_wet was corrected from null to its default, regions_unexplored:eucalyptus_forest. 
[19:18:06] [Thread-3/WARN]: Incorrect key -----------------PLATEAU_BIOMES_VARIANT--------------------.hot_humid was corrected from null to its default, regions_unexplored:eucalyptus_forest. 
[19:18:06] [Thread-3/WARN]: Incorrect key -----------------SHATTERED_BIOMES-------------------- was corrected from null to its default, SimpleCommentedConfig:{}. 
[19:18:06] [Thread-3/WARN]: Incorrect key -----------------SHATTERED_BIOMES--------------------.icy_arid was corrected from null to its default, regions_unexplored:icy_heights. 
[19:18:06] [Thread-3/WARN]: Incorrect key -----------------SHATTERED_BIOMES--------------------.icy_dry was corrected from null to its default, regions_unexplored:icy_heights. 
[19:18:06] [Thread-3/WARN]: Incorrect key -----------------SHATTERED_BIOMES--------------------.icy_neutral was corrected from null to its default, regions_unexplored:icy_heights. 
[19:18:06] [Thread-3/WARN]: Incorrect key -----------------SHATTERED_BIOMES--------------------.icy_wet was corrected from null to its default, regions_unexplored:icy_heights. 
[19:18:06] [Thread-3/WARN]: Incorrect key -----------------SHATTERED_BIOMES--------------------.icy_humid was corrected from null to its default, regions_unexplored:icy_heights. 
[19:18:06] [Thread-3/WARN]: Incorrect key -----------------SHATTERED_BIOMES--------------------.cool_arid was corrected from null to its default, regions_unexplored:towering_cliffs. 
[19:18:06] [Thread-3/WARN]: Incorrect key -----------------SHATTERED_BIOMES--------------------.cool_dry was corrected from null to its default, regions_unexplored:towering_cliffs. 
[19:18:06] [Thread-3/WARN]: Incorrect key -----------------SHATTERED_BIOMES--------------------.cool_neutral was corrected from null to its default, regions_unexplored:towering_cliffs. 
[19:18:06] [Thread-3/WARN]: Incorrect key -----------------SHATTERED_BIOMES--------------------.cool_wet was corrected from null to its default, regions_unexplored:towering_cliffs. 
[19:18:06] [Thread-3/WARN]: Incorrect key -----------------SHATTERED_BIOMES--------------------.cool_humid was corrected from null to its default, regions_unexplored:towering_cliffs. 
[19:18:06] [Thread-3/WARN]: Incorrect key -----------------SHATTERED_BIOMES--------------------.neutral_arid was corrected from null to its default, regions_unexplored:towering_cliffs. 
[19:18:06] [Thread-3/WARN]: Incorrect key -----------------SHATTERED_BIOMES--------------------.neutral_dry was corrected from null to its default, regions_unexplored:towering_cliffs. 
[19:18:06] [Thread-3/WARN]: Incorrect key -----------------SHATTERED_BIOMES--------------------.neutral_neutral was corrected from null to its default, regions_unexplored:towering_cliffs. 
[19:18:06] [Thread-3/WARN]: Incorrect key -----------------SHATTERED_BIOMES--------------------.neutral_wet was corrected from null to its default, regions_unexplored:towering_cliffs. 
[19:18:06] [Thread-3/WARN]: Incorrect key -----------------SHATTERED_BIOMES--------------------.neutral_humid was corrected from null to its default, regions_unexplored:towering_cliffs. 
[19:18:06] [Thread-3/WARN]: Incorrect key -----------------SHATTERED_BIOMES--------------------.warm_arid was corrected from null to its default, regions_unexplored:barley_fields. 
[19:18:06] [Thread-3/WARN]: Incorrect key -----------------SHATTERED_BIOMES--------------------.warm_dry was corrected from null to its default, regions_unexplored:deciduous_forest. 
[19:18:06] [Thread-3/WARN]: Incorrect key -----------------SHATTERED_BIOMES--------------------.warm_neutral was corrected from null to its default, regions_unexplored:deciduous_forest. 
[19:18:06] [Thread-3/WARN]: Incorrect key -----------------SHATTERED_BIOMES--------------------.warm_wet was corrected from null to its default, regions_unexplored:sparse_redwoods. 
[19:18:06] [Thread-3/WARN]: Incorrect key -----------------SHATTERED_BIOMES--------------------.warm_humid was corrected from null to its default, regions_unexplored:sparse_redwoods. 
[19:18:06] [Thread-3/WARN]: Incorrect key -----------------SHATTERED_BIOMES--------------------.hot_arid was corrected from null to its default, regions_unexplored:steppe. 
[19:18:06] [Thread-3/WARN]: Incorrect key -----------------SHATTERED_BIOMES--------------------.hot_dry was corrected from null to its default, regions_unexplored:steppe. 
[19:18:06] [Thread-3/WARN]: Incorrect key -----------------SHATTERED_BIOMES--------------------.hot_neutral was corrected from null to its default, regions_unexplored:saguaro_desert. 
[19:18:06] [Thread-3/WARN]: Incorrect key -----------------SHATTERED_BIOMES--------------------.hot_wet was corrected from null to its default, regions_unexplored:eucalyptus_forest. 
[19:18:06] [Thread-3/WARN]: Incorrect key -----------------SHATTERED_BIOMES--------------------.hot_humid was corrected from null to its default, regions_unexplored:eucalyptus_forest. 
[19:18:06] [Thread-3/WARN]: Incorrect key -----------------SLOPE_BIOMES-------------------- was corrected from null to its default, SimpleCommentedConfig:{}. 
[19:18:06] [Thread-3/WARN]: Incorrect key -----------------SLOPE_BIOMES--------------------.icy_slope_biome was corrected from null to its default, minecraft:snowy_slopes. 
[19:18:06] [Thread-3/WARN]: Incorrect key -----------------SLOPE_BIOMES--------------------.cold_slope_biome was corrected from null to its default, minecraft:grove. 
[19:18:06] [Thread-3/WARN]: Incorrect key -----------------SLOPE_BIOMES--------------------.neutral_slope_biome was corrected from null to its default, regions_unexplored:pine_slopes. 
[19:18:06] [Thread-3/WARN]: Incorrect key -----------------SLOPE_BIOMES--------------------.warm_slope_biome was corrected from null to its default, regions_unexplored:deciduous_forest. 
[19:18:06] [Thread-3/WARN]: Incorrect key -----------------SLOPE_BIOMES--------------------.hot_slope_biome was corrected from null to its default, regions_unexplored:eucalyptus_forest. 
[19:18:06] [Thread-3/WARN]: Incorrect key -----------------SLOPE_BIOMES--------------------.icy_slope_biome_variant was corrected from null to its default, regions_unexplored:cold_deciduous_forest. 
[19:18:06] [Thread-3/WARN]: Incorrect key -----------------SLOPE_BIOMES--------------------.cold_slope_biome_variant was corrected from null to its default, regions_unexplored:pine_slopes. 
[19:18:06] [Thread-3/WARN]: Incorrect key -----------------SLOPE_BIOMES--------------------.neutral_slope_biome_variant was corrected from null to its default, regions_unexplored:pine_slopes. 
[19:18:06] [Thread-3/WARN]: Incorrect key -----------------SLOPE_BIOMES--------------------.warm_slope_biome_variant was corrected from null to its default, regions_unexplored:deciduous_forest. 
[19:18:06] [Thread-3/WARN]: Incorrect key -----------------SLOPE_BIOMES--------------------.hot_slope_biome_variant was corrected from null to its default, regions_unexplored:eucalyptus_forest. 
[19:18:06] [Thread-3/WARN]: Incorrect key -----------------PEAK_BIOMES-------------------- was corrected from null to its default, SimpleCommentedConfig:{}. 
[19:18:06] [Thread-3/WARN]: Incorrect key -----------------PEAK_BIOMES--------------------.icy_peak_biome was corrected from null to its default, minecraft:frozen_peaks. 
[19:18:06] [Thread-3/WARN]: Incorrect key -----------------PEAK_BIOMES--------------------.cold_peak_biome was corrected from null to its default, minecraft:jagged_peaks. 
[19:18:06] [Thread-3/WARN]: Incorrect key -----------------PEAK_BIOMES--------------------.neutral_peak_biome was corrected from null to its default, regions_unexplored:mountains. 
[19:18:06] [Thread-3/WARN]: Incorrect key -----------------PEAK_BIOMES--------------------.warm_peak_biome was corrected from null to its default, minecraft:stony_peaks. 
[19:18:06] [Thread-3/WARN]: Incorrect key -----------------PEAK_BIOMES--------------------.hot_peak_biome was corrected from null to its default, regions_unexplored:arid_mountains. 
[19:18:06] [Thread-3/WARN]: Incorrect key -----------------PEAK_BIOMES--------------------.icy_peak_biome_variant was corrected from null to its default, minecraft:jagged_peaks. 
[19:18:06] [Thread-3/WARN]: Incorrect key -----------------PEAK_BIOMES--------------------.cold_peak_biome_variant was corrected from null to its default, regions_unexplored:mountains. 
[19:18:06] [Thread-3/WARN]: Incorrect key -----------------PEAK_BIOMES--------------------.neutral_peak_biome_variant was corrected from null to its default, regions_unexplored:mountains. 
[19:18:06] [Thread-3/WARN]: Incorrect key -----------------PEAK_BIOMES--------------------.warm_peak_biome_variant was corrected from null to its default, minecraft:stony_peaks. 
[19:18:06] [Thread-3/WARN]: Incorrect key -----------------PEAK_BIOMES--------------------.hot_peak_biome_variant was corrected from null to its default, regions_unexplored:arid_mountains. 
[19:18:06] [Thread-3/WARN]: Incorrect key -----------------RIVER_BIOMES-------------------- was corrected from null to its default, SimpleCommentedConfig:{}. 
[19:18:06] [Thread-3/WARN]: Incorrect key -----------------RIVER_BIOMES--------------------.icy_arid was corrected from null to its default, minecraft:frozen_river. 
[19:18:06] [Thread-3/WARN]: Incorrect key -----------------RIVER_BIOMES--------------------.icy_dry was corrected from null to its default, minecraft:frozen_river. 
[19:18:06] [Thread-3/WARN]: Incorrect key -----------------RIVER_BIOMES--------------------.icy_neutral was corrected from null to its default, minecraft:frozen_river. 
[19:18:06] [Thread-3/WARN]: Incorrect key -----------------RIVER_BIOMES--------------------.icy_wet was corrected from null to its default, minecraft:frozen_river. 
[19:18:06] [Thread-3/WARN]: Incorrect key -----------------RIVER_BIOMES--------------------.icy_humid was corrected from null to its default, regions_unexplored:cold_river. 
[19:18:06] [Thread-3/WARN]: Incorrect key -----------------RIVER_BIOMES--------------------.cool_arid was corrected from null to its default, regions_unexplored:cold_river. 
[19:18:06] [Thread-3/WARN]: Incorrect key -----------------RIVER_BIOMES--------------------.cool_dry was corrected from null to its default, regions_unexplored:cold_river. 
[19:18:06] [Thread-3/WARN]: Incorrect key -----------------RIVER_BIOMES--------------------.cool_neutral was corrected from null to its default, regions_unexplored:muddy_river. 
[19:18:06] [Thread-3/WARN]: Incorrect key -----------------RIVER_BIOMES--------------------.cool_wet was corrected from null to its default, regions_unexplored:muddy_river. 
[19:18:06] [Thread-3/WARN]: Incorrect key -----------------RIVER_BIOMES--------------------.cool_humid was corrected from null to its default, regions_unexplored:muddy_river. 
[19:18:06] [Thread-3/WARN]: Incorrect key -----------------RIVER_BIOMES--------------------.neutral_arid was corrected from null to its default, minecraft:river. 
[19:18:06] [Thread-3/WARN]: Incorrect key -----------------RIVER_BIOMES--------------------.neutral_dry was corrected from null to its default, minecraft:river. 
[19:18:06] [Thread-3/WARN]: Incorrect key -----------------RIVER_BIOMES--------------------.neutral_neutral was corrected from null to its default, minecraft:river. 
[19:18:06] [Thread-3/WARN]: Incorrect key -----------------RIVER_BIOMES--------------------.neutral_wet was corrected from null to its default, minecraft:river. 
[19:18:06] [Thread-3/WARN]: Incorrect key -----------------RIVER_BIOMES--------------------.neutral_humid was corrected from null to its default, regions_unexplored:blackwood_taiga. 
[19:18:06] [Thread-3/WARN]: Incorrect key -----------------RIVER_BIOMES--------------------.warm_arid was corrected from null to its default, minecraft:river. 
[19:18:06] [Thread-3/WARN]: Incorrect key -----------------RIVER_BIOMES--------------------.warm_dry was corrected from null to its default, minecraft:river. 
[19:18:06] [Thread-3/WARN]: Incorrect key -----------------RIVER_BIOMES--------------------.warm_neutral was corrected from null to its default, minecraft:river. 
[19:18:06] [Thread-3/WARN]: Incorrect key -----------------RIVER_BIOMES--------------------.warm_wet was corrected from null to its default, minecraft:river. 
[19:18:06] [Thread-3/WARN]: Incorrect key -----------------RIVER_BIOMES--------------------.warm_humid was corrected from null to its default, minecraft:river. 
[19:18:06] [Thread-3/WARN]: Incorrect key -----------------RIVER_BIOMES--------------------.hot_arid was corrected from null to its default, minecraft:river. 
[19:18:06] [Thread-3/WARN]: Incorrect key -----------------RIVER_BIOMES--------------------.hot_dry was corrected from null to its default, minecraft:river. 
[19:18:06] [Thread-3/WARN]: Incorrect key -----------------RIVER_BIOMES--------------------.hot_neutral was corrected from null to its default, regions_unexplored:tropical_river. 
[19:18:06] [Thread-3/WARN]: Incorrect key -----------------RIVER_BIOMES--------------------.hot_wet was corrected from null to its default, regions_unexplored:tropical_river. 
[19:18:06] [Thread-3/WARN]: Incorrect key -----------------RIVER_BIOMES--------------------.hot_humid was corrected from null to its default, regions_unexplored:tropical_river. 
[19:18:06] [Thread-3/WARN]: Incorrect key -----------------RIVER_BIOMES_VARIANT-------------------- was corrected from null to its default, SimpleCommentedConfig:{}. 
[19:18:06] [Thread-3/WARN]: Incorrect key -----------------RIVER_BIOMES_VARIANT--------------------.icy_arid was corrected from null to its default, minecraft:frozen_river. 
[19:18:06] [Thread-3/WARN]: Incorrect key -----------------RIVER_BIOMES_VARIANT--------------------.icy_dry was corrected from null to its default, minecraft:frozen_river. 
[19:18:06] [Thread-3/WARN]: Incorrect key -----------------RIVER_BIOMES_VARIANT--------------------.icy_neutral was corrected from null to its default, minecraft:frozen_river. 
[19:18:06] [Thread-3/WARN]: Incorrect key -----------------RIVER_BIOMES_VARIANT--------------------.icy_wet was corrected from null to its default, minecraft:frozen_river. 
[19:18:06] [Thread-3/WARN]: Incorrect key -----------------RIVER_BIOMES_VARIANT--------------------.icy_humid was corrected from null to its default, regions_unexplored:cold_river. 
[19:18:06] [Thread-3/WARN]: Incorrect key -----------------RIVER_BIOMES_VARIANT--------------------.cool_arid was corrected from null to its default, regions_unexplored:cold_river. 
[19:18:06] [Thread-3/WARN]: Incorrect key -----------------RIVER_BIOMES_VARIANT--------------------.cool_dry was corrected from null to its default, regions_unexplored:cold_river. 
[19:18:06] [Thread-3/WARN]: Incorrect key -----------------RIVER_BIOMES_VARIANT--------------------.cool_neutral was corrected from null to its default, regions_unexplored:muddy_river. 
[19:18:06] [Thread-3/WARN]: Incorrect key -----------------RIVER_BIOMES_VARIANT--------------------.cool_wet was corrected from null to its default, regions_unexplored:muddy_river. 
[19:18:06] [Thread-3/WARN]: Incorrect key -----------------RIVER_BIOMES_VARIANT--------------------.cool_humid was corrected from null to its default, regions_unexplored:muddy_river. 
[19:18:06] [Thread-3/WARN]: Incorrect key -----------------RIVER_BIOMES_VARIANT--------------------.neutral_arid was corrected from null to its default, minecraft:river. 
[19:18:06] [Thread-3/WARN]: Incorrect key -----------------RIVER_BIOMES_VARIANT--------------------.neutral_dry was corrected from null to its default, minecraft:river. 
[19:18:06] [Thread-3/WARN]: Incorrect key -----------------RIVER_BIOMES_VARIANT--------------------.neutral_neutral was corrected from null to its default, minecraft:river. 
[19:18:06] [Thread-3/WARN]: Incorrect key -----------------RIVER_BIOMES_VARIANT--------------------.neutral_wet was corrected from null to its default, minecraft:river. 
[19:18:06] [Thread-3/WARN]: Incorrect key -----------------RIVER_BIOMES_VARIANT--------------------.neutral_humid was corrected from null to its default, regions_unexplored:blackwood_taiga. 
[19:18:06] [Thread-3/WARN]: Incorrect key -----------------RIVER_BIOMES_VARIANT--------------------.warm_arid was corrected from null to its default, minecraft:river. 
[19:18:06] [Thread-3/WARN]: Incorrect key -----------------RIVER_BIOMES_VARIANT--------------------.warm_dry was corrected from null to its default, minecraft:river. 
[19:18:06] [Thread-3/WARN]: Incorrect key -----------------RIVER_BIOMES_VARIANT--------------------.warm_neutral was corrected from null to its default, minecraft:river. 
[19:18:06] [Thread-3/WARN]: Incorrect key -----------------RIVER_BIOMES_VARIANT--------------------.warm_wet was corrected from null to its default, minecraft:river. 
[19:18:06] [Thread-3/WARN]: Incorrect key -----------------RIVER_BIOMES_VARIANT--------------------.warm_humid was corrected from null to its default, minecraft:river. 
[19:18:06] [Thread-3/WARN]: Incorrect key -----------------RIVER_BIOMES_VARIANT--------------------.hot_arid was corrected from null to its default, minecraft:river. 
[19:18:06] [Thread-3/WARN]: Incorrect key -----------------RIVER_BIOMES_VARIANT--------------------.hot_dry was corrected from null to its default, minecraft:river. 
[19:18:06] [Thread-3/WARN]: Incorrect key -----------------RIVER_BIOMES_VARIANT--------------------.hot_neutral was corrected from null to its default, regions_unexplored:tropical_river. 
[19:18:06] [Thread-3/WARN]: Incorrect key -----------------RIVER_BIOMES_VARIANT--------------------.hot_wet was corrected from null to its default, regions_unexplored:tropical_river. 
[19:18:06] [Thread-3/WARN]: Incorrect key -----------------RIVER_BIOMES_VARIANT--------------------.hot_humid was corrected from null to its default, regions_unexplored:tropical_river. 
[19:18:06] [Thread-3/WARN]: Incorrect key -----------------SWAMP_BIOMES-------------------- was corrected from null to its default, SimpleCommentedConfig:{}. 
[19:18:06] [Thread-3/WARN]: Incorrect key -----------------SWAMP_BIOMES--------------------.icy_arid was corrected from null to its default, regions_unexplored:spires. 
[19:18:06] [Thread-3/WARN]: Incorrect key -----------------SWAMP_BIOMES--------------------.icy_dry was corrected from null to its default, regions_unexplored:spires. 
[19:18:06] [Thread-3/WARN]: Incorrect key -----------------SWAMP_BIOMES--------------------.icy_neutral was corrected from null to its default, regions_unexplored:spires. 
[19:18:06] [Thread-3/WARN]: Incorrect key -----------------SWAMP_BIOMES--------------------.icy_wet was corrected from null to its default, regions_unexplored:spires. 
[19:18:06] [Thread-3/WARN]: Incorrect key -----------------SWAMP_BIOMES--------------------.icy_humid was corrected from null to its default, regions_unexplored:spires. 
[19:18:06] [Thread-3/WARN]: Incorrect key -----------------SWAMP_BIOMES--------------------.cool_arid was corrected from null to its default, regions_unexplored:fen. 
[19:18:06] [Thread-3/WARN]: Incorrect key -----------------SWAMP_BIOMES--------------------.cool_dry was corrected from null to its default, regions_unexplored:fen. 
[19:18:06] [Thread-3/WARN]: Incorrect key -----------------SWAMP_BIOMES--------------------.cool_neutral was corrected from null to its default, regions_unexplored:fen. 
[19:18:06] [Thread-3/WARN]: Incorrect key -----------------SWAMP_BIOMES--------------------.cool_wet was corrected from null to its default, regions_unexplored:fen. 
[19:18:06] [Thread-3/WARN]: Incorrect key -----------------SWAMP_BIOMES--------------------.cool_humid was corrected from null to its default, regions_unexplored:fen. 
[19:18:06] [Thread-3/WARN]: Incorrect key -----------------SWAMP_BIOMES--------------------.neutral_arid was corrected from null to its default, regions_unexplored:old_growth_bayou. 
[19:18:06] [Thread-3/WARN]: Incorrect key -----------------SWAMP_BIOMES--------------------.neutral_dry was corrected from null to its default, regions_unexplored:bayou. 
[19:18:06] [Thread-3/WARN]: Incorrect key -----------------SWAMP_BIOMES--------------------.neutral_neutral was corrected from null to its default, regions_unexplored:bayou. 
[19:18:06] [Thread-3/WARN]: Incorrect key -----------------SWAMP_BIOMES--------------------.neutral_wet was corrected from null to its default, regions_unexplored:bayou. 
[19:18:06] [Thread-3/WARN]: Incorrect key -----------------SWAMP_BIOMES--------------------.neutral_humid was corrected from null to its default, regions_unexplored:old_growth_bayou. 
[19:18:06] [Thread-3/WARN]: Incorrect key -----------------SWAMP_BIOMES--------------------.warm_arid was corrected from null to its default, regions_unexplored:marsh. 
[19:18:06] [Thread-3/WARN]: Incorrect key -----------------SWAMP_BIOMES--------------------.warm_dry was corrected from null to its default, regions_unexplored:marsh. 
[19:18:06] [Thread-3/WARN]: Incorrect key -----------------SWAMP_BIOMES--------------------.warm_neutral was corrected from null to its default, regions_unexplored:marsh. 
[19:18:06] [Thread-3/WARN]: Incorrect key -----------------SWAMP_BIOMES--------------------.warm_wet was corrected from null to its default, regions_unexplored:marsh. 
[19:18:06] [Thread-3/WARN]: Incorrect key -----------------SWAMP_BIOMES--------------------.warm_humid was corrected from null to its default, regions_unexplored:marsh. 
[19:18:06] [Thread-3/WARN]: Incorrect key -----------------SWAMP_BIOMES--------------------.hot_arid was corrected from null to its default, regions_unexplored:fungal_fen. 
[19:18:06] [Thread-3/WARN]: Incorrect key -----------------SWAMP_BIOMES--------------------.hot_dry was corrected from null to its default, regions_unexplored:fungal_fen. 
[19:18:06] [Thread-3/WARN]: Incorrect key -----------------SWAMP_BIOMES--------------------.hot_neutral was corrected from null to its default, regions_unexplored:fungal_fen. 
[19:18:06] [Thread-3/WARN]: Incorrect key -----------------SWAMP_BIOMES--------------------.hot_wet was corrected from null to its default, regions_unexplored:fungal_fen. 
[19:18:06] [Thread-3/WARN]: Incorrect key -----------------SWAMP_BIOMES--------------------.hot_humid was corrected from null to its default, regions_unexplored:fungal_fen. 
[19:18:06] [main/INFO]: Hello Fabric world!
[19:18:06] [Thread-3/WARN]: Incorrect key -----------------OCEAN_BIOMES-------------------- was corrected from null to its default, SimpleCommentedConfig:{}. 
[19:18:06] [Thread-3/WARN]: Incorrect key -----------------OCEAN_BIOMES--------------------.deep_icy was corrected from null to its default, regions_unexplored:hyacinth_deeps. 
[19:18:06] [Thread-3/WARN]: Incorrect key -----------------OCEAN_BIOMES--------------------.deep_cool was corrected from null to its default, minecraft:deep_cold_ocean. 
[19:18:06] [Thread-3/WARN]: Incorrect key -----------------OCEAN_BIOMES--------------------.deep_neutral was corrected from null to its default, minecraft:deep_ocean. 
[19:18:06] [Thread-3/WARN]: Incorrect key -----------------OCEAN_BIOMES--------------------.deep_warm was corrected from null to its default, minecraft:deep_lukewarm_ocean. 
[19:18:06] [Thread-3/WARN]: Incorrect key -----------------OCEAN_BIOMES--------------------.deep_hot was corrected from null to its default, minecraft:warm_ocean. 
[19:18:06] [Thread-3/WARN]: Incorrect key -----------------OCEAN_BIOMES--------------------.icy was corrected from null to its default, minecraft:frozen_ocean. 
[19:18:06] [Thread-3/WARN]: Incorrect key -----------------OCEAN_BIOMES--------------------.cool was corrected from null to its default, minecraft:cold_ocean. 
[19:18:06] [Thread-3/WARN]: Incorrect key -----------------OCEAN_BIOMES--------------------.neutral was corrected from null to its default, minecraft:ocean. 
[19:18:06] [Thread-3/WARN]: Incorrect key -----------------OCEAN_BIOMES--------------------.warm was corrected from null to its default, minecraft:lukewarm_ocean. 
[19:18:06] [Thread-3/WARN]: Incorrect key -----------------OCEAN_BIOMES--------------------.hot was corrected from null to its default, regions_unexplored:rocky_reef. 
[19:18:06] [Thread-3/WARN]: Incorrect key -----------------SHORE_BIOMES-------------------- was corrected from null to its default, SimpleCommentedConfig:{}. 
[19:18:06] [Thread-3/WARN]: Incorrect key -----------------SHORE_BIOMES--------------------.icy_beach_biome was corrected from null to its default, minecraft:snowy_beach. 
[19:18:06] [Thread-3/WARN]: Incorrect key -----------------SHORE_BIOMES--------------------.cold_beach_biome was corrected from null to its default, regions_unexplored:gravel_beach. 
[19:18:06] [Thread-3/WARN]: Incorrect key -----------------SHORE_BIOMES--------------------.neutral_beach_biome was corrected from null to its default, regions_unexplored:grassy_beach. 
[19:18:06] [Thread-3/WARN]: Incorrect key -----------------SHORE_BIOMES--------------------.warm_beach_biome was corrected from null to its default, regions_unexplored:grassy_beach. 
[19:18:06] [Thread-3/WARN]: Incorrect key -----------------SHORE_BIOMES--------------------.hot_beach_biome was corrected from null to its default, minecraft:beach. 
[19:18:06] [Thread-3/WARN]: Incorrect key -----------------SHORE_BIOMES--------------------.cold_stone_beach_biome was corrected from null to its default, minecraft:stony_shore. 
[19:18:06] [Thread-3/WARN]: Incorrect key -----------------SHORE_BIOMES--------------------.hot_stone_beach_biome was corrected from null to its default, regions_unexplored:chalk_cliffs. 
[19:18:06] [Thread-3/WARN]: Incorrect key -----------------UNDERGROUND_BIOMES-------------------- was corrected from null to its default, SimpleCommentedConfig:{}. 
[19:18:06] [Thread-3/WARN]: Incorrect key -----------------UNDERGROUND_BIOMES--------------------.cave_1_biome was corrected from null to its default, minecraft:lush_caves. 
[19:18:06] [Thread-3/WARN]: Incorrect key -----------------UNDERGROUND_BIOMES--------------------.cave_2_biome was corrected from null to its default, minecraft:dripstone_caves. 
[19:18:06] [Thread-3/WARN]: Incorrect key -----------------UNDERGROUND_BIOMES--------------------.cave_3_biome was corrected from null to its default, minecraft:deep_dark. 
[19:18:06] [Thread-3/WARN]: Incorrect key -----------------UNDERGROUND_BIOMES--------------------.cave_4_biome was corrected from null to its default, regions_unexplored:bioshroom_caves. 
[19:18:06] [Thread-3/WARN]: Incorrect key -----------------UNDERGROUND_BIOMES--------------------.cave_5_biome was corrected from null to its default, regions_unexplored:ancient_delta. 
[19:18:06] [Thread-3/WARN]: Incorrect key -----------------UNDERGROUND_BIOMES--------------------.cave_6_biome was corrected from null to its default, regions_unexplored:prismachasm. 
[19:18:06] [Thread-3/WARN]: Incorrect key -----------------UNDERGROUND_BIOMES--------------------.cave_7_biome was corrected from null to its default, regions_unexplored:redstone_caves. 
[19:18:06] [Thread-3/WARN]: Incorrect key -----------------UNDERGROUND_BIOMES--------------------.cave_8_biome was corrected from null to its default, regions_unexplored:scorching_caves. 
[19:18:06] [Thread-3/WARN]: Incorrect key -----------------ISLAND_BIOMES-------------------- was corrected from null to its default, SimpleCommentedConfig:{}. 
[19:18:06] [Thread-3/WARN]: Incorrect key -----------------ISLAND_BIOMES--------------------.icy_island_biome was corrected from null to its default, regions_unexplored:alpha_grove. 
[19:18:06] [Thread-3/WARN]: Incorrect key -----------------ISLAND_BIOMES--------------------.cool_island_biome was corrected from null to its default, regions_unexplored:alpha_grove. 
[19:18:06] [Thread-3/WARN]: Incorrect key -----------------ISLAND_BIOMES--------------------.neutral_island_biome was corrected from null to its default, regions_unexplored:ashen_woodland. 
[19:18:06] [Thread-3/WARN]: Incorrect key -----------------ISLAND_BIOMES--------------------.warm_island_biome was corrected from null to its default, regions_unexplored:tropics. 
[19:18:06] [Thread-3/WARN]: Incorrect key -----------------ISLAND_BIOMES--------------------.hot_island_biome was corrected from null to its default, regions_unexplored:tropics. 
[19:18:06] [Thread-3/WARN]: Incorrect key -----------------OTHER_BIOMES-------------------- was corrected from null to its default, SimpleCommentedConfig:{}. 
[19:18:06] [Thread-3/WARN]: Incorrect key -----------------OTHER_BIOMES--------------------.shattered_cliff_biome was corrected from null to its default, regions_unexplored:towering_cliffs. 
[19:18:06] [main/INFO]: [Fabric Seasons] Trying to read config file...
[19:18:06] [main/INFO]: [Fabric Seasons] A config file was found, loading it..
[19:18:06] [main/INFO]: [Fabric Seasons] Successfully loaded config file.
[19:18:06] [main/INFO]: [Fabric Seasons] Successfully loaded seasonscroptopiacompat 1.0 for croptopia 2.2.2
[19:18:06] [main/INFO]: [Fabric Seasons] Successfully loaded seasonsdelightcompat 1.0 for farmersdelight 1.3.9
[19:18:06] [main/INFO]: Shield API initialized!
[19:18:06] [main/INFO]: File exists, reading config for elocin.shield_overhaul.config.server.ShieldConfig.
[19:18:06] [main/INFO]: Config for elocin.shield_overhaul.config.server.ShieldConfig read successfully.
[19:18:06] [main/INFO]: Shield Overhaul's Config Loaded!
[19:18:06] [main/INFO]: Registering Items for simplyskills
[19:18:06] [main/INFO]: Registering Entities for simplyskills
[19:18:06] [Thread-3/WARN]: Configuration file /workspaces/CraftCoso/servidor_minecraft/./config/regions_unexplored/regions_unexplored-primary-region.toml is not correct. Correcting
[19:18:06] [Thread-3/WARN]: Incorrect key -----------------MIDDLE_BIOMES-------------------- was corrected from null to its default, SimpleCommentedConfig:{}. 
[19:18:06] [Thread-3/WARN]: Incorrect key -----------------MIDDLE_BIOMES--------------------.icy_arid was corrected from null to its default, regions_unexplored:frozen_tundra. 
[19:18:06] [Thread-3/WARN]: Incorrect key -----------------MIDDLE_BIOMES--------------------.icy_dry was corrected from null to its default, regions_unexplored:frozen_tundra. 
[19:18:06] [Thread-3/WARN]: Incorrect key -----------------MIDDLE_BIOMES--------------------.icy_neutral was corrected from null to its default, regions_unexplored:frozen_pine_taiga. 
[19:18:06] [Thread-3/WARN]: Incorrect key -----------------MIDDLE_BIOMES--------------------.icy_wet was corrected from null to its default, regions_unexplored:cold_boreal_taiga. 
[19:18:06] [Thread-3/WARN]: Incorrect key -----------------MIDDLE_BIOMES--------------------.icy_humid was corrected from null to its default, regions_unexplored:cold_boreal_taiga. 
[19:18:06] [Thread-3/WARN]: Incorrect key -----------------MIDDLE_BIOMES--------------------.cool_arid was corrected from null to its default, regions_unexplored:pumpkin_fields. 
[19:18:06] [Thread-3/WARN]: Incorrect key -----------------MIDDLE_BIOMES--------------------.cool_dry was corrected from null to its default, regions_unexplored:autumnal_maple_forest. 
[19:18:06] [Thread-3/WARN]: Incorrect key -----------------MIDDLE_BIOMES--------------------.cool_neutral was corrected from null to its default, regions_unexplored:maple_forest. 
[19:18:06] [Thread-3/WARN]: Incorrect key -----------------MIDDLE_BIOMES--------------------.cool_wet was corrected from null to its default, regions_unexplored:boreal_taiga. 
[19:18:06] [Thread-3/WARN]: Incorrect key -----------------MIDDLE_BIOMES--------------------.cool_humid was corrected from null to its default, regions_unexplored:boreal_taiga. 
[19:18:06] [Thread-3/WARN]: Incorrect key -----------------MIDDLE_BIOMES--------------------.neutral_arid was corrected from null to its default, regions_unexplored:orchard. 
[19:18:06] [Thread-3/WARN]: Incorrect key -----------------MIDDLE_BIOMES--------------------.neutral_dry was corrected from null to its default, regions_unexplored:shrubland. 
[19:18:06] [Thread-3/WARN]: Incorrect key -----------------MIDDLE_BIOMES--------------------.neutral_neutral was corrected from null to its default, regions_unexplored:temperate_grove. 
[19:18:06] [Thread-3/WARN]: Incorrect key -----------------MIDDLE_BIOMES--------------------.neutral_wet was corrected from null to its default, regions_unexplored:pine_taiga. 
[19:18:06] [Thread-3/WARN]: Incorrect key -----------------MIDDLE_BIOMES--------------------.neutral_humid was corrected from null to its default, regions_unexplored:blackwood_taiga. 
[19:18:06] [Thread-3/WARN]: Incorrect key -----------------MIDDLE_BIOMES--------------------.warm_arid was corrected from null to its default, regions_unexplored:barley_fields. 
[19:18:06] [Thread-3/WARN]: Incorrect key -----------------MIDDLE_BIOMES--------------------.warm_dry was corrected from null to its default, regions_unexplored:prairie. 
[19:18:06] [Thread-3/WARN]: Incorrect key -----------------MIDDLE_BIOMES--------------------.warm_neutral was corrected from null to its default, regions_unexplored:grassland. 
[19:18:06] [Thread-3/WARN]: Incorrect key -----------------MIDDLE_BIOMES--------------------.warm_wet was corrected from null to its default, regions_unexplored:redwoods. 
[19:18:06] [Thread-3/WARN]: Incorrect key -----------------MIDDLE_BIOMES--------------------.warm_humid was corrected from null to its default, regions_unexplored:redwoods. 
[19:18:06] [Thread-3/WARN]: Incorrect key -----------------MIDDLE_BIOMES--------------------.hot_arid was corrected from null to its default, regions_unexplored:baobab_savanna. 
[19:18:06] [Thread-3/WARN]: Incorrect key -----------------MIDDLE_BIOMES--------------------.hot_dry was corrected from null to its default, regions_unexplored:baobab_savanna. 
[19:18:06] [Thread-3/WARN]: Incorrect key -----------------MIDDLE_BIOMES--------------------.hot_neutral was corrected from null to its default, regions_unexplored:saguaro_desert. 
[19:18:06] [Thread-3/WARN]: Incorrect key -----------------MIDDLE_BIOMES--------------------.hot_wet was corrected from null to its default, regions_unexplored:outback. 
[19:18:06] [Thread-3/WARN]: Incorrect key -----------------MIDDLE_BIOMES--------------------.hot_humid was corrected from null to its default, regions_unexplored:eucalyptus_forest. 
[19:18:06] [Thread-3/WARN]: Incorrect key -----------------MIDDLE_BIOMES_VARIANT-------------------- was corrected from null to its default, SimpleCommentedConfig:{}. 
[19:18:06] [Thread-3/WARN]: Incorrect key -----------------MIDDLE_BIOMES_VARIANT--------------------.icy_arid was corrected from null to its default, regions_unexplored:frozen_pine_taiga. 
[19:18:06] [Thread-3/WARN]: Incorrect key -----------------MIDDLE_BIOMES_VARIANT--------------------.icy_dry was corrected from null to its default, regions_unexplored:frozen_tundra. 
[19:18:06] [Thread-3/WARN]: Incorrect key -----------------MIDDLE_BIOMES_VARIANT--------------------.icy_neutral was corrected from null to its default, regions_unexplored:frozen_tundra. 
[19:18:06] [Thread-3/WARN]: Incorrect key -----------------MIDDLE_BIOMES_VARIANT--------------------.icy_wet was corrected from null to its default, regions_unexplored:cold_boreal_taiga. 
[19:18:06] [Thread-3/WARN]: Incorrect key -----------------MIDDLE_BIOMES_VARIANT--------------------.icy_humid was corrected from null to its default, regions_unexplored:spires. 
[19:18:06] [Thread-3/WARN]: Incorrect key -----------------MIDDLE_BIOMES_VARIANT--------------------.cool_arid was corrected from null to its default, regions_unexplored:autumnal_maple_forest. 
[19:18:06] [Thread-3/WARN]: Incorrect key -----------------MIDDLE_BIOMES_VARIANT--------------------.cool_dry was corrected from null to its default, regions_unexplored:autumnal_maple_forest. 
[19:18:06] [Thread-3/WARN]: Incorrect key -----------------MIDDLE_BIOMES_VARIANT--------------------.cool_neutral was corrected from null to its default, regions_unexplored:maple_forest. 
[19:18:06] [Thread-3/WARN]: Incorrect key -----------------MIDDLE_BIOMES_VARIANT--------------------.cool_wet was corrected from null to its default, regions_unexplored:boreal_taiga. 
[19:18:06] [Thread-3/WARN]: Incorrect key -----------------MIDDLE_BIOMES_VARIANT--------------------.cool_humid was corrected from null to its default, regions_unexplored:golden_boreal_taiga. 
[19:18:06] [Thread-3/WARN]: Incorrect key -----------------MIDDLE_BIOMES_VARIANT--------------------.neutral_arid was corrected from null to its default, regions_unexplored:orchard. 
[19:18:06] [Thread-3/WARN]: Incorrect key -----------------MIDDLE_BIOMES_VARIANT--------------------.neutral_dry was corrected from null to its default, regions_unexplored:shrubland. 
[19:18:06] [Thread-3/WARN]: Incorrect key -----------------MIDDLE_BIOMES_VARIANT--------------------.neutral_neutral was corrected from null to its default, regions_unexplored:temperate_grove. 
[19:18:06] [Thread-3/WARN]: Incorrect key -----------------MIDDLE_BIOMES_VARIANT--------------------.neutral_wet was corrected from null to its default, regions_unexplored:pine_taiga. 
[19:18:06] [Thread-3/WARN]: Incorrect key -----------------MIDDLE_BIOMES_VARIANT--------------------.neutral_humid was corrected from null to its default, regions_unexplored:blackwood_taiga. 
[19:18:06] [Thread-3/WARN]: Incorrect key -----------------MIDDLE_BIOMES_VARIANT--------------------.warm_arid was corrected from null to its default, regions_unexplored:prairie. 
[19:18:06] [Thread-3/WARN]: Incorrect key -----------------MIDDLE_BIOMES_VARIANT--------------------.warm_dry was corrected from null to its default, regions_unexplored:deciduous_forest. 
[19:18:06] [Thread-3/WARN]: Incorrect key -----------------MIDDLE_BIOMES_VARIANT--------------------.warm_neutral was corrected from null to its default, regions_unexplored:grassland. 
[19:18:06] [Thread-3/WARN]: Incorrect key -----------------MIDDLE_BIOMES_VARIANT--------------------.warm_wet was corrected from null to its default, regions_unexplored:redwoods. 
[19:18:06] [Thread-3/WARN]: Incorrect key -----------------MIDDLE_BIOMES_VARIANT--------------------.warm_humid was corrected from null to its default, regions_unexplored:sparse_redwoods. 
[19:18:06] [Thread-3/WARN]: Incorrect key -----------------MIDDLE_BIOMES_VARIANT--------------------.hot_arid was corrected from null to its default, regions_unexplored:baobab_savanna. 
[19:18:06] [Thread-3/WARN]: Incorrect key -----------------MIDDLE_BIOMES_VARIANT--------------------.hot_dry was corrected from null to its default, regions_unexplored:baobab_savanna. 
[19:18:06] [Thread-3/WARN]: Incorrect key -----------------MIDDLE_BIOMES_VARIANT--------------------.hot_neutral was corrected from null to its default, regions_unexplored:saguaro_desert. 
[19:18:06] [Thread-3/WARN]: Incorrect key -----------------MIDDLE_BIOMES_VARIANT--------------------.hot_wet was corrected from null to its default, regions_unexplored:outback. 
[19:18:06] [Thread-3/WARN]: Incorrect key -----------------MIDDLE_BIOMES_VARIANT--------------------.hot_humid was corrected from null to its default, regions_unexplored:eucalyptus_forest. 
[19:18:06] [Thread-3/WARN]: Incorrect key -----------------PLATEAU_BIOMES-------------------- was corrected from null to its default, SimpleCommentedConfig:{}. 
[19:18:06] [Thread-3/WARN]: Incorrect key -----------------PLATEAU_BIOMES--------------------.icy_arid was corrected from null to its default, regions_unexplored:icy_heights. 
[19:18:06] [Thread-3/WARN]: Incorrect key -----------------PLATEAU_BIOMES--------------------.icy_dry was corrected from null to its default, regions_unexplored:icy_heights. 
[19:18:06] [Thread-3/WARN]: Incorrect key -----------------PLATEAU_BIOMES--------------------.icy_neutral was corrected from null to its default, regions_unexplored:icy_heights. 
[19:18:06] [Thread-3/WARN]: Incorrect key -----------------PLATEAU_BIOMES--------------------.icy_wet was corrected from null to its default, regions_unexplored:icy_heights. 
[19:18:06] [Thread-3/WARN]: Incorrect key -----------------PLATEAU_BIOMES--------------------.icy_humid was corrected from null to its default, regions_unexplored:cold_boreal_taiga. 
[19:18:06] [Thread-3/WARN]: Incorrect key -----------------PLATEAU_BIOMES--------------------.cool_arid was corrected from null to its default, regions_unexplored:autumnal_maple_forest. 
[19:18:06] [Thread-3/WARN]: Incorrect key -----------------PLATEAU_BIOMES--------------------.cool_dry was corrected from null to its default, regions_unexplored:autumnal_maple_forest. 
[19:18:06] [Thread-3/WARN]: Incorrect key -----------------PLATEAU_BIOMES--------------------.cool_neutral was corrected from null to its default, regions_unexplored:maple_forest. 
[19:18:06] [Thread-3/WARN]: Incorrect key -----------------PLATEAU_BIOMES--------------------.cool_wet was corrected from null to its default, regions_unexplored:boreal_taiga. 
[19:18:06] [Thread-3/WARN]: Incorrect key -----------------PLATEAU_BIOMES--------------------.cool_humid was corrected from null to its default, regions_unexplored:boreal_taiga. 
[19:18:06] [Thread-3/WARN]: Incorrect key -----------------PLATEAU_BIOMES--------------------.neutral_arid was corrected from null to its default, regions_unexplored:highland_fields. 
[19:18:06] [Thread-3/WARN]: Incorrect key -----------------PLATEAU_BIOMES--------------------.neutral_dry was corrected from null to its default, regions_unexplored:highland_fields. 
[19:18:06] [Thread-3/WARN]: Incorrect key -----------------PLATEAU_BIOMES--------------------.neutral_neutral was corrected from null to its default, regions_unexplored:highland_fields. 
[19:18:06] [Thread-3/WARN]: Incorrect key -----------------PLATEAU_BIOMES--------------------.neutral_wet was corrected from null to its default, regions_unexplored:highland_fields. 
[19:18:06] [Thread-3/WARN]: Incorrect key -----------------PLATEAU_BIOMES--------------------.neutral_humid was corrected from null to its default, regions_unexplored:blackwood_taiga. 
[19:18:06] [Thread-3/WARN]: Incorrect key -----------------PLATEAU_BIOMES--------------------.warm_arid was corrected from null to its default, regions_unexplored:barley_fields. 
[19:18:06] [Thread-3/WARN]: Incorrect key -----------------PLATEAU_BIOMES--------------------.warm_dry was corrected from null to its default, regions_unexplored:deciduous_forest. 
[19:18:06] [Thread-3/WARN]: Incorrect key -----------------PLATEAU_BIOMES--------------------.warm_neutral was corrected from null to its default, regions_unexplored:deciduous_forest. 
[19:18:06] [Thread-3/WARN]: Incorrect key -----------------PLATEAU_BIOMES--------------------.warm_wet was corrected from null to its default, regions_unexplored:redwoods. 
[19:18:06] [Thread-3/WARN]: Incorrect key -----------------PLATEAU_BIOMES--------------------.warm_humid was corrected from null to its default, regions_unexplored:redwoods. 
[19:18:06] [Thread-3/WARN]: Incorrect key -----------------PLATEAU_BIOMES--------------------.hot_arid was corrected from null to its default, regions_unexplored:steppe. 
[19:18:06] [Thread-3/WARN]: Incorrect key -----------------PLATEAU_BIOMES--------------------.hot_dry was corrected from null to its default, regions_unexplored:steppe. 
[19:18:06] [Thread-3/WARN]: Incorrect key -----------------PLATEAU_BIOMES--------------------.hot_neutral was corrected from null to its default, regions_unexplored:saguaro_desert. 
[19:18:06] [Thread-3/WARN]: Incorrect key -----------------PLATEAU_BIOMES--------------------.hot_wet was corrected from null to its default, regions_unexplored:eucalyptus_forest. 
[19:18:06] [Thread-3/WARN]: Incorrect key -----------------PLATEAU_BIOMES--------------------.hot_humid was corrected from null to its default, regions_unexplored:eucalyptus_forest. 
[19:18:06] [Thread-3/WARN]: Incorrect key -----------------PLATEAU_BIOMES_VARIANT-------------------- was corrected from null to its default, SimpleCommentedConfig:{}. 
[19:18:06] [Thread-3/WARN]: Incorrect key -----------------PLATEAU_BIOMES_VARIANT--------------------.icy_arid was corrected from null to its default, regions_unexplored:icy_heights. 
[19:18:06] [Thread-3/WARN]: Incorrect key -----------------PLATEAU_BIOMES_VARIANT--------------------.icy_dry was corrected from null to its default, regions_unexplored:icy_heights. 
[19:18:06] [Thread-3/WARN]: Incorrect key -----------------PLATEAU_BIOMES_VARIANT--------------------.icy_neutral was corrected from null to its default, regions_unexplored:icy_heights. 
[19:18:06] [Thread-3/WARN]: Incorrect key -----------------PLATEAU_BIOMES_VARIANT--------------------.icy_wet was corrected from null to its default, regions_unexplored:icy_heights. 
[19:18:06] [Thread-3/WARN]: Incorrect key -----------------PLATEAU_BIOMES_VARIANT--------------------.icy_humid was corrected from null to its default, regions_unexplored:spires. 
[19:18:06] [Thread-3/WARN]: Incorrect key -----------------PLATEAU_BIOMES_VARIANT--------------------.cool_arid was corrected from null to its default, regions_unexplored:autumnal_maple_forest. 
[19:18:06] [Thread-3/WARN]: Incorrect key -----------------PLATEAU_BIOMES_VARIANT--------------------.cool_dry was corrected from null to its default, regions_unexplored:autumnal_maple_forest. 
[19:18:06] [Thread-3/WARN]: Incorrect key -----------------PLATEAU_BIOMES_VARIANT--------------------.cool_neutral was corrected from null to its default, regions_unexplored:maple_forest. 
[19:18:06] [Thread-3/WARN]: Incorrect key -----------------PLATEAU_BIOMES_VARIANT--------------------.cool_wet was corrected from null to its default, regions_unexplored:boreal_taiga. 
[19:18:06] [Thread-3/WARN]: Incorrect key -----------------PLATEAU_BIOMES_VARIANT--------------------.cool_humid was corrected from null to its default, regions_unexplored:golden_boreal_taiga. 
[19:18:06] [Thread-3/WARN]: Incorrect key -----------------PLATEAU_BIOMES_VARIANT--------------------.neutral_arid was corrected from null to its default, regions_unexplored:orchard. 
[19:18:06] [Thread-3/WARN]: Incorrect key -----------------PLATEAU_BIOMES_VARIANT--------------------.neutral_dry was corrected from null to its default, regions_unexplored:highland_fields. 
[19:18:06] [Thread-3/WARN]: Incorrect key -----------------PLATEAU_BIOMES_VARIANT--------------------.neutral_neutral was corrected from null to its default, regions_unexplored:temperate_grove. 
[19:18:06] [Thread-3/WARN]: Incorrect key -----------------PLATEAU_BIOMES_VARIANT--------------------.neutral_wet was corrected from null to its default, regions_unexplored:pine_taiga. 
[19:18:06] [Thread-3/WARN]: Incorrect key -----------------PLATEAU_BIOMES_VARIANT--------------------.neutral_humid was corrected from null to its default, regions_unexplored:blackwood_taiga. 
[19:18:06] [Thread-3/WARN]: Incorrect key -----------------PLATEAU_BIOMES_VARIANT--------------------.warm_arid was corrected from null to its default, regions_unexplored:deciduous_forest. 
[19:18:06] [Thread-3/WARN]: Incorrect key -----------------PLATEAU_BIOMES_VARIANT--------------------.warm_dry was corrected from null to its default, regions_unexplored:deciduous_forest. 
[19:18:06] [Thread-3/WARN]: Incorrect key -----------------PLATEAU_BIOMES_VARIANT--------------------.warm_neutral was corrected from null to its default, regions_unexplored:deciduous_forest. 
[19:18:06] [Thread-3/WARN]: Incorrect key -----------------PLATEAU_BIOMES_VARIANT--------------------.warm_wet was corrected from null to its default, regions_unexplored:redwoods. 
[19:18:06] [Thread-3/WARN]: Incorrect key -----------------PLATEAU_BIOMES_VARIANT--------------------.warm_humid was corrected from null to its default, regions_unexplored:sparse_redwoods. 
[19:18:06] [Thread-3/WARN]: Incorrect key -----------------PLATEAU_BIOMES_VARIANT--------------------.hot_arid was corrected from null to its default, regions_unexplored:steppe. 
[19:18:06] [Thread-3/WARN]: Incorrect key -----------------PLATEAU_BIOMES_VARIANT--------------------.hot_dry was corrected from null to its default, regions_unexplored:steppe. 
[19:18:06] [Thread-3/WARN]: Incorrect key -----------------PLATEAU_BIOMES_VARIANT--------------------.hot_neutral was corrected from null to its default, regions_unexplored:saguaro_desert. 
[19:18:06] [Thread-3/WARN]: Incorrect key -----------------PLATEAU_BIOMES_VARIANT--------------------.hot_wet was corrected from null to its default, regions_unexplored:eucalyptus_forest. 
[19:18:06] [Thread-3/WARN]: Incorrect key -----------------PLATEAU_BIOMES_VARIANT--------------------.hot_humid was corrected from null to its default, regions_unexplored:eucalyptus_forest. 
[19:18:06] [Thread-3/WARN]: Incorrect key -----------------SHATTERED_BIOMES-------------------- was corrected from null to its default, SimpleCommentedConfig:{}. 
[19:18:06] [Thread-3/WARN]: Incorrect key -----------------SHATTERED_BIOMES--------------------.icy_arid was corrected from null to its default, regions_unexplored:icy_heights. 
[19:18:06] [Thread-3/WARN]: Incorrect key -----------------SHATTERED_BIOMES--------------------.icy_dry was corrected from null to its default, regions_unexplored:icy_heights. 
[19:18:06] [Thread-3/WARN]: Incorrect key -----------------SHATTERED_BIOMES--------------------.icy_neutral was corrected from null to its default, regions_unexplored:icy_heights. 
[19:18:06] [Thread-3/WARN]: Incorrect key -----------------SHATTERED_BIOMES--------------------.icy_wet was corrected from null to its default, regions_unexplored:icy_heights. 
[19:18:06] [Thread-3/WARN]: Incorrect key -----------------SHATTERED_BIOMES--------------------.icy_humid was corrected from null to its default, regions_unexplored:icy_heights. 
[19:18:06] [Thread-3/WARN]: Incorrect key -----------------SHATTERED_BIOMES--------------------.cool_arid was corrected from null to its default, regions_unexplored:towering_cliffs. 
[19:18:06] [Thread-3/WARN]: Incorrect key -----------------SHATTERED_BIOMES--------------------.cool_dry was corrected from null to its default, regions_unexplored:towering_cliffs. 
[19:18:06] [Thread-3/WARN]: Incorrect key -----------------SHATTERED_BIOMES--------------------.cool_neutral was corrected from null to its default, regions_unexplored:towering_cliffs. 
[19:18:06] [Thread-3/WARN]: Incorrect key -----------------SHATTERED_BIOMES--------------------.cool_wet was corrected from null to its default, regions_unexplored:towering_cliffs. 
[19:18:06] [Thread-3/WARN]: Incorrect key -----------------SHATTERED_BIOMES--------------------.cool_humid was corrected from null to its default, regions_unexplored:towering_cliffs. 
[19:18:06] [Thread-3/WARN]: Incorrect key -----------------SHATTERED_BIOMES--------------------.neutral_arid was corrected from null to its default, regions_unexplored:towering_cliffs. 
[19:18:06] [Thread-3/WARN]: Incorrect key -----------------SHATTERED_BIOMES--------------------.neutral_dry was corrected from null to its default, regions_unexplored:towering_cliffs. 
[19:18:06] [Thread-3/WARN]: Incorrect key -----------------SHATTERED_BIOMES--------------------.neutral_neutral was corrected from null to its default, regions_unexplored:towering_cliffs. 
[19:18:06] [Thread-3/WARN]: Incorrect key -----------------SHATTERED_BIOMES--------------------.neutral_wet was corrected from null to its default, regions_unexplored:towering_cliffs. 
[19:18:06] [Thread-3/WARN]: Incorrect key -----------------SHATTERED_BIOMES--------------------.neutral_humid was corrected from null to its default, regions_unexplored:towering_cliffs. 
[19:18:06] [Thread-3/WARN]: Incorrect key -----------------SHATTERED_BIOMES--------------------.warm_arid was corrected from null to its default, regions_unexplored:barley_fields. 
[19:18:06] [Thread-3/WARN]: Incorrect key -----------------SHATTERED_BIOMES--------------------.warm_dry was corrected from null to its default, regions_unexplored:deciduous_forest. 
[19:18:06] [Thread-3/WARN]: Incorrect key -----------------SHATTERED_BIOMES--------------------.warm_neutral was corrected from null to its default, regions_unexplored:deciduous_forest. 
[19:18:06] [Thread-3/WARN]: Incorrect key -----------------SHATTERED_BIOMES--------------------.warm_wet was corrected from null to its default, regions_unexplored:sparse_redwoods. 
[19:18:06] [Thread-3/WARN]: Incorrect key -----------------SHATTERED_BIOMES--------------------.warm_humid was corrected from null to its default, regions_unexplored:sparse_redwoods. 
[19:18:06] [Thread-3/WARN]: Incorrect key -----------------SHATTERED_BIOMES--------------------.hot_arid was corrected from null to its default, regions_unexplored:steppe. 
[19:18:06] [Thread-3/WARN]: Incorrect key -----------------SHATTERED_BIOMES--------------------.hot_dry was corrected from null to its default, regions_unexplored:steppe. 
[19:18:06] [Thread-3/WARN]: Incorrect key -----------------SHATTERED_BIOMES--------------------.hot_neutral was corrected from null to its default, regions_unexplored:saguaro_desert. 
[19:18:06] [Thread-3/WARN]: Incorrect key -----------------SHATTERED_BIOMES--------------------.hot_wet was corrected from null to its default, regions_unexplored:eucalyptus_forest. 
[19:18:06] [Thread-3/WARN]: Incorrect key -----------------SHATTERED_BIOMES--------------------.hot_humid was corrected from null to its default, regions_unexplored:eucalyptus_forest. 
[19:18:06] [Thread-3/WARN]: Incorrect key -----------------SLOPE_BIOMES-------------------- was corrected from null to its default, SimpleCommentedConfig:{}. 
[19:18:06] [Thread-3/WARN]: Incorrect key -----------------SLOPE_BIOMES--------------------.icy_slope_biome was corrected from null to its default, minecraft:snowy_slopes. 
[19:18:06] [Thread-3/WARN]: Incorrect key -----------------SLOPE_BIOMES--------------------.cold_slope_biome was corrected from null to its default, minecraft:grove. 
[19:18:06] [Thread-3/WARN]: Incorrect key -----------------SLOPE_BIOMES--------------------.neutral_slope_biome was corrected from null to its default, regions_unexplored:pine_slopes. 
[19:18:06] [Thread-3/WARN]: Incorrect key -----------------SLOPE_BIOMES--------------------.warm_slope_biome was corrected from null to its default, regions_unexplored:deciduous_forest. 
[19:18:06] [Thread-3/WARN]: Incorrect key -----------------SLOPE_BIOMES--------------------.hot_slope_biome was corrected from null to its default, regions_unexplored:eucalyptus_forest. 
[19:18:06] [Thread-3/WARN]: Incorrect key -----------------SLOPE_BIOMES--------------------.icy_slope_biome_variant was corrected from null to its default, regions_unexplored:cold_deciduous_forest. 
[19:18:06] [Thread-3/WARN]: Incorrect key -----------------SLOPE_BIOMES--------------------.cold_slope_biome_variant was corrected from null to its default, regions_unexplored:pine_slopes. 
[19:18:06] [Thread-3/WARN]: Incorrect key -----------------SLOPE_BIOMES--------------------.neutral_slope_biome_variant was corrected from null to its default, regions_unexplored:pine_slopes. 
[19:18:06] [Thread-3/WARN]: Incorrect key -----------------SLOPE_BIOMES--------------------.warm_slope_biome_variant was corrected from null to its default, regions_unexplored:deciduous_forest. 
[19:18:06] [Thread-3/WARN]: Incorrect key -----------------SLOPE_BIOMES--------------------.hot_slope_biome_variant was corrected from null to its default, regions_unexplored:eucalyptus_forest. 
[19:18:06] [Thread-3/WARN]: Incorrect key -----------------PEAK_BIOMES-------------------- was corrected from null to its default, SimpleCommentedConfig:{}. 
[19:18:06] [Thread-3/WARN]: Incorrect key -----------------PEAK_BIOMES--------------------.icy_peak_biome was corrected from null to its default, minecraft:frozen_peaks. 
[19:18:06] [Thread-3/WARN]: Incorrect key -----------------PEAK_BIOMES--------------------.cold_peak_biome was corrected from null to its default, minecraft:jagged_peaks. 
[19:18:06] [Thread-3/WARN]: Incorrect key -----------------PEAK_BIOMES--------------------.neutral_peak_biome was corrected from null to its default, regions_unexplored:mountains. 
[19:18:06] [Thread-3/WARN]: Incorrect key -----------------PEAK_BIOMES--------------------.warm_peak_biome was corrected from null to its default, minecraft:stony_peaks. 
[19:18:06] [Thread-3/WARN]: Incorrect key -----------------PEAK_BIOMES--------------------.hot_peak_biome was corrected from null to its default, regions_unexplored:arid_mountains. 
[19:18:06] [Thread-3/WARN]: Incorrect key -----------------PEAK_BIOMES--------------------.icy_peak_biome_variant was corrected from null to its default, minecraft:jagged_peaks. 
[19:18:06] [Thread-3/WARN]: Incorrect key -----------------PEAK_BIOMES--------------------.cold_peak_biome_variant was corrected from null to its default, regions_unexplored:mountains. 
[19:18:06] [Thread-3/WARN]: Incorrect key -----------------PEAK_BIOMES--------------------.neutral_peak_biome_variant was corrected from null to its default, regions_unexplored:mountains. 
[19:18:06] [Thread-3/WARN]: Incorrect key -----------------PEAK_BIOMES--------------------.warm_peak_biome_variant was corrected from null to its default, minecraft:stony_peaks. 
[19:18:06] [Thread-3/WARN]: Incorrect key -----------------PEAK_BIOMES--------------------.hot_peak_biome_variant was corrected from null to its default, regions_unexplored:arid_mountains. 
[19:18:06] [Thread-3/WARN]: Incorrect key -----------------RIVER_BIOMES-------------------- was corrected from null to its default, SimpleCommentedConfig:{}. 
[19:18:06] [Thread-3/WARN]: Incorrect key -----------------RIVER_BIOMES--------------------.icy_arid was corrected from null to its default, minecraft:frozen_river. 
[19:18:06] [Thread-3/WARN]: Incorrect key -----------------RIVER_BIOMES--------------------.icy_dry was corrected from null to its default, minecraft:frozen_river. 
[19:18:06] [Thread-3/WARN]: Incorrect key -----------------RIVER_BIOMES--------------------.icy_neutral was corrected from null to its default, minecraft:frozen_river. 
[19:18:06] [Thread-3/WARN]: Incorrect key -----------------RIVER_BIOMES--------------------.icy_wet was corrected from null to its default, minecraft:frozen_river. 
[19:18:06] [Thread-3/WARN]: Incorrect key -----------------RIVER_BIOMES--------------------.icy_humid was corrected from null to its default, regions_unexplored:cold_river. 
[19:18:06] [Thread-3/WARN]: Incorrect key -----------------RIVER_BIOMES--------------------.cool_arid was corrected from null to its default, regions_unexplored:cold_river. 
[19:18:06] [Thread-3/WARN]: Incorrect key -----------------RIVER_BIOMES--------------------.cool_dry was corrected from null to its default, regions_unexplored:cold_river. 
[19:18:06] [Thread-3/WARN]: Incorrect key -----------------RIVER_BIOMES--------------------.cool_neutral was corrected from null to its default, regions_unexplored:muddy_river. 
[19:18:06] [Thread-3/WARN]: Incorrect key -----------------RIVER_BIOMES--------------------.cool_wet was corrected from null to its default, regions_unexplored:muddy_river. 
[19:18:06] [Thread-3/WARN]: Incorrect key -----------------RIVER_BIOMES--------------------.cool_humid was corrected from null to its default, regions_unexplored:muddy_river. 
[19:18:06] [Thread-3/WARN]: Incorrect key -----------------RIVER_BIOMES--------------------.neutral_arid was corrected from null to its default, minecraft:river. 
[19:18:06] [Thread-3/WARN]: Incorrect key -----------------RIVER_BIOMES--------------------.neutral_dry was corrected from null to its default, minecraft:river. 
[19:18:06] [Thread-3/WARN]: Incorrect key -----------------RIVER_BIOMES--------------------.neutral_neutral was corrected from null to its default, minecraft:river. 
[19:18:06] [Thread-3/WARN]: Incorrect key -----------------RIVER_BIOMES--------------------.neutral_wet was corrected from null to its default, minecraft:river. 
[19:18:06] [Thread-3/WARN]: Incorrect key -----------------RIVER_BIOMES--------------------.neutral_humid was corrected from null to its default, regions_unexplored:blackwood_taiga. 
[19:18:06] [Thread-3/WARN]: Incorrect key -----------------RIVER_BIOMES--------------------.warm_arid was corrected from null to its default, minecraft:river. 
[19:18:06] [Thread-3/WARN]: Incorrect key -----------------RIVER_BIOMES--------------------.warm_dry was corrected from null to its default, minecraft:river. 
[19:18:06] [Thread-3/WARN]: Incorrect key -----------------RIVER_BIOMES--------------------.warm_neutral was corrected from null to its default, minecraft:river. 
[19:18:06] [Thread-3/WARN]: Incorrect key -----------------RIVER_BIOMES--------------------.warm_wet was corrected from null to its default, minecraft:river. 
[19:18:06] [Thread-3/WARN]: Incorrect key -----------------RIVER_BIOMES--------------------.warm_humid was corrected from null to its default, minecraft:river. 
[19:18:06] [Thread-3/WARN]: Incorrect key -----------------RIVER_BIOMES--------------------.hot_arid was corrected from null to its default, minecraft:river. 
[19:18:06] [Thread-3/WARN]: Incorrect key -----------------RIVER_BIOMES--------------------.hot_dry was corrected from null to its default, minecraft:river. 
[19:18:06] [Thread-3/WARN]: Incorrect key -----------------RIVER_BIOMES--------------------.hot_neutral was corrected from null to its default, regions_unexplored:tropical_river. 
[19:18:06] [Thread-3/WARN]: Incorrect key -----------------RIVER_BIOMES--------------------.hot_wet was corrected from null to its default, regions_unexplored:tropical_river. 
[19:18:06] [Thread-3/WARN]: Incorrect key -----------------RIVER_BIOMES--------------------.hot_humid was corrected from null to its default, regions_unexplored:tropical_river. 
[19:18:06] [Thread-3/WARN]: Incorrect key -----------------RIVER_BIOMES_VARIANT-------------------- was corrected from null to its default, SimpleCommentedConfig:{}. 
[19:18:06] [Thread-3/WARN]: Incorrect key -----------------RIVER_BIOMES_VARIANT--------------------.icy_arid was corrected from null to its default, minecraft:frozen_river. 
[19:18:06] [Thread-3/WARN]: Incorrect key -----------------RIVER_BIOMES_VARIANT--------------------.icy_dry was corrected from null to its default, minecraft:frozen_river. 
[19:18:06] [Thread-3/WARN]: Incorrect key -----------------RIVER_BIOMES_VARIANT--------------------.icy_neutral was corrected from null to its default, minecraft:frozen_river. 
[19:18:06] [Thread-3/WARN]: Incorrect key -----------------RIVER_BIOMES_VARIANT--------------------.icy_wet was corrected from null to its default, minecraft:frozen_river. 
[19:18:06] [Thread-3/WARN]: Incorrect key -----------------RIVER_BIOMES_VARIANT--------------------.icy_humid was corrected from null to its default, regions_unexplored:cold_river. 
[19:18:06] [Thread-3/WARN]: Incorrect key -----------------RIVER_BIOMES_VARIANT--------------------.cool_arid was corrected from null to its default, regions_unexplored:cold_river. 
[19:18:06] [Thread-3/WARN]: Incorrect key -----------------RIVER_BIOMES_VARIANT--------------------.cool_dry was corrected from null to its default, regions_unexplored:cold_river. 
[19:18:06] [Thread-3/WARN]: Incorrect key -----------------RIVER_BIOMES_VARIANT--------------------.cool_neutral was corrected from null to its default, regions_unexplored:muddy_river. 
[19:18:06] [Thread-3/WARN]: Incorrect key -----------------RIVER_BIOMES_VARIANT--------------------.cool_wet was corrected from null to its default, regions_unexplored:muddy_river. 
[19:18:06] [Thread-3/WARN]: Incorrect key -----------------RIVER_BIOMES_VARIANT--------------------.cool_humid was corrected from null to its default, regions_unexplored:muddy_river. 
[19:18:06] [Thread-3/WARN]: Incorrect key -----------------RIVER_BIOMES_VARIANT--------------------.neutral_arid was corrected from null to its default, minecraft:river. 
[19:18:06] [Thread-3/WARN]: Incorrect key -----------------RIVER_BIOMES_VARIANT--------------------.neutral_dry was corrected from null to its default, minecraft:river. 
[19:18:06] [Thread-3/WARN]: Incorrect key -----------------RIVER_BIOMES_VARIANT--------------------.neutral_neutral was corrected from null to its default, minecraft:river. 
[19:18:06] [Thread-3/WARN]: Incorrect key -----------------RIVER_BIOMES_VARIANT--------------------.neutral_wet was corrected from null to its default, minecraft:river. 
[19:18:06] [Thread-3/WARN]: Incorrect key -----------------RIVER_BIOMES_VARIANT--------------------.neutral_humid was corrected from null to its default, regions_unexplored:blackwood_taiga. 
[19:18:06] [Thread-3/WARN]: Incorrect key -----------------RIVER_BIOMES_VARIANT--------------------.warm_arid was corrected from null to its default, minecraft:river. 
[19:18:06] [Thread-3/WARN]: Incorrect key -----------------RIVER_BIOMES_VARIANT--------------------.warm_dry was corrected from null to its default, minecraft:river. 
[19:18:06] [Thread-3/WARN]: Incorrect key -----------------RIVER_BIOMES_VARIANT--------------------.warm_neutral was corrected from null to its default, minecraft:river. 
[19:18:06] [Thread-3/WARN]: Incorrect key -----------------RIVER_BIOMES_VARIANT--------------------.warm_wet was corrected from null to its default, minecraft:river. 
[19:18:06] [Thread-3/WARN]: Incorrect key -----------------RIVER_BIOMES_VARIANT--------------------.warm_humid was corrected from null to its default, minecraft:river. 
[19:18:06] [Thread-3/WARN]: Incorrect key -----------------RIVER_BIOMES_VARIANT--------------------.hot_arid was corrected from null to its default, minecraft:river. 
[19:18:06] [Thread-3/WARN]: Incorrect key -----------------RIVER_BIOMES_VARIANT--------------------.hot_dry was corrected from null to its default, minecraft:river. 
[19:18:06] [Thread-3/WARN]: Incorrect key -----------------RIVER_BIOMES_VARIANT--------------------.hot_neutral was corrected from null to its default, regions_unexplored:tropical_river. 
[19:18:06] [Thread-3/WARN]: Incorrect key -----------------RIVER_BIOMES_VARIANT--------------------.hot_wet was corrected from null to its default, regions_unexplored:tropical_river. 
[19:18:06] [Thread-3/WARN]: Incorrect key -----------------RIVER_BIOMES_VARIANT--------------------.hot_humid was corrected from null to its default, regions_unexplored:tropical_river. 
[19:18:06] [Thread-3/WARN]: Incorrect key -----------------SWAMP_BIOMES-------------------- was corrected from null to its default, SimpleCommentedConfig:{}. 
[19:18:06] [Thread-3/WARN]: Incorrect key -----------------SWAMP_BIOMES--------------------.icy_arid was corrected from null to its default, regions_unexplored:spires. 
[19:18:06] [Thread-3/WARN]: Incorrect key -----------------SWAMP_BIOMES--------------------.icy_dry was corrected from null to its default, regions_unexplored:spires. 
[19:18:06] [Thread-3/WARN]: Incorrect key -----------------SWAMP_BIOMES--------------------.icy_neutral was corrected from null to its default, regions_unexplored:spires. 
[19:18:06] [Thread-3/WARN]: Incorrect key -----------------SWAMP_BIOMES--------------------.icy_wet was corrected from null to its default, regions_unexplored:spires. 
[19:18:06] [Thread-3/WARN]: Incorrect key -----------------SWAMP_BIOMES--------------------.icy_humid was corrected from null to its default, regions_unexplored:spires. 
[19:18:06] [Thread-3/WARN]: Incorrect key -----------------SWAMP_BIOMES--------------------.cool_arid was corrected from null to its default, regions_unexplored:fen. 
[19:18:06] [Thread-3/WARN]: Incorrect key -----------------SWAMP_BIOMES--------------------.cool_dry was corrected from null to its default, regions_unexplored:fen. 
[19:18:06] [Thread-3/WARN]: Incorrect key -----------------SWAMP_BIOMES--------------------.cool_neutral was corrected from null to its default, regions_unexplored:fen. 
[19:18:06] [Thread-3/WARN]: Incorrect key -----------------SWAMP_BIOMES--------------------.cool_wet was corrected from null to its default, regions_unexplored:fen. 
[19:18:06] [Thread-3/WARN]: Incorrect key -----------------SWAMP_BIOMES--------------------.cool_humid was corrected from null to its default, regions_unexplored:fen. 
[19:18:06] [Thread-3/WARN]: Incorrect key -----------------SWAMP_BIOMES--------------------.neutral_arid was corrected from null to its default, regions_unexplored:old_growth_bayou. 
[19:18:06] [Thread-3/WARN]: Incorrect key -----------------SWAMP_BIOMES--------------------.neutral_dry was corrected from null to its default, regions_unexplored:bayou. 
[19:18:06] [Thread-3/WARN]: Incorrect key -----------------SWAMP_BIOMES--------------------.neutral_neutral was corrected from null to its default, regions_unexplored:bayou. 
[19:18:06] [Thread-3/WARN]: Incorrect key -----------------SWAMP_BIOMES--------------------.neutral_wet was corrected from null to its default, regions_unexplored:bayou. 
[19:18:06] [Thread-3/WARN]: Incorrect key -----------------SWAMP_BIOMES--------------------.neutral_humid was corrected from null to its default, regions_unexplored:old_growth_bayou. 
[19:18:06] [Thread-3/WARN]: Incorrect key -----------------SWAMP_BIOMES--------------------.warm_arid was corrected from null to its default, regions_unexplored:marsh. 
[19:18:06] [Thread-3/WARN]: Incorrect key -----------------SWAMP_BIOMES--------------------.warm_dry was corrected from null to its default, regions_unexplored:marsh. 
[19:18:06] [Thread-3/WARN]: Incorrect key -----------------SWAMP_BIOMES--------------------.warm_neutral was corrected from null to its default, regions_unexplored:marsh. 
[19:18:06] [Thread-3/WARN]: Incorrect key -----------------SWAMP_BIOMES--------------------.warm_wet was corrected from null to its default, regions_unexplored:marsh. 
[19:18:06] [Thread-3/WARN]: Incorrect key -----------------SWAMP_BIOMES--------------------.warm_humid was corrected from null to its default, regions_unexplored:marsh. 
[19:18:06] [Thread-3/WARN]: Incorrect key -----------------SWAMP_BIOMES--------------------.hot_arid was corrected from null to its default, regions_unexplored:fungal_fen. 
[19:18:06] [Thread-3/WARN]: Incorrect key -----------------SWAMP_BIOMES--------------------.hot_dry was corrected from null to its default, regions_unexplored:fungal_fen. 
[19:18:06] [Thread-3/WARN]: Incorrect key -----------------SWAMP_BIOMES--------------------.hot_neutral was corrected from null to its default, regions_unexplored:fungal_fen. 
[19:18:06] [Thread-3/WARN]: Incorrect key -----------------SWAMP_BIOMES--------------------.hot_wet was corrected from null to its default, regions_unexplored:fungal_fen. 
[19:18:06] [Thread-3/WARN]: Incorrect key -----------------SWAMP_BIOMES--------------------.hot_humid was corrected from null to its default, regions_unexplored:fungal_fen. 
[19:18:06] [Thread-3/WARN]: Incorrect key -----------------OCEAN_BIOMES-------------------- was corrected from null to its default, SimpleCommentedConfig:{}. 
[19:18:06] [Thread-3/WARN]: Incorrect key -----------------OCEAN_BIOMES--------------------.deep_icy was corrected from null to its default, regions_unexplored:hyacinth_deeps. 
[19:18:06] [Thread-3/WARN]: Incorrect key -----------------OCEAN_BIOMES--------------------.deep_cool was corrected from null to its default, minecraft:deep_cold_ocean. 
[19:18:06] [Thread-3/WARN]: Incorrect key -----------------OCEAN_BIOMES--------------------.deep_neutral was corrected from null to its default, minecraft:deep_ocean. 
[19:18:06] [Thread-3/WARN]: Incorrect key -----------------OCEAN_BIOMES--------------------.deep_warm was corrected from null to its default, minecraft:deep_lukewarm_ocean. 
[19:18:06] [Thread-3/WARN]: Incorrect key -----------------OCEAN_BIOMES--------------------.deep_hot was corrected from null to its default, minecraft:warm_ocean. 
[19:18:06] [Thread-3/WARN]: Incorrect key -----------------OCEAN_BIOMES--------------------.icy was corrected from null to its default, minecraft:frozen_ocean. 
[19:18:06] [Thread-3/WARN]: Incorrect key -----------------OCEAN_BIOMES--------------------.cool was corrected from null to its default, minecraft:cold_ocean. 
[19:18:06] [Thread-3/WARN]: Incorrect key -----------------OCEAN_BIOMES--------------------.neutral was corrected from null to its default, minecraft:ocean. 
[19:18:06] [Thread-3/WARN]: Incorrect key -----------------OCEAN_BIOMES--------------------.warm was corrected from null to its default, minecraft:lukewarm_ocean. 
[19:18:06] [Thread-3/WARN]: Incorrect key -----------------OCEAN_BIOMES--------------------.hot was corrected from null to its default, regions_unexplored:rocky_reef. 
[19:18:06] [Thread-3/WARN]: Incorrect key -----------------SHORE_BIOMES-------------------- was corrected from null to its default, SimpleCommentedConfig:{}. 
[19:18:06] [Thread-3/WARN]: Incorrect key -----------------SHORE_BIOMES--------------------.icy_beach_biome was corrected from null to its default, minecraft:snowy_beach. 
[19:18:06] [Thread-3/WARN]: Incorrect key -----------------SHORE_BIOMES--------------------.cold_beach_biome was corrected from null to its default, regions_unexplored:gravel_beach. 
[19:18:06] [Thread-3/WARN]: Incorrect key -----------------SHORE_BIOMES--------------------.neutral_beach_biome was corrected from null to its default, regions_unexplored:grassy_beach. 
[19:18:06] [Thread-3/WARN]: Incorrect key -----------------SHORE_BIOMES--------------------.warm_beach_biome was corrected from null to its default, regions_unexplored:grassy_beach. 
[19:18:06] [Thread-3/WARN]: Incorrect key -----------------SHORE_BIOMES--------------------.hot_beach_biome was corrected from null to its default, minecraft:beach. 
[19:18:06] [Thread-3/WARN]: Incorrect key -----------------SHORE_BIOMES--------------------.cold_stone_beach_biome was corrected from null to its default, minecraft:stony_shore. 
[19:18:06] [Thread-3/WARN]: Incorrect key -----------------SHORE_BIOMES--------------------.hot_stone_beach_biome was corrected from null to its default, regions_unexplored:chalk_cliffs. 
[19:18:06] [Thread-3/WARN]: Incorrect key -----------------UNDERGROUND_BIOMES-------------------- was corrected from null to its default, SimpleCommentedConfig:{}. 
[19:18:06] [Thread-3/WARN]: Incorrect key -----------------UNDERGROUND_BIOMES--------------------.cave_1_biome was corrected from null to its default, minecraft:lush_caves. 
[19:18:06] [Thread-3/WARN]: Incorrect key -----------------UNDERGROUND_BIOMES--------------------.cave_2_biome was corrected from null to its default, minecraft:dripstone_caves. 
[19:18:06] [Thread-3/WARN]: Incorrect key -----------------UNDERGROUND_BIOMES--------------------.cave_3_biome was corrected from null to its default, minecraft:deep_dark. 
[19:18:06] [Thread-3/WARN]: Incorrect key -----------------UNDERGROUND_BIOMES--------------------.cave_4_biome was corrected from null to its default, regions_unexplored:bioshroom_caves. 
[19:18:06] [Thread-3/WARN]: Incorrect key -----------------UNDERGROUND_BIOMES--------------------.cave_5_biome was corrected from null to its default, regions_unexplored:ancient_delta. 
[19:18:06] [Thread-3/WARN]: Incorrect key -----------------UNDERGROUND_BIOMES--------------------.cave_6_biome was corrected from null to its default, regions_unexplored:prismachasm. 
[19:18:06] [Thread-3/WARN]: Incorrect key -----------------UNDERGROUND_BIOMES--------------------.cave_7_biome was corrected from null to its default, regions_unexplored:redstone_caves. 
[19:18:06] [Thread-3/WARN]: Incorrect key -----------------UNDERGROUND_BIOMES--------------------.cave_8_biome was corrected from null to its default, regions_unexplored:scorching_caves. 
[19:18:06] [Thread-3/WARN]: Incorrect key -----------------ISLAND_BIOMES-------------------- was corrected from null to its default, SimpleCommentedConfig:{}. 
[19:18:06] [Thread-3/WARN]: Incorrect key -----------------ISLAND_BIOMES--------------------.icy_island_biome was corrected from null to its default, regions_unexplored:alpha_grove. 
[19:18:06] [Thread-3/WARN]: Incorrect key -----------------ISLAND_BIOMES--------------------.cool_island_biome was corrected from null to its default, regions_unexplored:alpha_grove. 
[19:18:06] [Thread-3/WARN]: Incorrect key -----------------ISLAND_BIOMES--------------------.neutral_island_biome was corrected from null to its default, regions_unexplored:ashen_woodland. 
[19:18:06] [Thread-3/WARN]: Incorrect key -----------------ISLAND_BIOMES--------------------.warm_island_biome was corrected from null to its default, regions_unexplored:tropics. 
[19:18:06] [Thread-3/WARN]: Incorrect key -----------------ISLAND_BIOMES--------------------.hot_island_biome was corrected from null to its default, regions_unexplored:tropics. 
[19:18:06] [Thread-3/WARN]: Incorrect key -----------------OTHER_BIOMES-------------------- was corrected from null to its default, SimpleCommentedConfig:{}. 
[19:18:06] [Thread-3/WARN]: Incorrect key -----------------OTHER_BIOMES--------------------.shattered_cliff_biome was corrected from null to its default, regions_unexplored:towering_cliffs. 
[19:18:06] [main/INFO]: Registering Eldritch End compat Items for simplyswords
[19:18:06] [main/INFO]: [STDOUT]: Copied from /data/simplyswords/safeload_recipes/eldritch_end/dreadtide.json to /data/simplyswords/recipes/eldritch_end/dreadtide.json
[19:18:06] [main/INFO]: [STDOUT]: /workspaces/CraftCoso/servidor_minecraft/config
[19:18:06] [main/INFO]: Hello Fabric world!
[19:18:06] [Thread-3/WARN]: Configuration file /workspaces/CraftCoso/servidor_minecraft/./config/regions_unexplored/regions_unexplored-primary-region.toml is not correct. Correcting
[19:18:06] [Thread-3/WARN]: Incorrect key -----------------MIDDLE_BIOMES-------------------- was corrected from null to its default, SimpleCommentedConfig:{}. 
[19:18:06] [Thread-3/WARN]: Incorrect key -----------------MIDDLE_BIOMES--------------------.icy_arid was corrected from null to its default, regions_unexplored:frozen_tundra. 
[19:18:06] [Thread-3/WARN]: Incorrect key -----------------MIDDLE_BIOMES--------------------.icy_dry was corrected from null to its default, regions_unexplored:frozen_tundra. 
[19:18:06] [Thread-3/WARN]: Incorrect key -----------------MIDDLE_BIOMES--------------------.icy_neutral was corrected from null to its default, regions_unexplored:frozen_pine_taiga. 
[19:18:06] [Thread-3/WARN]: Incorrect key -----------------MIDDLE_BIOMES--------------------.icy_wet was corrected from null to its default, regions_unexplored:cold_boreal_taiga. 
[19:18:06] [Thread-3/WARN]: Incorrect key -----------------MIDDLE_BIOMES--------------------.icy_humid was corrected from null to its default, regions_unexplored:cold_boreal_taiga. 
[19:18:06] [Thread-3/WARN]: Incorrect key -----------------MIDDLE_BIOMES--------------------.cool_arid was corrected from null to its default, regions_unexplored:pumpkin_fields. 
[19:18:06] [Thread-3/WARN]: Incorrect key -----------------MIDDLE_BIOMES--------------------.cool_dry was corrected from null to its default, regions_unexplored:autumnal_maple_forest. 
[19:18:06] [Thread-3/WARN]: Incorrect key -----------------MIDDLE_BIOMES--------------------.cool_neutral was corrected from null to its default, regions_unexplored:maple_forest. 
[19:18:06] [Thread-3/WARN]: Incorrect key -----------------MIDDLE_BIOMES--------------------.cool_wet was corrected from null to its default, regions_unexplored:boreal_taiga. 
[19:18:06] [Thread-3/WARN]: Incorrect key -----------------MIDDLE_BIOMES--------------------.cool_humid was corrected from null to its default, regions_unexplored:boreal_taiga. 
[19:18:06] [Thread-3/WARN]: Incorrect key -----------------MIDDLE_BIOMES--------------------.neutral_arid was corrected from null to its default, regions_unexplored:orchard. 
[19:18:06] [Thread-3/WARN]: Incorrect key -----------------MIDDLE_BIOMES--------------------.neutral_dry was corrected from null to its default, regions_unexplored:shrubland. 
[19:18:06] [Thread-3/WARN]: Incorrect key -----------------MIDDLE_BIOMES--------------------.neutral_neutral was corrected from null to its default, regions_unexplored:temperate_grove. 
[19:18:06] [Thread-3/WARN]: Incorrect key -----------------MIDDLE_BIOMES--------------------.neutral_wet was corrected from null to its default, regions_unexplored:pine_taiga. 
[19:18:06] [Thread-3/WARN]: Incorrect key -----------------MIDDLE_BIOMES--------------------.neutral_humid was corrected from null to its default, regions_unexplored:blackwood_taiga. 
[19:18:06] [Thread-3/WARN]: Incorrect key -----------------MIDDLE_BIOMES--------------------.warm_arid was corrected from null to its default, regions_unexplored:barley_fields. 
[19:18:06] [Thread-3/WARN]: Incorrect key -----------------MIDDLE_BIOMES--------------------.warm_dry was corrected from null to its default, regions_unexplored:prairie. 
[19:18:06] [Thread-3/WARN]: Incorrect key -----------------MIDDLE_BIOMES--------------------.warm_neutral was corrected from null to its default, regions_unexplored:grassland. 
[19:18:06] [Thread-3/WARN]: Incorrect key -----------------MIDDLE_BIOMES--------------------.warm_wet was corrected from null to its default, regions_unexplored:redwoods. 
[19:18:06] [Thread-3/WARN]: Incorrect key -----------------MIDDLE_BIOMES--------------------.warm_humid was corrected from null to its default, regions_unexplored:redwoods. 
[19:18:06] [Thread-3/WARN]: Incorrect key -----------------MIDDLE_BIOMES--------------------.hot_arid was corrected from null to its default, regions_unexplored:baobab_savanna. 
[19:18:06] [Thread-3/WARN]: Incorrect key -----------------MIDDLE_BIOMES--------------------.hot_dry was corrected from null to its default, regions_unexplored:baobab_savanna. 
[19:18:06] [Thread-3/WARN]: Incorrect key -----------------MIDDLE_BIOMES--------------------.hot_neutral was corrected from null to its default, regions_unexplored:saguaro_desert. 
[19:18:06] [Thread-3/WARN]: Incorrect key -----------------MIDDLE_BIOMES--------------------.hot_wet was corrected from null to its default, regions_unexplored:outback. 
[19:18:06] [Thread-3/WARN]: Incorrect key -----------------MIDDLE_BIOMES--------------------.hot_humid was corrected from null to its default, regions_unexplored:eucalyptus_forest. 
[19:18:06] [Thread-3/WARN]: Incorrect key -----------------MIDDLE_BIOMES_VARIANT-------------------- was corrected from null to its default, SimpleCommentedConfig:{}. 
[19:18:06] [Thread-3/WARN]: Incorrect key -----------------MIDDLE_BIOMES_VARIANT--------------------.icy_arid was corrected from null to its default, regions_unexplored:frozen_pine_taiga. 
[19:18:06] [Thread-3/WARN]: Incorrect key -----------------MIDDLE_BIOMES_VARIANT--------------------.icy_dry was corrected from null to its default, regions_unexplored:frozen_tundra. 
[19:18:06] [Thread-3/WARN]: Incorrect key -----------------MIDDLE_BIOMES_VARIANT--------------------.icy_neutral was corrected from null to its default, regions_unexplored:frozen_tundra. 
[19:18:06] [Thread-3/WARN]: Incorrect key -----------------MIDDLE_BIOMES_VARIANT--------------------.icy_wet was corrected from null to its default, regions_unexplored:cold_boreal_taiga. 
[19:18:06] [Thread-3/WARN]: Incorrect key -----------------MIDDLE_BIOMES_VARIANT--------------------.icy_humid was corrected from null to its default, regions_unexplored:spires. 
[19:18:06] [Thread-3/WARN]: Incorrect key -----------------MIDDLE_BIOMES_VARIANT--------------------.cool_arid was corrected from null to its default, regions_unexplored:autumnal_maple_forest. 
[19:18:06] [Thread-3/WARN]: Incorrect key -----------------MIDDLE_BIOMES_VARIANT--------------------.cool_dry was corrected from null to its default, regions_unexplored:autumnal_maple_forest. 
[19:18:06] [Thread-3/WARN]: Incorrect key -----------------MIDDLE_BIOMES_VARIANT--------------------.cool_neutral was corrected from null to its default, regions_unexplored:maple_forest. 
[19:18:06] [Thread-3/WARN]: Incorrect key -----------------MIDDLE_BIOMES_VARIANT--------------------.cool_wet was corrected from null to its default, regions_unexplored:boreal_taiga. 
[19:18:06] [Thread-3/WARN]: Incorrect key -----------------MIDDLE_BIOMES_VARIANT--------------------.cool_humid was corrected from null to its default, regions_unexplored:golden_boreal_taiga. 
[19:18:06] [Thread-3/WARN]: Incorrect key -----------------MIDDLE_BIOMES_VARIANT--------------------.neutral_arid was corrected from null to its default, regions_unexplored:orchard. 
[19:18:06] [Thread-3/WARN]: Incorrect key -----------------MIDDLE_BIOMES_VARIANT--------------------.neutral_dry was corrected from null to its default, regions_unexplored:shrubland. 
[19:18:06] [Thread-3/WARN]: Incorrect key -----------------MIDDLE_BIOMES_VARIANT--------------------.neutral_neutral was corrected from null to its default, regions_unexplored:temperate_grove. 
[19:18:06] [Thread-3/WARN]: Incorrect key -----------------MIDDLE_BIOMES_VARIANT--------------------.neutral_wet was corrected from null to its default, regions_unexplored:pine_taiga. 
[19:18:06] [Thread-3/WARN]: Incorrect key -----------------MIDDLE_BIOMES_VARIANT--------------------.neutral_humid was corrected from null to its default, regions_unexplored:blackwood_taiga. 
[19:18:06] [Thread-3/WARN]: Incorrect key -----------------MIDDLE_BIOMES_VARIANT--------------------.warm_arid was corrected from null to its default, regions_unexplored:prairie. 
[19:18:06] [Thread-3/WARN]: Incorrect key -----------------MIDDLE_BIOMES_VARIANT--------------------.warm_dry was corrected from null to its default, regions_unexplored:deciduous_forest. 
[19:18:06] [Thread-3/WARN]: Incorrect key -----------------MIDDLE_BIOMES_VARIANT--------------------.warm_neutral was corrected from null to its default, regions_unexplored:grassland. 
[19:18:06] [Thread-3/WARN]: Incorrect key -----------------MIDDLE_BIOMES_VARIANT--------------------.warm_wet was corrected from null to its default, regions_unexplored:redwoods. 
[19:18:06] [Thread-3/WARN]: Incorrect key -----------------MIDDLE_BIOMES_VARIANT--------------------.warm_humid was corrected from null to its default, regions_unexplored:sparse_redwoods. 
[19:18:06] [Thread-3/WARN]: Incorrect key -----------------MIDDLE_BIOMES_VARIANT--------------------.hot_arid was corrected from null to its default, regions_unexplored:baobab_savanna. 
[19:18:06] [Thread-3/WARN]: Incorrect key -----------------MIDDLE_BIOMES_VARIANT--------------------.hot_dry was corrected from null to its default, regions_unexplored:baobab_savanna. 
[19:18:06] [Thread-3/WARN]: Incorrect key -----------------MIDDLE_BIOMES_VARIANT--------------------.hot_neutral was corrected from null to its default, regions_unexplored:saguaro_desert. 
[19:18:06] [Thread-3/WARN]: Incorrect key -----------------MIDDLE_BIOMES_VARIANT--------------------.hot_wet was corrected from null to its default, regions_unexplored:outback. 
[19:18:06] [Thread-3/WARN]: Incorrect key -----------------MIDDLE_BIOMES_VARIANT--------------------.hot_humid was corrected from null to its default, regions_unexplored:eucalyptus_forest. 
[19:18:06] [Thread-3/WARN]: Incorrect key -----------------PLATEAU_BIOMES-------------------- was corrected from null to its default, SimpleCommentedConfig:{}. 
[19:18:06] [Thread-3/WARN]: Incorrect key -----------------PLATEAU_BIOMES--------------------.icy_arid was corrected from null to its default, regions_unexplored:icy_heights. 
[19:18:06] [Thread-3/WARN]: Incorrect key -----------------PLATEAU_BIOMES--------------------.icy_dry was corrected from null to its default, regions_unexplored:icy_heights. 
[19:18:06] [Thread-3/WARN]: Incorrect key -----------------PLATEAU_BIOMES--------------------.icy_neutral was corrected from null to its default, regions_unexplored:icy_heights. 
[19:18:06] [Thread-3/WARN]: Incorrect key -----------------PLATEAU_BIOMES--------------------.icy_wet was corrected from null to its default, regions_unexplored:icy_heights. 
[19:18:06] [Thread-3/WARN]: Incorrect key -----------------PLATEAU_BIOMES--------------------.icy_humid was corrected from null to its default, regions_unexplored:cold_boreal_taiga. 
[19:18:06] [Thread-3/WARN]: Incorrect key -----------------PLATEAU_BIOMES--------------------.cool_arid was corrected from null to its default, regions_unexplored:autumnal_maple_forest. 
[19:18:06] [Thread-3/WARN]: Incorrect key -----------------PLATEAU_BIOMES--------------------.cool_dry was corrected from null to its default, regions_unexplored:autumnal_maple_forest. 
[19:18:06] [Thread-3/WARN]: Incorrect key -----------------PLATEAU_BIOMES--------------------.cool_neutral was corrected from null to its default, regions_unexplored:maple_forest. 
[19:18:06] [Thread-3/WARN]: Incorrect key -----------------PLATEAU_BIOMES--------------------.cool_wet was corrected from null to its default, regions_unexplored:boreal_taiga. 
[19:18:06] [Thread-3/WARN]: Incorrect key -----------------PLATEAU_BIOMES--------------------.cool_humid was corrected from null to its default, regions_unexplored:boreal_taiga. 
[19:18:06] [Thread-3/WARN]: Incorrect key -----------------PLATEAU_BIOMES--------------------.neutral_arid was corrected from null to its default, regions_unexplored:highland_fields. 
[19:18:06] [Thread-3/WARN]: Incorrect key -----------------PLATEAU_BIOMES--------------------.neutral_dry was corrected from null to its default, regions_unexplored:highland_fields. 
[19:18:06] [Thread-3/WARN]: Incorrect key -----------------PLATEAU_BIOMES--------------------.neutral_neutral was corrected from null to its default, regions_unexplored:highland_fields. 
[19:18:06] [Thread-3/WARN]: Incorrect key -----------------PLATEAU_BIOMES--------------------.neutral_wet was corrected from null to its default, regions_unexplored:highland_fields. 
[19:18:06] [Thread-3/WARN]: Incorrect key -----------------PLATEAU_BIOMES--------------------.neutral_humid was corrected from null to its default, regions_unexplored:blackwood_taiga. 
[19:18:06] [Thread-3/WARN]: Incorrect key -----------------PLATEAU_BIOMES--------------------.warm_arid was corrected from null to its default, regions_unexplored:barley_fields. 
[19:18:06] [Thread-3/WARN]: Incorrect key -----------------PLATEAU_BIOMES--------------------.warm_dry was corrected from null to its default, regions_unexplored:deciduous_forest. 
[19:18:06] [Thread-3/WARN]: Incorrect key -----------------PLATEAU_BIOMES--------------------.warm_neutral was corrected from null to its default, regions_unexplored:deciduous_forest. 
[19:18:06] [Thread-3/WARN]: Incorrect key -----------------PLATEAU_BIOMES--------------------.warm_wet was corrected from null to its default, regions_unexplored:redwoods. 
[19:18:06] [Thread-3/WARN]: Incorrect key -----------------PLATEAU_BIOMES--------------------.warm_humid was corrected from null to its default, regions_unexplored:redwoods. 
[19:18:06] [Thread-3/WARN]: Incorrect key -----------------PLATEAU_BIOMES--------------------.hot_arid was corrected from null to its default, regions_unexplored:steppe. 
[19:18:06] [Thread-3/WARN]: Incorrect key -----------------PLATEAU_BIOMES--------------------.hot_dry was corrected from null to its default, regions_unexplored:steppe. 
[19:18:06] [Thread-3/WARN]: Incorrect key -----------------PLATEAU_BIOMES--------------------.hot_neutral was corrected from null to its default, regions_unexplored:saguaro_desert. 
[19:18:06] [Thread-3/WARN]: Incorrect key -----------------PLATEAU_BIOMES--------------------.hot_wet was corrected from null to its default, regions_unexplored:eucalyptus_forest. 
[19:18:06] [Thread-3/WARN]: Incorrect key -----------------PLATEAU_BIOMES--------------------.hot_humid was corrected from null to its default, regions_unexplored:eucalyptus_forest. 
[19:18:06] [Thread-3/WARN]: Incorrect key -----------------PLATEAU_BIOMES_VARIANT-------------------- was corrected from null to its default, SimpleCommentedConfig:{}. 
[19:18:06] [Thread-3/WARN]: Incorrect key -----------------PLATEAU_BIOMES_VARIANT--------------------.icy_arid was corrected from null to its default, regions_unexplored:icy_heights. 
[19:18:06] [Thread-3/WARN]: Incorrect key -----------------PLATEAU_BIOMES_VARIANT--------------------.icy_dry was corrected from null to its default, regions_unexplored:icy_heights. 
[19:18:06] [Thread-3/WARN]: Incorrect key -----------------PLATEAU_BIOMES_VARIANT--------------------.icy_neutral was corrected from null to its default, regions_unexplored:icy_heights. 
[19:18:06] [Thread-3/WARN]: Incorrect key -----------------PLATEAU_BIOMES_VARIANT--------------------.icy_wet was corrected from null to its default, regions_unexplored:icy_heights. 
[19:18:06] [Thread-3/WARN]: Incorrect key -----------------PLATEAU_BIOMES_VARIANT--------------------.icy_humid was corrected from null to its default, regions_unexplored:spires. 
[19:18:06] [Thread-3/WARN]: Incorrect key -----------------PLATEAU_BIOMES_VARIANT--------------------.cool_arid was corrected from null to its default, regions_unexplored:autumnal_maple_forest. 
[19:18:06] [Thread-3/WARN]: Incorrect key -----------------PLATEAU_BIOMES_VARIANT--------------------.cool_dry was corrected from null to its default, regions_unexplored:autumnal_maple_forest. 
[19:18:06] [Thread-3/WARN]: Incorrect key -----------------PLATEAU_BIOMES_VARIANT--------------------.cool_neutral was corrected from null to its default, regions_unexplored:maple_forest. 
[19:18:06] [Thread-3/WARN]: Incorrect key -----------------PLATEAU_BIOMES_VARIANT--------------------.cool_wet was corrected from null to its default, regions_unexplored:boreal_taiga. 
[19:18:06] [Thread-3/WARN]: Incorrect key -----------------PLATEAU_BIOMES_VARIANT--------------------.cool_humid was corrected from null to its default, regions_unexplored:golden_boreal_taiga. 
[19:18:06] [Thread-3/WARN]: Incorrect key -----------------PLATEAU_BIOMES_VARIANT--------------------.neutral_arid was corrected from null to its default, regions_unexplored:orchard. 
[19:18:06] [Thread-3/WARN]: Incorrect key -----------------PLATEAU_BIOMES_VARIANT--------------------.neutral_dry was corrected from null to its default, regions_unexplored:highland_fields. 
[19:18:06] [Thread-3/WARN]: Incorrect key -----------------PLATEAU_BIOMES_VARIANT--------------------.neutral_neutral was corrected from null to its default, regions_unexplored:temperate_grove. 
[19:18:06] [Thread-3/WARN]: Incorrect key -----------------PLATEAU_BIOMES_VARIANT--------------------.neutral_wet was corrected from null to its default, regions_unexplored:pine_taiga. 
[19:18:06] [Thread-3/WARN]: Incorrect key -----------------PLATEAU_BIOMES_VARIANT--------------------.neutral_humid was corrected from null to its default, regions_unexplored:blackwood_taiga. 
[19:18:06] [Thread-3/WARN]: Incorrect key -----------------PLATEAU_BIOMES_VARIANT--------------------.warm_arid was corrected from null to its default, regions_unexplored:deciduous_forest. 
[19:18:06] [Thread-3/WARN]: Incorrect key -----------------PLATEAU_BIOMES_VARIANT--------------------.warm_dry was corrected from null to its default, regions_unexplored:deciduous_forest. 
[19:18:06] [Thread-3/WARN]: Incorrect key -----------------PLATEAU_BIOMES_VARIANT--------------------.warm_neutral was corrected from null to its default, regions_unexplored:deciduous_forest. 
[19:18:06] [Thread-3/WARN]: Incorrect key -----------------PLATEAU_BIOMES_VARIANT--------------------.warm_wet was corrected from null to its default, regions_unexplored:redwoods. 
[19:18:06] [Thread-3/WARN]: Incorrect key -----------------PLATEAU_BIOMES_VARIANT--------------------.warm_humid was corrected from null to its default, regions_unexplored:sparse_redwoods. 
[19:18:06] [Thread-3/WARN]: Incorrect key -----------------PLATEAU_BIOMES_VARIANT--------------------.hot_arid was corrected from null to its default, regions_unexplored:steppe. 
[19:18:06] [Thread-3/WARN]: Incorrect key -----------------PLATEAU_BIOMES_VARIANT--------------------.hot_dry was corrected from null to its default, regions_unexplored:steppe. 
[19:18:06] [Thread-3/WARN]: Incorrect key -----------------PLATEAU_BIOMES_VARIANT--------------------.hot_neutral was corrected from null to its default, regions_unexplored:saguaro_desert. 
[19:18:06] [Thread-3/WARN]: Incorrect key -----------------PLATEAU_BIOMES_VARIANT--------------------.hot_wet was corrected from null to its default, regions_unexplored:eucalyptus_forest. 
[19:18:06] [Thread-3/WARN]: Incorrect key -----------------PLATEAU_BIOMES_VARIANT--------------------.hot_humid was corrected from null to its default, regions_unexplored:eucalyptus_forest. 
[19:18:06] [Thread-3/WARN]: Incorrect key -----------------SHATTERED_BIOMES-------------------- was corrected from null to its default, SimpleCommentedConfig:{}. 
[19:18:06] [Thread-3/WARN]: Incorrect key -----------------SHATTERED_BIOMES--------------------.icy_arid was corrected from null to its default, regions_unexplored:icy_heights. 
[19:18:06] [Thread-3/WARN]: Incorrect key -----------------SHATTERED_BIOMES--------------------.icy_dry was corrected from null to its default, regions_unexplored:icy_heights. 
[19:18:06] [Thread-3/WARN]: Incorrect key -----------------SHATTERED_BIOMES--------------------.icy_neutral was corrected from null to its default, regions_unexplored:icy_heights. 
[19:18:06] [Thread-3/WARN]: Incorrect key -----------------SHATTERED_BIOMES--------------------.icy_wet was corrected from null to its default, regions_unexplored:icy_heights. 
[19:18:06] [Thread-3/WARN]: Incorrect key -----------------SHATTERED_BIOMES--------------------.icy_humid was corrected from null to its default, regions_unexplored:icy_heights. 
[19:18:06] [Thread-3/WARN]: Incorrect key -----------------SHATTERED_BIOMES--------------------.cool_arid was corrected from null to its default, regions_unexplored:towering_cliffs. 
[19:18:06] [Thread-3/WARN]: Incorrect key -----------------SHATTERED_BIOMES--------------------.cool_dry was corrected from null to its default, regions_unexplored:towering_cliffs. 
[19:18:06] [Thread-3/WARN]: Incorrect key -----------------SHATTERED_BIOMES--------------------.cool_neutral was corrected from null to its default, regions_unexplored:towering_cliffs. 
[19:18:06] [Thread-3/WARN]: Incorrect key -----------------SHATTERED_BIOMES--------------------.cool_wet was corrected from null to its default, regions_unexplored:towering_cliffs. 
[19:18:06] [Thread-3/WARN]: Incorrect key -----------------SHATTERED_BIOMES--------------------.cool_humid was corrected from null to its default, regions_unexplored:towering_cliffs. 
[19:18:06] [Thread-3/WARN]: Incorrect key -----------------SHATTERED_BIOMES--------------------.neutral_arid was corrected from null to its default, regions_unexplored:towering_cliffs. 
[19:18:06] [Thread-3/WARN]: Incorrect key -----------------SHATTERED_BIOMES--------------------.neutral_dry was corrected from null to its default, regions_unexplored:towering_cliffs. 
[19:18:06] [Thread-3/WARN]: Incorrect key -----------------SHATTERED_BIOMES--------------------.neutral_neutral was corrected from null to its default, regions_unexplored:towering_cliffs. 
[19:18:06] [Thread-3/WARN]: Incorrect key -----------------SHATTERED_BIOMES--------------------.neutral_wet was corrected from null to its default, regions_unexplored:towering_cliffs. 
[19:18:06] [Thread-3/WARN]: Incorrect key -----------------SHATTERED_BIOMES--------------------.neutral_humid was corrected from null to its default, regions_unexplored:towering_cliffs. 
[19:18:06] [Thread-3/WARN]: Incorrect key -----------------SHATTERED_BIOMES--------------------.warm_arid was corrected from null to its default, regions_unexplored:barley_fields. 
[19:18:06] [Thread-3/WARN]: Incorrect key -----------------SHATTERED_BIOMES--------------------.warm_dry was corrected from null to its default, regions_unexplored:deciduous_forest. 
[19:18:06] [Thread-3/WARN]: Incorrect key -----------------SHATTERED_BIOMES--------------------.warm_neutral was corrected from null to its default, regions_unexplored:deciduous_forest. 
[19:18:06] [Thread-3/WARN]: Incorrect key -----------------SHATTERED_BIOMES--------------------.warm_wet was corrected from null to its default, regions_unexplored:sparse_redwoods. 
[19:18:06] [Thread-3/WARN]: Incorrect key -----------------SHATTERED_BIOMES--------------------.warm_humid was corrected from null to its default, regions_unexplored:sparse_redwoods. 
[19:18:06] [Thread-3/WARN]: Incorrect key -----------------SHATTERED_BIOMES--------------------.hot_arid was corrected from null to its default, regions_unexplored:steppe. 
[19:18:06] [Thread-3/WARN]: Incorrect key -----------------SHATTERED_BIOMES--------------------.hot_dry was corrected from null to its default, regions_unexplored:steppe. 
[19:18:06] [Thread-3/WARN]: Incorrect key -----------------SHATTERED_BIOMES--------------------.hot_neutral was corrected from null to its default, regions_unexplored:saguaro_desert. 
[19:18:06] [Thread-3/WARN]: Incorrect key -----------------SHATTERED_BIOMES--------------------.hot_wet was corrected from null to its default, regions_unexplored:eucalyptus_forest. 
[19:18:06] [Thread-3/WARN]: Incorrect key -----------------SHATTERED_BIOMES--------------------.hot_humid was corrected from null to its default, regions_unexplored:eucalyptus_forest. 
[19:18:06] [main/INFO]: Loading Configs for Sortilege
[19:18:06] [Thread-3/WARN]: Incorrect key -----------------SLOPE_BIOMES-------------------- was corrected from null to its default, SimpleCommentedConfig:{}. 
[19:18:06] [Thread-3/WARN]: Incorrect key -----------------SLOPE_BIOMES--------------------.icy_slope_biome was corrected from null to its default, minecraft:snowy_slopes. 
[19:18:06] [Thread-3/WARN]: Incorrect key -----------------SLOPE_BIOMES--------------------.cold_slope_biome was corrected from null to its default, minecraft:grove. 
[19:18:06] [Thread-3/WARN]: Incorrect key -----------------SLOPE_BIOMES--------------------.neutral_slope_biome was corrected from null to its default, regions_unexplored:pine_slopes. 
[19:18:06] [Thread-3/WARN]: Incorrect key -----------------SLOPE_BIOMES--------------------.warm_slope_biome was corrected from null to its default, regions_unexplored:deciduous_forest. 
[19:18:06] [Thread-3/WARN]: Incorrect key -----------------SLOPE_BIOMES--------------------.hot_slope_biome was corrected from null to its default, regions_unexplored:eucalyptus_forest. 
[19:18:06] [Thread-3/WARN]: Incorrect key -----------------SLOPE_BIOMES--------------------.icy_slope_biome_variant was corrected from null to its default, regions_unexplored:cold_deciduous_forest. 
[19:18:06] [Thread-3/WARN]: Incorrect key -----------------SLOPE_BIOMES--------------------.cold_slope_biome_variant was corrected from null to its default, regions_unexplored:pine_slopes. 
[19:18:06] [Thread-3/WARN]: Incorrect key -----------------SLOPE_BIOMES--------------------.neutral_slope_biome_variant was corrected from null to its default, regions_unexplored:pine_slopes. 
[19:18:06] [Thread-3/WARN]: Incorrect key -----------------SLOPE_BIOMES--------------------.warm_slope_biome_variant was corrected from null to its default, regions_unexplored:deciduous_forest. 
[19:18:06] [Thread-3/WARN]: Incorrect key -----------------SLOPE_BIOMES--------------------.hot_slope_biome_variant was corrected from null to its default, regions_unexplored:eucalyptus_forest. 
[19:18:06] [Thread-3/WARN]: Incorrect key -----------------PEAK_BIOMES-------------------- was corrected from null to its default, SimpleCommentedConfig:{}. 
[19:18:06] [Thread-3/WARN]: Incorrect key -----------------PEAK_BIOMES--------------------.icy_peak_biome was corrected from null to its default, minecraft:frozen_peaks. 
[19:18:06] [Thread-3/WARN]: Incorrect key -----------------PEAK_BIOMES--------------------.cold_peak_biome was corrected from null to its default, minecraft:jagged_peaks. 
[19:18:06] [Thread-3/WARN]: Incorrect key -----------------PEAK_BIOMES--------------------.neutral_peak_biome was corrected from null to its default, regions_unexplored:mountains. 
[19:18:06] [Thread-3/WARN]: Incorrect key -----------------PEAK_BIOMES--------------------.warm_peak_biome was corrected from null to its default, minecraft:stony_peaks. 
[19:18:06] [Thread-3/WARN]: Incorrect key -----------------PEAK_BIOMES--------------------.hot_peak_biome was corrected from null to its default, regions_unexplored:arid_mountains. 
[19:18:06] [Thread-3/WARN]: Incorrect key -----------------PEAK_BIOMES--------------------.icy_peak_biome_variant was corrected from null to its default, minecraft:jagged_peaks. 
[19:18:06] [Thread-3/WARN]: Incorrect key -----------------PEAK_BIOMES--------------------.cold_peak_biome_variant was corrected from null to its default, regions_unexplored:mountains. 
[19:18:06] [Thread-3/WARN]: Incorrect key -----------------PEAK_BIOMES--------------------.neutral_peak_biome_variant was corrected from null to its default, regions_unexplored:mountains. 
[19:18:06] [Thread-3/WARN]: Incorrect key -----------------PEAK_BIOMES--------------------.warm_peak_biome_variant was corrected from null to its default, minecraft:stony_peaks. 
[19:18:06] [Thread-3/WARN]: Incorrect key -----------------PEAK_BIOMES--------------------.hot_peak_biome_variant was corrected from null to its default, regions_unexplored:arid_mountains. 
[19:18:06] [Thread-3/WARN]: Incorrect key -----------------RIVER_BIOMES-------------------- was corrected from null to its default, SimpleCommentedConfig:{}. 
[19:18:06] [Thread-3/WARN]: Incorrect key -----------------RIVER_BIOMES--------------------.icy_arid was corrected from null to its default, minecraft:frozen_river. 
[19:18:06] [Thread-3/WARN]: Incorrect key -----------------RIVER_BIOMES--------------------.icy_dry was corrected from null to its default, minecraft:frozen_river. 
[19:18:06] [Thread-3/WARN]: Incorrect key -----------------RIVER_BIOMES--------------------.icy_neutral was corrected from null to its default, minecraft:frozen_river. 
[19:18:06] [Thread-3/WARN]: Incorrect key -----------------RIVER_BIOMES--------------------.icy_wet was corrected from null to its default, minecraft:frozen_river. 
[19:18:06] [Thread-3/WARN]: Incorrect key -----------------RIVER_BIOMES--------------------.icy_humid was corrected from null to its default, regions_unexplored:cold_river. 
[19:18:06] [Thread-3/WARN]: Incorrect key -----------------RIVER_BIOMES--------------------.cool_arid was corrected from null to its default, regions_unexplored:cold_river. 
[19:18:06] [main/INFO]: Couldn't find config value for path : "[death, glowing_killer]", defaulting to true
[19:18:06] [Thread-3/WARN]: Incorrect key -----------------RIVER_BIOMES--------------------.cool_dry was corrected from null to its default, regions_unexplored:cold_river. 
[19:18:06] [Thread-3/WARN]: Incorrect key -----------------RIVER_BIOMES--------------------.cool_neutral was corrected from null to its default, regions_unexplored:muddy_river. 
[19:18:06] [Thread-3/WARN]: Incorrect key -----------------RIVER_BIOMES--------------------.cool_wet was corrected from null to its default, regions_unexplored:muddy_river. 
[19:18:06] [Thread-3/WARN]: Incorrect key -----------------RIVER_BIOMES--------------------.cool_humid was corrected from null to its default, regions_unexplored:muddy_river. 
[19:18:06] [Thread-3/WARN]: Incorrect key -----------------RIVER_BIOMES--------------------.neutral_arid was corrected from null to its default, minecraft:river. 
[19:18:06] [Thread-3/WARN]: Incorrect key -----------------RIVER_BIOMES--------------------.neutral_dry was corrected from null to its default, minecraft:river. 
[19:18:06] [Thread-3/WARN]: Incorrect key -----------------RIVER_BIOMES--------------------.neutral_neutral was corrected from null to its default, minecraft:river. 
[19:18:06] [Thread-3/WARN]: Incorrect key -----------------RIVER_BIOMES--------------------.neutral_wet was corrected from null to its default, minecraft:river. 
[19:18:06] [Thread-3/WARN]: Incorrect key -----------------RIVER_BIOMES--------------------.neutral_humid was corrected from null to its default, regions_unexplored:blackwood_taiga. 
[19:18:06] [Thread-3/WARN]: Incorrect key -----------------RIVER_BIOMES--------------------.warm_arid was corrected from null to its default, minecraft:river. 
[19:18:06] [Thread-3/WARN]: Incorrect key -----------------RIVER_BIOMES--------------------.warm_dry was corrected from null to its default, minecraft:river. 
[19:18:06] [Thread-3/WARN]: Incorrect key -----------------RIVER_BIOMES--------------------.warm_neutral was corrected from null to its default, minecraft:river. 
[19:18:06] [Thread-3/WARN]: Incorrect key -----------------RIVER_BIOMES--------------------.warm_wet was corrected from null to its default, minecraft:river. 
[19:18:06] [Thread-3/WARN]: Incorrect key -----------------RIVER_BIOMES--------------------.warm_humid was corrected from null to its default, minecraft:river. 
[19:18:06] [Thread-3/WARN]: Incorrect key -----------------RIVER_BIOMES--------------------.hot_arid was corrected from null to its default, minecraft:river. 
[19:18:06] [Thread-3/WARN]: Incorrect key -----------------RIVER_BIOMES--------------------.hot_dry was corrected from null to its default, minecraft:river. 
[19:18:06] [Thread-3/WARN]: Incorrect key -----------------RIVER_BIOMES--------------------.hot_neutral was corrected from null to its default, regions_unexplored:tropical_river. 
[19:18:06] [Thread-3/WARN]: Incorrect key -----------------RIVER_BIOMES--------------------.hot_wet was corrected from null to its default, regions_unexplored:tropical_river. 
[19:18:06] [Thread-3/WARN]: Incorrect key -----------------RIVER_BIOMES--------------------.hot_humid was corrected from null to its default, regions_unexplored:tropical_river. 
[19:18:06] [Thread-3/WARN]: Incorrect key -----------------RIVER_BIOMES_VARIANT-------------------- was corrected from null to its default, SimpleCommentedConfig:{}. 
[19:18:06] [Thread-3/WARN]: Incorrect key -----------------RIVER_BIOMES_VARIANT--------------------.icy_arid was corrected from null to its default, minecraft:frozen_river. 
[19:18:06] [Thread-3/WARN]: Incorrect key -----------------RIVER_BIOMES_VARIANT--------------------.icy_dry was corrected from null to its default, minecraft:frozen_river. 
[19:18:06] [Thread-3/WARN]: Incorrect key -----------------RIVER_BIOMES_VARIANT--------------------.icy_neutral was corrected from null to its default, minecraft:frozen_river. 
[19:18:06] [Thread-3/WARN]: Incorrect key -----------------RIVER_BIOMES_VARIANT--------------------.icy_wet was corrected from null to its default, minecraft:frozen_river. 
[19:18:06] [Thread-3/WARN]: Incorrect key -----------------RIVER_BIOMES_VARIANT--------------------.icy_humid was corrected from null to its default, regions_unexplored:cold_river. 
[19:18:06] [Thread-3/WARN]: Incorrect key -----------------RIVER_BIOMES_VARIANT--------------------.cool_arid was corrected from null to its default, regions_unexplored:cold_river. 
[19:18:06] [Thread-3/WARN]: Incorrect key -----------------RIVER_BIOMES_VARIANT--------------------.cool_dry was corrected from null to its default, regions_unexplored:cold_river. 
[19:18:06] [Thread-3/WARN]: Incorrect key -----------------RIVER_BIOMES_VARIANT--------------------.cool_neutral was corrected from null to its default, regions_unexplored:muddy_river. 
[19:18:06] [Thread-3/WARN]: Incorrect key -----------------RIVER_BIOMES_VARIANT--------------------.cool_wet was corrected from null to its default, regions_unexplored:muddy_river. 
[19:18:06] [Thread-3/WARN]: Incorrect key -----------------RIVER_BIOMES_VARIANT--------------------.cool_humid was corrected from null to its default, regions_unexplored:muddy_river. 
[19:18:06] [Thread-3/WARN]: Incorrect key -----------------RIVER_BIOMES_VARIANT--------------------.neutral_arid was corrected from null to its default, minecraft:river. 
[19:18:06] [Thread-3/WARN]: Incorrect key -----------------RIVER_BIOMES_VARIANT--------------------.neutral_dry was corrected from null to its default, minecraft:river. 
[19:18:06] [Thread-3/WARN]: Incorrect key -----------------RIVER_BIOMES_VARIANT--------------------.neutral_neutral was corrected from null to its default, minecraft:river. 
[19:18:06] [Thread-3/WARN]: Incorrect key -----------------RIVER_BIOMES_VARIANT--------------------.neutral_wet was corrected from null to its default, minecraft:river. 
[19:18:06] [Thread-3/WARN]: Incorrect key -----------------RIVER_BIOMES_VARIANT--------------------.neutral_humid was corrected from null to its default, regions_unexplored:blackwood_taiga. 
[19:18:06] [Thread-3/WARN]: Incorrect key -----------------RIVER_BIOMES_VARIANT--------------------.warm_arid was corrected from null to its default, minecraft:river. 
[19:18:06] [Thread-3/WARN]: Incorrect key -----------------RIVER_BIOMES_VARIANT--------------------.warm_dry was corrected from null to its default, minecraft:river. 
[19:18:06] [Thread-3/WARN]: Incorrect key -----------------RIVER_BIOMES_VARIANT--------------------.warm_neutral was corrected from null to its default, minecraft:river. 
[19:18:06] [Thread-3/WARN]: Incorrect key -----------------RIVER_BIOMES_VARIANT--------------------.warm_wet was corrected from null to its default, minecraft:river. 
[19:18:06] [Thread-3/WARN]: Incorrect key -----------------RIVER_BIOMES_VARIANT--------------------.warm_humid was corrected from null to its default, minecraft:river. 
[19:18:06] [Thread-3/WARN]: Incorrect key -----------------RIVER_BIOMES_VARIANT--------------------.hot_arid was corrected from null to its default, minecraft:river. 
[19:18:06] [Thread-3/WARN]: Incorrect key -----------------RIVER_BIOMES_VARIANT--------------------.hot_dry was corrected from null to its default, minecraft:river. 
[19:18:06] [Thread-3/WARN]: Incorrect key -----------------RIVER_BIOMES_VARIANT--------------------.hot_neutral was corrected from null to its default, regions_unexplored:tropical_river. 
[19:18:06] [Thread-3/WARN]: Incorrect key -----------------RIVER_BIOMES_VARIANT--------------------.hot_wet was corrected from null to its default, regions_unexplored:tropical_river. 
[19:18:06] [Thread-3/WARN]: Incorrect key -----------------RIVER_BIOMES_VARIANT--------------------.hot_humid was corrected from null to its default, regions_unexplored:tropical_river. 
[19:18:06] [Thread-3/WARN]: Incorrect key -----------------SWAMP_BIOMES-------------------- was corrected from null to its default, SimpleCommentedConfig:{}. 
[19:18:06] [Thread-3/WARN]: Incorrect key -----------------SWAMP_BIOMES--------------------.icy_arid was corrected from null to its default, regions_unexplored:spires. 
[19:18:06] [Thread-3/WARN]: Incorrect key -----------------SWAMP_BIOMES--------------------.icy_dry was corrected from null to its default, regions_unexplored:spires. 
[19:18:06] [Thread-3/WARN]: Incorrect key -----------------SWAMP_BIOMES--------------------.icy_neutral was corrected from null to its default, regions_unexplored:spires. 
[19:18:06] [Thread-3/WARN]: Incorrect key -----------------SWAMP_BIOMES--------------------.icy_wet was corrected from null to its default, regions_unexplored:spires. 
[19:18:06] [Thread-3/WARN]: Incorrect key -----------------SWAMP_BIOMES--------------------.icy_humid was corrected from null to its default, regions_unexplored:spires. 
[19:18:06] [Thread-3/WARN]: Incorrect key -----------------SWAMP_BIOMES--------------------.cool_arid was corrected from null to its default, regions_unexplored:fen. 
[19:18:06] [Thread-3/WARN]: Incorrect key -----------------SWAMP_BIOMES--------------------.cool_dry was corrected from null to its default, regions_unexplored:fen. 
[19:18:06] [Thread-3/WARN]: Incorrect key -----------------SWAMP_BIOMES--------------------.cool_neutral was corrected from null to its default, regions_unexplored:fen. 
[19:18:06] [Thread-3/WARN]: Incorrect key -----------------SWAMP_BIOMES--------------------.cool_wet was corrected from null to its default, regions_unexplored:fen. 
[19:18:06] [Thread-3/WARN]: Incorrect key -----------------SWAMP_BIOMES--------------------.cool_humid was corrected from null to its default, regions_unexplored:fen. 
[19:18:06] [Thread-3/WARN]: Incorrect key -----------------SWAMP_BIOMES--------------------.neutral_arid was corrected from null to its default, regions_unexplored:old_growth_bayou. 
[19:18:06] [Thread-3/WARN]: Incorrect key -----------------SWAMP_BIOMES--------------------.neutral_dry was corrected from null to its default, regions_unexplored:bayou. 
[19:18:06] [Thread-3/WARN]: Incorrect key -----------------SWAMP_BIOMES--------------------.neutral_neutral was corrected from null to its default, regions_unexplored:bayou. 
[19:18:06] [Thread-3/WARN]: Incorrect key -----------------SWAMP_BIOMES--------------------.neutral_wet was corrected from null to its default, regions_unexplored:bayou. 
[19:18:06] [Thread-3/WARN]: Incorrect key -----------------SWAMP_BIOMES--------------------.neutral_humid was corrected from null to its default, regions_unexplored:old_growth_bayou. 
[19:18:06] [Thread-3/WARN]: Incorrect key -----------------SWAMP_BIOMES--------------------.warm_arid was corrected from null to its default, regions_unexplored:marsh. 
[19:18:06] [Thread-3/WARN]: Incorrect key -----------------SWAMP_BIOMES--------------------.warm_dry was corrected from null to its default, regions_unexplored:marsh. 
[19:18:06] [Thread-3/WARN]: Incorrect key -----------------SWAMP_BIOMES--------------------.warm_neutral was corrected from null to its default, regions_unexplored:marsh. 
[19:18:06] [Thread-3/WARN]: Incorrect key -----------------SWAMP_BIOMES--------------------.warm_wet was corrected from null to its default, regions_unexplored:marsh. 
[19:18:06] [Thread-3/WARN]: Incorrect key -----------------SWAMP_BIOMES--------------------.warm_humid was corrected from null to its default, regions_unexplored:marsh. 
[19:18:06] [Thread-3/WARN]: Incorrect key -----------------SWAMP_BIOMES--------------------.hot_arid was corrected from null to its default, regions_unexplored:fungal_fen. 
[19:18:06] [Thread-3/WARN]: Incorrect key -----------------SWAMP_BIOMES--------------------.hot_dry was corrected from null to its default, regions_unexplored:fungal_fen. 
[19:18:06] [Thread-3/WARN]: Incorrect key -----------------SWAMP_BIOMES--------------------.hot_neutral was corrected from null to its default, regions_unexplored:fungal_fen. 
[19:18:06] [Thread-3/WARN]: Incorrect key -----------------SWAMP_BIOMES--------------------.hot_wet was corrected from null to its default, regions_unexplored:fungal_fen. 
[19:18:06] [Thread-3/WARN]: Incorrect key -----------------SWAMP_BIOMES--------------------.hot_humid was corrected from null to its default, regions_unexplored:fungal_fen. 
[19:18:06] [Thread-3/WARN]: Incorrect key -----------------OCEAN_BIOMES-------------------- was corrected from null to its default, SimpleCommentedConfig:{}. 
[19:18:06] [Thread-3/WARN]: Incorrect key -----------------OCEAN_BIOMES--------------------.deep_icy was corrected from null to its default, regions_unexplored:hyacinth_deeps. 
[19:18:06] [Thread-3/WARN]: Incorrect key -----------------OCEAN_BIOMES--------------------.deep_cool was corrected from null to its default, minecraft:deep_cold_ocean. 
[19:18:06] [Thread-3/WARN]: Incorrect key -----------------OCEAN_BIOMES--------------------.deep_neutral was corrected from null to its default, minecraft:deep_ocean. 
[19:18:06] [Thread-3/WARN]: Incorrect key -----------------OCEAN_BIOMES--------------------.deep_warm was corrected from null to its default, minecraft:deep_lukewarm_ocean. 
[19:18:06] [Thread-3/WARN]: Incorrect key -----------------OCEAN_BIOMES--------------------.deep_hot was corrected from null to its default, minecraft:warm_ocean. 
[19:18:06] [Thread-3/WARN]: Incorrect key -----------------OCEAN_BIOMES--------------------.icy was corrected from null to its default, minecraft:frozen_ocean. 
[19:18:06] [Thread-3/WARN]: Incorrect key -----------------OCEAN_BIOMES--------------------.cool was corrected from null to its default, minecraft:cold_ocean. 
[19:18:06] [Thread-3/WARN]: Incorrect key -----------------OCEAN_BIOMES--------------------.neutral was corrected from null to its default, minecraft:ocean. 
[19:18:06] [Thread-3/WARN]: Incorrect key -----------------OCEAN_BIOMES--------------------.warm was corrected from null to its default, minecraft:lukewarm_ocean. 
[19:18:06] [Thread-3/WARN]: Incorrect key -----------------OCEAN_BIOMES--------------------.hot was corrected from null to its default, regions_unexplored:rocky_reef. 
[19:18:06] [Thread-3/WARN]: Incorrect key -----------------SHORE_BIOMES-------------------- was corrected from null to its default, SimpleCommentedConfig:{}. 
[19:18:06] [Thread-3/WARN]: Incorrect key -----------------SHORE_BIOMES--------------------.icy_beach_biome was corrected from null to its default, minecraft:snowy_beach. 
[19:18:06] [Thread-3/WARN]: Incorrect key -----------------SHORE_BIOMES--------------------.cold_beach_biome was corrected from null to its default, regions_unexplored:gravel_beach. 
[19:18:06] [Thread-3/WARN]: Incorrect key -----------------SHORE_BIOMES--------------------.neutral_beach_biome was corrected from null to its default, regions_unexplored:grassy_beach. 
[19:18:06] [Thread-3/WARN]: Incorrect key -----------------SHORE_BIOMES--------------------.warm_beach_biome was corrected from null to its default, regions_unexplored:grassy_beach. 
[19:18:06] [Thread-3/WARN]: Incorrect key -----------------SHORE_BIOMES--------------------.hot_beach_biome was corrected from null to its default, minecraft:beach. 
[19:18:06] [Thread-3/WARN]: Incorrect key -----------------SHORE_BIOMES--------------------.cold_stone_beach_biome was corrected from null to its default, minecraft:stony_shore. 
[19:18:06] [Thread-3/WARN]: Incorrect key -----------------SHORE_BIOMES--------------------.hot_stone_beach_biome was corrected from null to its default, regions_unexplored:chalk_cliffs. 
[19:18:06] [Thread-3/WARN]: Incorrect key -----------------UNDERGROUND_BIOMES-------------------- was corrected from null to its default, SimpleCommentedConfig:{}. 
[19:18:06] [Thread-3/WARN]: Incorrect key -----------------UNDERGROUND_BIOMES--------------------.cave_1_biome was corrected from null to its default, minecraft:lush_caves. 
[19:18:06] [Thread-3/WARN]: Incorrect key -----------------UNDERGROUND_BIOMES--------------------.cave_2_biome was corrected from null to its default, minecraft:dripstone_caves. 
[19:18:06] [Thread-3/WARN]: Incorrect key -----------------UNDERGROUND_BIOMES--------------------.cave_3_biome was corrected from null to its default, minecraft:deep_dark. 
[19:18:06] [Thread-3/WARN]: Incorrect key -----------------UNDERGROUND_BIOMES--------------------.cave_4_biome was corrected from null to its default, regions_unexplored:bioshroom_caves. 
[19:18:06] [Thread-3/WARN]: Incorrect key -----------------UNDERGROUND_BIOMES--------------------.cave_5_biome was corrected from null to its default, regions_unexplored:ancient_delta. 
[19:18:06] [Thread-3/WARN]: Incorrect key -----------------UNDERGROUND_BIOMES--------------------.cave_6_biome was corrected from null to its default, regions_unexplored:prismachasm. 
[19:18:06] [Thread-3/WARN]: Incorrect key -----------------UNDERGROUND_BIOMES--------------------.cave_7_biome was corrected from null to its default, regions_unexplored:redstone_caves. 
[19:18:06] [Thread-3/WARN]: Incorrect key -----------------UNDERGROUND_BIOMES--------------------.cave_8_biome was corrected from null to its default, regions_unexplored:scorching_caves. 
[19:18:06] [Thread-3/WARN]: Incorrect key -----------------ISLAND_BIOMES-------------------- was corrected from null to its default, SimpleCommentedConfig:{}. 
[19:18:06] [Thread-3/WARN]: Incorrect key -----------------ISLAND_BIOMES--------------------.icy_island_biome was corrected from null to its default, regions_unexplored:alpha_grove. 
[19:18:06] [Thread-3/WARN]: Incorrect key -----------------ISLAND_BIOMES--------------------.cool_island_biome was corrected from null to its default, regions_unexplored:alpha_grove. 
[19:18:06] [Thread-3/WARN]: Incorrect key -----------------ISLAND_BIOMES--------------------.neutral_island_biome was corrected from null to its default, regions_unexplored:ashen_woodland. 
[19:18:06] [Thread-3/WARN]: Incorrect key -----------------ISLAND_BIOMES--------------------.warm_island_biome was corrected from null to its default, regions_unexplored:tropics. 
[19:18:06] [Thread-3/WARN]: Incorrect key -----------------ISLAND_BIOMES--------------------.hot_island_biome was corrected from null to its default, regions_unexplored:tropics. 
[19:18:06] [Thread-3/WARN]: Incorrect key -----------------OTHER_BIOMES-------------------- was corrected from null to its default, SimpleCommentedConfig:{}. 
[19:18:06] [Thread-3/WARN]: Incorrect key -----------------OTHER_BIOMES--------------------.shattered_cliff_biome was corrected from null to its default, regions_unexplored:towering_cliffs. 
[19:18:06] [Thread-3/WARN]: Configuration file /workspaces/CraftCoso/servidor_minecraft/./config/regions_unexplored/regions_unexplored-primary-region.toml is not correct. Correcting
[19:18:06] [Thread-3/WARN]: Incorrect key -----------------MIDDLE_BIOMES-------------------- was corrected from null to its default, SimpleCommentedConfig:{}. 
[19:18:06] [Thread-3/WARN]: Incorrect key -----------------MIDDLE_BIOMES--------------------.icy_arid was corrected from null to its default, regions_unexplored:frozen_tundra. 
[19:18:06] [Thread-3/WARN]: Incorrect key -----------------MIDDLE_BIOMES--------------------.icy_dry was corrected from null to its default, regions_unexplored:frozen_tundra. 
[19:18:06] [Thread-3/WARN]: Incorrect key -----------------MIDDLE_BIOMES--------------------.icy_neutral was corrected from null to its default, regions_unexplored:frozen_pine_taiga. 
[19:18:06] [Thread-3/WARN]: Incorrect key -----------------MIDDLE_BIOMES--------------------.icy_wet was corrected from null to its default, regions_unexplored:cold_boreal_taiga. 
[19:18:06] [Thread-3/WARN]: Incorrect key -----------------MIDDLE_BIOMES--------------------.icy_humid was corrected from null to its default, regions_unexplored:cold_boreal_taiga. 
[19:18:06] [Thread-3/WARN]: Incorrect key -----------------MIDDLE_BIOMES--------------------.cool_arid was corrected from null to its default, regions_unexplored:pumpkin_fields. 
[19:18:06] [Thread-3/WARN]: Incorrect key -----------------MIDDLE_BIOMES--------------------.cool_dry was corrected from null to its default, regions_unexplored:autumnal_maple_forest. 
[19:18:06] [Thread-3/WARN]: Incorrect key -----------------MIDDLE_BIOMES--------------------.cool_neutral was corrected from null to its default, regions_unexplored:maple_forest. 
[19:18:06] [Thread-3/WARN]: Incorrect key -----------------MIDDLE_BIOMES--------------------.cool_wet was corrected from null to its default, regions_unexplored:boreal_taiga. 
[19:18:06] [Thread-3/WARN]: Incorrect key -----------------MIDDLE_BIOMES--------------------.cool_humid was corrected from null to its default, regions_unexplored:boreal_taiga. 
[19:18:06] [Thread-3/WARN]: Incorrect key -----------------MIDDLE_BIOMES--------------------.neutral_arid was corrected from null to its default, regions_unexplored:orchard. 
[19:18:06] [Thread-3/WARN]: Incorrect key -----------------MIDDLE_BIOMES--------------------.neutral_dry was corrected from null to its default, regions_unexplored:shrubland. 
[19:18:06] [Thread-3/WARN]: Incorrect key -----------------MIDDLE_BIOMES--------------------.neutral_neutral was corrected from null to its default, regions_unexplored:temperate_grove. 
[19:18:06] [Thread-3/WARN]: Incorrect key -----------------MIDDLE_BIOMES--------------------.neutral_wet was corrected from null to its default, regions_unexplored:pine_taiga. 
[19:18:06] [Thread-3/WARN]: Incorrect key -----------------MIDDLE_BIOMES--------------------.neutral_humid was corrected from null to its default, regions_unexplored:blackwood_taiga. 
[19:18:06] [Thread-3/WARN]: Incorrect key -----------------MIDDLE_BIOMES--------------------.warm_arid was corrected from null to its default, regions_unexplored:barley_fields. 
[19:18:06] [Thread-3/WARN]: Incorrect key -----------------MIDDLE_BIOMES--------------------.warm_dry was corrected from null to its default, regions_unexplored:prairie. 
[19:18:06] [Thread-3/WARN]: Incorrect key -----------------MIDDLE_BIOMES--------------------.warm_neutral was corrected from null to its default, regions_unexplored:grassland. 
[19:18:06] [Thread-3/WARN]: Incorrect key -----------------MIDDLE_BIOMES--------------------.warm_wet was corrected from null to its default, regions_unexplored:redwoods. 
[19:18:06] [Thread-3/WARN]: Incorrect key -----------------MIDDLE_BIOMES--------------------.warm_humid was corrected from null to its default, regions_unexplored:redwoods. 
[19:18:06] [Thread-3/WARN]: Incorrect key -----------------MIDDLE_BIOMES--------------------.hot_arid was corrected from null to its default, regions_unexplored:baobab_savanna. 
[19:18:06] [Thread-3/WARN]: Incorrect key -----------------MIDDLE_BIOMES--------------------.hot_dry was corrected from null to its default, regions_unexplored:baobab_savanna. 
[19:18:06] [Thread-3/WARN]: Incorrect key -----------------MIDDLE_BIOMES--------------------.hot_neutral was corrected from null to its default, regions_unexplored:saguaro_desert. 
[19:18:06] [Thread-3/WARN]: Incorrect key -----------------MIDDLE_BIOMES--------------------.hot_wet was corrected from null to its default, regions_unexplored:outback. 
[19:18:06] [Thread-3/WARN]: Incorrect key -----------------MIDDLE_BIOMES--------------------.hot_humid was corrected from null to its default, regions_unexplored:eucalyptus_forest. 
[19:18:06] [Thread-3/WARN]: Incorrect key -----------------MIDDLE_BIOMES_VARIANT-------------------- was corrected from null to its default, SimpleCommentedConfig:{}. 
[19:18:06] [Thread-3/WARN]: Incorrect key -----------------MIDDLE_BIOMES_VARIANT--------------------.icy_arid was corrected from null to its default, regions_unexplored:frozen_pine_taiga. 
[19:18:06] [Thread-3/WARN]: Incorrect key -----------------MIDDLE_BIOMES_VARIANT--------------------.icy_dry was corrected from null to its default, regions_unexplored:frozen_tundra. 
[19:18:06] [Thread-3/WARN]: Incorrect key -----------------MIDDLE_BIOMES_VARIANT--------------------.icy_neutral was corrected from null to its default, regions_unexplored:frozen_tundra. 
[19:18:06] [Thread-3/WARN]: Incorrect key -----------------MIDDLE_BIOMES_VARIANT--------------------.icy_wet was corrected from null to its default, regions_unexplored:cold_boreal_taiga. 
[19:18:06] [Thread-3/WARN]: Incorrect key -----------------MIDDLE_BIOMES_VARIANT--------------------.icy_humid was corrected from null to its default, regions_unexplored:spires. 
[19:18:06] [Thread-3/WARN]: Incorrect key -----------------MIDDLE_BIOMES_VARIANT--------------------.cool_arid was corrected from null to its default, regions_unexplored:autumnal_maple_forest. 
[19:18:06] [Thread-3/WARN]: Incorrect key -----------------MIDDLE_BIOMES_VARIANT--------------------.cool_dry was corrected from null to its default, regions_unexplored:autumnal_maple_forest. 
[19:18:06] [Thread-3/WARN]: Incorrect key -----------------MIDDLE_BIOMES_VARIANT--------------------.cool_neutral was corrected from null to its default, regions_unexplored:maple_forest. 
[19:18:06] [Thread-3/WARN]: Incorrect key -----------------MIDDLE_BIOMES_VARIANT--------------------.cool_wet was corrected from null to its default, regions_unexplored:boreal_taiga. 
[19:18:06] [Thread-3/WARN]: Incorrect key -----------------MIDDLE_BIOMES_VARIANT--------------------.cool_humid was corrected from null to its default, regions_unexplored:golden_boreal_taiga. 
[19:18:06] [Thread-3/WARN]: Incorrect key -----------------MIDDLE_BIOMES_VARIANT--------------------.neutral_arid was corrected from null to its default, regions_unexplored:orchard. 
[19:18:06] [Thread-3/WARN]: Incorrect key -----------------MIDDLE_BIOMES_VARIANT--------------------.neutral_dry was corrected from null to its default, regions_unexplored:shrubland. 
[19:18:06] [Thread-3/WARN]: Incorrect key -----------------MIDDLE_BIOMES_VARIANT--------------------.neutral_neutral was corrected from null to its default, regions_unexplored:temperate_grove. 
[19:18:06] [Thread-3/WARN]: Incorrect key -----------------MIDDLE_BIOMES_VARIANT--------------------.neutral_wet was corrected from null to its default, regions_unexplored:pine_taiga. 
[19:18:06] [Thread-3/WARN]: Incorrect key -----------------MIDDLE_BIOMES_VARIANT--------------------.neutral_humid was corrected from null to its default, regions_unexplored:blackwood_taiga. 
[19:18:06] [Thread-3/WARN]: Incorrect key -----------------MIDDLE_BIOMES_VARIANT--------------------.warm_arid was corrected from null to its default, regions_unexplored:prairie. 
[19:18:06] [Thread-3/WARN]: Incorrect key -----------------MIDDLE_BIOMES_VARIANT--------------------.warm_dry was corrected from null to its default, regions_unexplored:deciduous_forest. 
[19:18:06] [Thread-3/WARN]: Incorrect key -----------------MIDDLE_BIOMES_VARIANT--------------------.warm_neutral was corrected from null to its default, regions_unexplored:grassland. 
[19:18:06] [Thread-3/WARN]: Incorrect key -----------------MIDDLE_BIOMES_VARIANT--------------------.warm_wet was corrected from null to its default, regions_unexplored:redwoods. 
[19:18:06] [Thread-3/WARN]: Incorrect key -----------------MIDDLE_BIOMES_VARIANT--------------------.warm_humid was corrected from null to its default, regions_unexplored:sparse_redwoods. 
[19:18:06] [Thread-3/WARN]: Incorrect key -----------------MIDDLE_BIOMES_VARIANT--------------------.hot_arid was corrected from null to its default, regions_unexplored:baobab_savanna. 
[19:18:06] [Thread-3/WARN]: Incorrect key -----------------MIDDLE_BIOMES_VARIANT--------------------.hot_dry was corrected from null to its default, regions_unexplored:baobab_savanna. 
[19:18:06] [Thread-3/WARN]: Incorrect key -----------------MIDDLE_BIOMES_VARIANT--------------------.hot_neutral was corrected from null to its default, regions_unexplored:saguaro_desert. 
[19:18:06] [Thread-3/WARN]: Incorrect key -----------------MIDDLE_BIOMES_VARIANT--------------------.hot_wet was corrected from null to its default, regions_unexplored:outback. 
[19:18:06] [Thread-3/WARN]: Incorrect key -----------------MIDDLE_BIOMES_VARIANT--------------------.hot_humid was corrected from null to its default, regions_unexplored:eucalyptus_forest. 
[19:18:06] [Thread-3/WARN]: Incorrect key -----------------PLATEAU_BIOMES-------------------- was corrected from null to its default, SimpleCommentedConfig:{}. 
[19:18:06] [Thread-3/WARN]: Incorrect key -----------------PLATEAU_BIOMES--------------------.icy_arid was corrected from null to its default, regions_unexplored:icy_heights. 
[19:18:06] [Thread-3/WARN]: Incorrect key -----------------PLATEAU_BIOMES--------------------.icy_dry was corrected from null to its default, regions_unexplored:icy_heights. 
[19:18:06] [Thread-3/WARN]: Incorrect key -----------------PLATEAU_BIOMES--------------------.icy_neutral was corrected from null to its default, regions_unexplored:icy_heights. 
[19:18:06] [Thread-3/WARN]: Incorrect key -----------------PLATEAU_BIOMES--------------------.icy_wet was corrected from null to its default, regions_unexplored:icy_heights. 
[19:18:06] [Thread-3/WARN]: Incorrect key -----------------PLATEAU_BIOMES--------------------.icy_humid was corrected from null to its default, regions_unexplored:cold_boreal_taiga. 
[19:18:06] [Thread-3/WARN]: Incorrect key -----------------PLATEAU_BIOMES--------------------.cool_arid was corrected from null to its default, regions_unexplored:autumnal_maple_forest. 
[19:18:06] [Thread-3/WARN]: Incorrect key -----------------PLATEAU_BIOMES--------------------.cool_dry was corrected from null to its default, regions_unexplored:autumnal_maple_forest. 
[19:18:06] [Thread-3/WARN]: Incorrect key -----------------PLATEAU_BIOMES--------------------.cool_neutral was corrected from null to its default, regions_unexplored:maple_forest. 
[19:18:06] [Thread-3/WARN]: Incorrect key -----------------PLATEAU_BIOMES--------------------.cool_wet was corrected from null to its default, regions_unexplored:boreal_taiga. 
[19:18:06] [Thread-3/WARN]: Incorrect key -----------------PLATEAU_BIOMES--------------------.cool_humid was corrected from null to its default, regions_unexplored:boreal_taiga. 
[19:18:06] [Thread-3/WARN]: Incorrect key -----------------PLATEAU_BIOMES--------------------.neutral_arid was corrected from null to its default, regions_unexplored:highland_fields. 
[19:18:06] [Thread-3/WARN]: Incorrect key -----------------PLATEAU_BIOMES--------------------.neutral_dry was corrected from null to its default, regions_unexplored:highland_fields. 
[19:18:06] [Thread-3/WARN]: Incorrect key -----------------PLATEAU_BIOMES--------------------.neutral_neutral was corrected from null to its default, regions_unexplored:highland_fields. 
[19:18:06] [Thread-3/WARN]: Incorrect key -----------------PLATEAU_BIOMES--------------------.neutral_wet was corrected from null to its default, regions_unexplored:highland_fields. 
[19:18:06] [Thread-3/WARN]: Incorrect key -----------------PLATEAU_BIOMES--------------------.neutral_humid was corrected from null to its default, regions_unexplored:blackwood_taiga. 
[19:18:06] [Thread-3/WARN]: Incorrect key -----------------PLATEAU_BIOMES--------------------.warm_arid was corrected from null to its default, regions_unexplored:barley_fields. 
[19:18:06] [Thread-3/WARN]: Incorrect key -----------------PLATEAU_BIOMES--------------------.warm_dry was corrected from null to its default, regions_unexplored:deciduous_forest. 
[19:18:06] [Thread-3/WARN]: Incorrect key -----------------PLATEAU_BIOMES--------------------.warm_neutral was corrected from null to its default, regions_unexplored:deciduous_forest. 
[19:18:06] [Thread-3/WARN]: Incorrect key -----------------PLATEAU_BIOMES--------------------.warm_wet was corrected from null to its default, regions_unexplored:redwoods. 
[19:18:06] [Thread-3/WARN]: Incorrect key -----------------PLATEAU_BIOMES--------------------.warm_humid was corrected from null to its default, regions_unexplored:redwoods. 
[19:18:06] [Thread-3/WARN]: Incorrect key -----------------PLATEAU_BIOMES--------------------.hot_arid was corrected from null to its default, regions_unexplored:steppe. 
[19:18:06] [Thread-3/WARN]: Incorrect key -----------------PLATEAU_BIOMES--------------------.hot_dry was corrected from null to its default, regions_unexplored:steppe. 
[19:18:06] [Thread-3/WARN]: Incorrect key -----------------PLATEAU_BIOMES--------------------.hot_neutral was corrected from null to its default, regions_unexplored:saguaro_desert. 
[19:18:06] [Thread-3/WARN]: Incorrect key -----------------PLATEAU_BIOMES--------------------.hot_wet was corrected from null to its default, regions_unexplored:eucalyptus_forest. 
[19:18:06] [Thread-3/WARN]: Incorrect key -----------------PLATEAU_BIOMES--------------------.hot_humid was corrected from null to its default, regions_unexplored:eucalyptus_forest. 
[19:18:06] [Thread-3/WARN]: Incorrect key -----------------PLATEAU_BIOMES_VARIANT-------------------- was corrected from null to its default, SimpleCommentedConfig:{}. 
[19:18:06] [Thread-3/WARN]: Incorrect key -----------------PLATEAU_BIOMES_VARIANT--------------------.icy_arid was corrected from null to its default, regions_unexplored:icy_heights. 
[19:18:06] [Thread-3/WARN]: Incorrect key -----------------PLATEAU_BIOMES_VARIANT--------------------.icy_dry was corrected from null to its default, regions_unexplored:icy_heights. 
[19:18:06] [Thread-3/WARN]: Incorrect key -----------------PLATEAU_BIOMES_VARIANT--------------------.icy_neutral was corrected from null to its default, regions_unexplored:icy_heights. 
[19:18:06] [Thread-3/WARN]: Incorrect key -----------------PLATEAU_BIOMES_VARIANT--------------------.icy_wet was corrected from null to its default, regions_unexplored:icy_heights. 
[19:18:06] [Thread-3/WARN]: Incorrect key -----------------PLATEAU_BIOMES_VARIANT--------------------.icy_humid was corrected from null to its default, regions_unexplored:spires. 
[19:18:06] [Thread-3/WARN]: Incorrect key -----------------PLATEAU_BIOMES_VARIANT--------------------.cool_arid was corrected from null to its default, regions_unexplored:autumnal_maple_forest. 
[19:18:06] [Thread-3/WARN]: Incorrect key -----------------PLATEAU_BIOMES_VARIANT--------------------.cool_dry was corrected from null to its default, regions_unexplored:autumnal_maple_forest. 
[19:18:06] [Thread-3/WARN]: Incorrect key -----------------PLATEAU_BIOMES_VARIANT--------------------.cool_neutral was corrected from null to its default, regions_unexplored:maple_forest. 
[19:18:06] [Thread-3/WARN]: Incorrect key -----------------PLATEAU_BIOMES_VARIANT--------------------.cool_wet was corrected from null to its default, regions_unexplored:boreal_taiga. 
[19:18:06] [Thread-3/WARN]: Incorrect key -----------------PLATEAU_BIOMES_VARIANT--------------------.cool_humid was corrected from null to its default, regions_unexplored:golden_boreal_taiga. 
[19:18:06] [Thread-3/WARN]: Incorrect key -----------------PLATEAU_BIOMES_VARIANT--------------------.neutral_arid was corrected from null to its default, regions_unexplored:orchard. 
[19:18:06] [Thread-3/WARN]: Incorrect key -----------------PLATEAU_BIOMES_VARIANT--------------------.neutral_dry was corrected from null to its default, regions_unexplored:highland_fields. 
[19:18:06] [Thread-3/WARN]: Incorrect key -----------------PLATEAU_BIOMES_VARIANT--------------------.neutral_neutral was corrected from null to its default, regions_unexplored:temperate_grove. 
[19:18:06] [Thread-3/WARN]: Incorrect key -----------------PLATEAU_BIOMES_VARIANT--------------------.neutral_wet was corrected from null to its default, regions_unexplored:pine_taiga. 
[19:18:06] [Thread-3/WARN]: Incorrect key -----------------PLATEAU_BIOMES_VARIANT--------------------.neutral_humid was corrected from null to its default, regions_unexplored:blackwood_taiga. 
[19:18:06] [Thread-3/WARN]: Incorrect key -----------------PLATEAU_BIOMES_VARIANT--------------------.warm_arid was corrected from null to its default, regions_unexplored:deciduous_forest. 
[19:18:06] [Thread-3/WARN]: Incorrect key -----------------PLATEAU_BIOMES_VARIANT--------------------.warm_dry was corrected from null to its default, regions_unexplored:deciduous_forest. 
[19:18:06] [Thread-3/WARN]: Incorrect key -----------------PLATEAU_BIOMES_VARIANT--------------------.warm_neutral was corrected from null to its default, regions_unexplored:deciduous_forest. 
[19:18:06] [Thread-3/WARN]: Incorrect key -----------------PLATEAU_BIOMES_VARIANT--------------------.warm_wet was corrected from null to its default, regions_unexplored:redwoods. 
[19:18:06] [Thread-3/WARN]: Incorrect key -----------------PLATEAU_BIOMES_VARIANT--------------------.warm_humid was corrected from null to its default, regions_unexplored:sparse_redwoods. 
[19:18:06] [Thread-3/WARN]: Incorrect key -----------------PLATEAU_BIOMES_VARIANT--------------------.hot_arid was corrected from null to its default, regions_unexplored:steppe. 
[19:18:06] [Thread-3/WARN]: Incorrect key -----------------PLATEAU_BIOMES_VARIANT--------------------.hot_dry was corrected from null to its default, regions_unexplored:steppe. 
[19:18:06] [Thread-3/WARN]: Incorrect key -----------------PLATEAU_BIOMES_VARIANT--------------------.hot_neutral was corrected from null to its default, regions_unexplored:saguaro_desert. 
[19:18:06] [Thread-3/WARN]: Incorrect key -----------------PLATEAU_BIOMES_VARIANT--------------------.hot_wet was corrected from null to its default, regions_unexplored:eucalyptus_forest. 
[19:18:06] [Thread-3/WARN]: Incorrect key -----------------PLATEAU_BIOMES_VARIANT--------------------.hot_humid was corrected from null to its default, regions_unexplored:eucalyptus_forest. 
[19:18:06] [Thread-3/WARN]: Incorrect key -----------------SHATTERED_BIOMES-------------------- was corrected from null to its default, SimpleCommentedConfig:{}. 
[19:18:06] [Thread-3/WARN]: Incorrect key -----------------SHATTERED_BIOMES--------------------.icy_arid was corrected from null to its default, regions_unexplored:icy_heights. 
[19:18:06] [Thread-3/WARN]: Incorrect key -----------------SHATTERED_BIOMES--------------------.icy_dry was corrected from null to its default, regions_unexplored:icy_heights. 
[19:18:06] [Thread-3/WARN]: Incorrect key -----------------SHATTERED_BIOMES--------------------.icy_neutral was corrected from null to its default, regions_unexplored:icy_heights. 
[19:18:06] [Thread-3/WARN]: Incorrect key -----------------SHATTERED_BIOMES--------------------.icy_wet was corrected from null to its default, regions_unexplored:icy_heights. 
[19:18:06] [Thread-3/WARN]: Incorrect key -----------------SHATTERED_BIOMES--------------------.icy_humid was corrected from null to its default, regions_unexplored:icy_heights. 
[19:18:06] [Thread-3/WARN]: Incorrect key -----------------SHATTERED_BIOMES--------------------.cool_arid was corrected from null to its default, regions_unexplored:towering_cliffs. 
[19:18:06] [Thread-3/WARN]: Incorrect key -----------------SHATTERED_BIOMES--------------------.cool_dry was corrected from null to its default, regions_unexplored:towering_cliffs. 
[19:18:06] [Thread-3/WARN]: Incorrect key -----------------SHATTERED_BIOMES--------------------.cool_neutral was corrected from null to its default, regions_unexplored:towering_cliffs. 
[19:18:06] [Thread-3/WARN]: Incorrect key -----------------SHATTERED_BIOMES--------------------.cool_wet was corrected from null to its default, regions_unexplored:towering_cliffs. 
[19:18:06] [Thread-3/WARN]: Incorrect key -----------------SHATTERED_BIOMES--------------------.cool_humid was corrected from null to its default, regions_unexplored:towering_cliffs. 
[19:18:06] [Thread-3/WARN]: Incorrect key -----------------SHATTERED_BIOMES--------------------.neutral_arid was corrected from null to its default, regions_unexplored:towering_cliffs. 
[19:18:06] [Thread-3/WARN]: Incorrect key -----------------SHATTERED_BIOMES--------------------.neutral_dry was corrected from null to its default, regions_unexplored:towering_cliffs. 
[19:18:06] [Thread-3/WARN]: Incorrect key -----------------SHATTERED_BIOMES--------------------.neutral_neutral was corrected from null to its default, regions_unexplored:towering_cliffs. 
[19:18:06] [Thread-3/WARN]: Incorrect key -----------------SHATTERED_BIOMES--------------------.neutral_wet was corrected from null to its default, regions_unexplored:towering_cliffs. 
[19:18:06] [Thread-3/WARN]: Incorrect key -----------------SHATTERED_BIOMES--------------------.neutral_humid was corrected from null to its default, regions_unexplored:towering_cliffs. 
[19:18:06] [Thread-3/WARN]: Incorrect key -----------------SHATTERED_BIOMES--------------------.warm_arid was corrected from null to its default, regions_unexplored:barley_fields. 
[19:18:06] [Thread-3/WARN]: Incorrect key -----------------SHATTERED_BIOMES--------------------.warm_dry was corrected from null to its default, regions_unexplored:deciduous_forest. 
[19:18:06] [Thread-3/WARN]: Incorrect key -----------------SHATTERED_BIOMES--------------------.warm_neutral was corrected from null to its default, regions_unexplored:deciduous_forest. 
[19:18:06] [Thread-3/WARN]: Incorrect key -----------------SHATTERED_BIOMES--------------------.warm_wet was corrected from null to its default, regions_unexplored:sparse_redwoods. 
[19:18:06] [Thread-3/WARN]: Incorrect key -----------------SHATTERED_BIOMES--------------------.warm_humid was corrected from null to its default, regions_unexplored:sparse_redwoods. 
[19:18:06] [Thread-3/WARN]: Incorrect key -----------------SHATTERED_BIOMES--------------------.hot_arid was corrected from null to its default, regions_unexplored:steppe. 
[19:18:06] [Thread-3/WARN]: Incorrect key -----------------SHATTERED_BIOMES--------------------.hot_dry was corrected from null to its default, regions_unexplored:steppe. 
[19:18:06] [Thread-3/WARN]: Incorrect key -----------------SHATTERED_BIOMES--------------------.hot_neutral was corrected from null to its default, regions_unexplored:saguaro_desert. 
[19:18:06] [Thread-3/WARN]: Incorrect key -----------------SHATTERED_BIOMES--------------------.hot_wet was corrected from null to its default, regions_unexplored:eucalyptus_forest. 
[19:18:06] [Thread-3/WARN]: Incorrect key -----------------SHATTERED_BIOMES--------------------.hot_humid was corrected from null to its default, regions_unexplored:eucalyptus_forest. 
[19:18:06] [Thread-3/WARN]: Incorrect key -----------------SLOPE_BIOMES-------------------- was corrected from null to its default, SimpleCommentedConfig:{}. 
[19:18:06] [Thread-3/WARN]: Incorrect key -----------------SLOPE_BIOMES--------------------.icy_slope_biome was corrected from null to its default, minecraft:snowy_slopes. 
[19:18:06] [Thread-3/WARN]: Incorrect key -----------------SLOPE_BIOMES--------------------.cold_slope_biome was corrected from null to its default, minecraft:grove. 
[19:18:06] [Thread-3/WARN]: Incorrect key -----------------SLOPE_BIOMES--------------------.neutral_slope_biome was corrected from null to its default, regions_unexplored:pine_slopes. 
[19:18:06] [Thread-3/WARN]: Incorrect key -----------------SLOPE_BIOMES--------------------.warm_slope_biome was corrected from null to its default, regions_unexplored:deciduous_forest. 
[19:18:06] [Thread-3/WARN]: Incorrect key -----------------SLOPE_BIOMES--------------------.hot_slope_biome was corrected from null to its default, regions_unexplored:eucalyptus_forest. 
[19:18:06] [Thread-3/WARN]: Incorrect key -----------------SLOPE_BIOMES--------------------.icy_slope_biome_variant was corrected from null to its default, regions_unexplored:cold_deciduous_forest. 
[19:18:06] [Thread-3/WARN]: Incorrect key -----------------SLOPE_BIOMES--------------------.cold_slope_biome_variant was corrected from null to its default, regions_unexplored:pine_slopes. 
[19:18:06] [Thread-3/WARN]: Incorrect key -----------------SLOPE_BIOMES--------------------.neutral_slope_biome_variant was corrected from null to its default, regions_unexplored:pine_slopes. 
[19:18:06] [Thread-3/WARN]: Incorrect key -----------------SLOPE_BIOMES--------------------.warm_slope_biome_variant was corrected from null to its default, regions_unexplored:deciduous_forest. 
[19:18:06] [Thread-3/WARN]: Incorrect key -----------------SLOPE_BIOMES--------------------.hot_slope_biome_variant was corrected from null to its default, regions_unexplored:eucalyptus_forest. 
[19:18:06] [Thread-3/WARN]: Incorrect key -----------------PEAK_BIOMES-------------------- was corrected from null to its default, SimpleCommentedConfig:{}. 
[19:18:06] [Thread-3/WARN]: Incorrect key -----------------PEAK_BIOMES--------------------.icy_peak_biome was corrected from null to its default, minecraft:frozen_peaks. 
[19:18:06] [Thread-3/WARN]: Incorrect key -----------------PEAK_BIOMES--------------------.cold_peak_biome was corrected from null to its default, minecraft:jagged_peaks. 
[19:18:06] [Thread-3/WARN]: Incorrect key -----------------PEAK_BIOMES--------------------.neutral_peak_biome was corrected from null to its default, regions_unexplored:mountains. 
[19:18:06] [Thread-3/WARN]: Incorrect key -----------------PEAK_BIOMES--------------------.warm_peak_biome was corrected from null to its default, minecraft:stony_peaks. 
[19:18:06] [Thread-3/WARN]: Incorrect key -----------------PEAK_BIOMES--------------------.hot_peak_biome was corrected from null to its default, regions_unexplored:arid_mountains. 
[19:18:06] [Thread-3/WARN]: Incorrect key -----------------PEAK_BIOMES--------------------.icy_peak_biome_variant was corrected from null to its default, minecraft:jagged_peaks. 
[19:18:06] [Thread-3/WARN]: Incorrect key -----------------PEAK_BIOMES--------------------.cold_peak_biome_variant was corrected from null to its default, regions_unexplored:mountains. 
[19:18:06] [Thread-3/WARN]: Incorrect key -----------------PEAK_BIOMES--------------------.neutral_peak_biome_variant was corrected from null to its default, regions_unexplored:mountains. 
[19:18:06] [Thread-3/WARN]: Incorrect key -----------------PEAK_BIOMES--------------------.warm_peak_biome_variant was corrected from null to its default, minecraft:stony_peaks. 
[19:18:06] [Thread-3/WARN]: Incorrect key -----------------PEAK_BIOMES--------------------.hot_peak_biome_variant was corrected from null to its default, regions_unexplored:arid_mountains. 
[19:18:06] [Thread-3/WARN]: Incorrect key -----------------RIVER_BIOMES-------------------- was corrected from null to its default, SimpleCommentedConfig:{}. 
[19:18:06] [Thread-3/WARN]: Incorrect key -----------------RIVER_BIOMES--------------------.icy_arid was corrected from null to its default, minecraft:frozen_river. 
[19:18:06] [Thread-3/WARN]: Incorrect key -----------------RIVER_BIOMES--------------------.icy_dry was corrected from null to its default, minecraft:frozen_river. 
[19:18:06] [Thread-3/WARN]: Incorrect key -----------------RIVER_BIOMES--------------------.icy_neutral was corrected from null to its default, minecraft:frozen_river. 
[19:18:06] [Thread-3/WARN]: Incorrect key -----------------RIVER_BIOMES--------------------.icy_wet was corrected from null to its default, minecraft:frozen_river. 
[19:18:06] [Thread-3/WARN]: Incorrect key -----------------RIVER_BIOMES--------------------.icy_humid was corrected from null to its default, regions_unexplored:cold_river. 
[19:18:06] [Thread-3/WARN]: Incorrect key -----------------RIVER_BIOMES--------------------.cool_arid was corrected from null to its default, regions_unexplored:cold_river. 
[19:18:06] [Thread-3/WARN]: Incorrect key -----------------RIVER_BIOMES--------------------.cool_dry was corrected from null to its default, regions_unexplored:cold_river. 
[19:18:06] [Thread-3/WARN]: Incorrect key -----------------RIVER_BIOMES--------------------.cool_neutral was corrected from null to its default, regions_unexplored:muddy_river. 
[19:18:06] [Thread-3/WARN]: Incorrect key -----------------RIVER_BIOMES--------------------.cool_wet was corrected from null to its default, regions_unexplored:muddy_river. 
[19:18:06] [Thread-3/WARN]: Incorrect key -----------------RIVER_BIOMES--------------------.cool_humid was corrected from null to its default, regions_unexplored:muddy_river. 
[19:18:06] [Thread-3/WARN]: Incorrect key -----------------RIVER_BIOMES--------------------.neutral_arid was corrected from null to its default, minecraft:river. 
[19:18:06] [Thread-3/WARN]: Incorrect key -----------------RIVER_BIOMES--------------------.neutral_dry was corrected from null to its default, minecraft:river. 
[19:18:06] [Thread-3/WARN]: Incorrect key -----------------RIVER_BIOMES--------------------.neutral_neutral was corrected from null to its default, minecraft:river. 
[19:18:06] [Thread-3/WARN]: Incorrect key -----------------RIVER_BIOMES--------------------.neutral_wet was corrected from null to its default, minecraft:river. 
[19:18:06] [Thread-3/WARN]: Incorrect key -----------------RIVER_BIOMES--------------------.neutral_humid was corrected from null to its default, regions_unexplored:blackwood_taiga. 
[19:18:06] [Thread-3/WARN]: Incorrect key -----------------RIVER_BIOMES--------------------.warm_arid was corrected from null to its default, minecraft:river. 
[19:18:06] [Thread-3/WARN]: Incorrect key -----------------RIVER_BIOMES--------------------.warm_dry was corrected from null to its default, minecraft:river. 
[19:18:06] [Thread-3/WARN]: Incorrect key -----------------RIVER_BIOMES--------------------.warm_neutral was corrected from null to its default, minecraft:river. 
[19:18:06] [Thread-3/WARN]: Incorrect key -----------------RIVER_BIOMES--------------------.warm_wet was corrected from null to its default, minecraft:river. 
[19:18:06] [Thread-3/WARN]: Incorrect key -----------------RIVER_BIOMES--------------------.warm_humid was corrected from null to its default, minecraft:river. 
[19:18:06] [Thread-3/WARN]: Incorrect key -----------------RIVER_BIOMES--------------------.hot_arid was corrected from null to its default, minecraft:river. 
[19:18:06] [Thread-3/WARN]: Incorrect key -----------------RIVER_BIOMES--------------------.hot_dry was corrected from null to its default, minecraft:river. 
[19:18:06] [Thread-3/WARN]: Incorrect key -----------------RIVER_BIOMES--------------------.hot_neutral was corrected from null to its default, regions_unexplored:tropical_river. 
[19:18:06] [Thread-3/WARN]: Incorrect key -----------------RIVER_BIOMES--------------------.hot_wet was corrected from null to its default, regions_unexplored:tropical_river. 
[19:18:06] [Thread-3/WARN]: Incorrect key -----------------RIVER_BIOMES--------------------.hot_humid was corrected from null to its default, regions_unexplored:tropical_river. 
[19:18:06] [Thread-3/WARN]: Incorrect key -----------------RIVER_BIOMES_VARIANT-------------------- was corrected from null to its default, SimpleCommentedConfig:{}. 
[19:18:06] [Thread-3/WARN]: Incorrect key -----------------RIVER_BIOMES_VARIANT--------------------.icy_arid was corrected from null to its default, minecraft:frozen_river. 
[19:18:06] [Thread-3/WARN]: Incorrect key -----------------RIVER_BIOMES_VARIANT--------------------.icy_dry was corrected from null to its default, minecraft:frozen_river. 
[19:18:06] [Thread-3/WARN]: Incorrect key -----------------RIVER_BIOMES_VARIANT--------------------.icy_neutral was corrected from null to its default, minecraft:frozen_river. 
[19:18:06] [Thread-3/WARN]: Incorrect key -----------------RIVER_BIOMES_VARIANT--------------------.icy_wet was corrected from null to its default, minecraft:frozen_river. 
[19:18:06] [Thread-3/WARN]: Incorrect key -----------------RIVER_BIOMES_VARIANT--------------------.icy_humid was corrected from null to its default, regions_unexplored:cold_river. 
[19:18:06] [Thread-3/WARN]: Incorrect key -----------------RIVER_BIOMES_VARIANT--------------------.cool_arid was corrected from null to its default, regions_unexplored:cold_river. 
[19:18:06] [Thread-3/WARN]: Incorrect key -----------------RIVER_BIOMES_VARIANT--------------------.cool_dry was corrected from null to its default, regions_unexplored:cold_river. 
[19:18:06] [Thread-3/WARN]: Incorrect key -----------------RIVER_BIOMES_VARIANT--------------------.cool_neutral was corrected from null to its default, regions_unexplored:muddy_river. 
[19:18:06] [Thread-3/WARN]: Incorrect key -----------------RIVER_BIOMES_VARIANT--------------------.cool_wet was corrected from null to its default, regions_unexplored:muddy_river. 
[19:18:06] [Thread-3/WARN]: Incorrect key -----------------RIVER_BIOMES_VARIANT--------------------.cool_humid was corrected from null to its default, regions_unexplored:muddy_river. 
[19:18:06] [Thread-3/WARN]: Incorrect key -----------------RIVER_BIOMES_VARIANT--------------------.neutral_arid was corrected from null to its default, minecraft:river. 
[19:18:06] [Thread-3/WARN]: Incorrect key -----------------RIVER_BIOMES_VARIANT--------------------.neutral_dry was corrected from null to its default, minecraft:river. 
[19:18:06] [Thread-3/WARN]: Incorrect key -----------------RIVER_BIOMES_VARIANT--------------------.neutral_neutral was corrected from null to its default, minecraft:river. 
[19:18:06] [Thread-3/WARN]: Incorrect key -----------------RIVER_BIOMES_VARIANT--------------------.neutral_wet was corrected from null to its default, minecraft:river. 
[19:18:06] [Thread-3/WARN]: Incorrect key -----------------RIVER_BIOMES_VARIANT--------------------.neutral_humid was corrected from null to its default, regions_unexplored:blackwood_taiga. 
[19:18:06] [Thread-3/WARN]: Incorrect key -----------------RIVER_BIOMES_VARIANT--------------------.warm_arid was corrected from null to its default, minecraft:river. 
[19:18:06] [Thread-3/WARN]: Incorrect key -----------------RIVER_BIOMES_VARIANT--------------------.warm_dry was corrected from null to its default, minecraft:river. 
[19:18:06] [Thread-3/WARN]: Incorrect key -----------------RIVER_BIOMES_VARIANT--------------------.warm_neutral was corrected from null to its default, minecraft:river. 
[19:18:06] [Thread-3/WARN]: Incorrect key -----------------RIVER_BIOMES_VARIANT--------------------.warm_wet was corrected from null to its default, minecraft:river. 
[19:18:06] [Thread-3/WARN]: Incorrect key -----------------RIVER_BIOMES_VARIANT--------------------.warm_humid was corrected from null to its default, minecraft:river. 
[19:18:06] [Thread-3/WARN]: Incorrect key -----------------RIVER_BIOMES_VARIANT--------------------.hot_arid was corrected from null to its default, minecraft:river. 
[19:18:06] [Thread-3/WARN]: Incorrect key -----------------RIVER_BIOMES_VARIANT--------------------.hot_dry was corrected from null to its default, minecraft:river. 
[19:18:06] [Thread-3/WARN]: Incorrect key -----------------RIVER_BIOMES_VARIANT--------------------.hot_neutral was corrected from null to its default, regions_unexplored:tropical_river. 
[19:18:06] [Thread-3/WARN]: Incorrect key -----------------RIVER_BIOMES_VARIANT--------------------.hot_wet was corrected from null to its default, regions_unexplored:tropical_river. 
[19:18:06] [Thread-3/WARN]: Incorrect key -----------------RIVER_BIOMES_VARIANT--------------------.hot_humid was corrected from null to its default, regions_unexplored:tropical_river. 
[19:18:06] [Thread-3/WARN]: Incorrect key -----------------SWAMP_BIOMES-------------------- was corrected from null to its default, SimpleCommentedConfig:{}. 
[19:18:06] [Thread-3/WARN]: Incorrect key -----------------SWAMP_BIOMES--------------------.icy_arid was corrected from null to its default, regions_unexplored:spires. 
[19:18:06] [Thread-3/WARN]: Incorrect key -----------------SWAMP_BIOMES--------------------.icy_dry was corrected from null to its default, regions_unexplored:spires. 
[19:18:06] [Thread-3/WARN]: Incorrect key -----------------SWAMP_BIOMES--------------------.icy_neutral was corrected from null to its default, regions_unexplored:spires. 
[19:18:06] [Thread-3/WARN]: Incorrect key -----------------SWAMP_BIOMES--------------------.icy_wet was corrected from null to its default, regions_unexplored:spires. 
[19:18:06] [Thread-3/WARN]: Incorrect key -----------------SWAMP_BIOMES--------------------.icy_humid was corrected from null to its default, regions_unexplored:spires. 
[19:18:06] [Thread-3/WARN]: Incorrect key -----------------SWAMP_BIOMES--------------------.cool_arid was corrected from null to its default, regions_unexplored:fen. 
[19:18:06] [Thread-3/WARN]: Incorrect key -----------------SWAMP_BIOMES--------------------.cool_dry was corrected from null to its default, regions_unexplored:fen. 
[19:18:06] [Thread-3/WARN]: Incorrect key -----------------SWAMP_BIOMES--------------------.cool_neutral was corrected from null to its default, regions_unexplored:fen. 
[19:18:06] [Thread-3/WARN]: Incorrect key -----------------SWAMP_BIOMES--------------------.cool_wet was corrected from null to its default, regions_unexplored:fen. 
[19:18:06] [Thread-3/WARN]: Incorrect key -----------------SWAMP_BIOMES--------------------.cool_humid was corrected from null to its default, regions_unexplored:fen. 
[19:18:06] [Thread-3/WARN]: Incorrect key -----------------SWAMP_BIOMES--------------------.neutral_arid was corrected from null to its default, regions_unexplored:old_growth_bayou. 
[19:18:06] [Thread-3/WARN]: Incorrect key -----------------SWAMP_BIOMES--------------------.neutral_dry was corrected from null to its default, regions_unexplored:bayou. 
[19:18:06] [Thread-3/WARN]: Incorrect key -----------------SWAMP_BIOMES--------------------.neutral_neutral was corrected from null to its default, regions_unexplored:bayou. 
[19:18:06] [Thread-3/WARN]: Incorrect key -----------------SWAMP_BIOMES--------------------.neutral_wet was corrected from null to its default, regions_unexplored:bayou. 
[19:18:06] [Thread-3/WARN]: Incorrect key -----------------SWAMP_BIOMES--------------------.neutral_humid was corrected from null to its default, regions_unexplored:old_growth_bayou. 
[19:18:06] [Thread-3/WARN]: Incorrect key -----------------SWAMP_BIOMES--------------------.warm_arid was corrected from null to its default, regions_unexplored:marsh. 
[19:18:06] [Thread-3/WARN]: Incorrect key -----------------SWAMP_BIOMES--------------------.warm_dry was corrected from null to its default, regions_unexplored:marsh. 
[19:18:06] [Thread-3/WARN]: Incorrect key -----------------SWAMP_BIOMES--------------------.warm_neutral was corrected from null to its default, regions_unexplored:marsh. 
[19:18:06] [Thread-3/WARN]: Incorrect key -----------------SWAMP_BIOMES--------------------.warm_wet was corrected from null to its default, regions_unexplored:marsh. 
[19:18:06] [Thread-3/WARN]: Incorrect key -----------------SWAMP_BIOMES--------------------.warm_humid was corrected from null to its default, regions_unexplored:marsh. 
[19:18:06] [Thread-3/WARN]: Incorrect key -----------------SWAMP_BIOMES--------------------.hot_arid was corrected from null to its default, regions_unexplored:fungal_fen. 
[19:18:06] [Thread-3/WARN]: Incorrect key -----------------SWAMP_BIOMES--------------------.hot_dry was corrected from null to its default, regions_unexplored:fungal_fen. 
[19:18:06] [Thread-3/WARN]: Incorrect key -----------------SWAMP_BIOMES--------------------.hot_neutral was corrected from null to its default, regions_unexplored:fungal_fen. 
[19:18:06] [Thread-3/WARN]: Incorrect key -----------------SWAMP_BIOMES--------------------.hot_wet was corrected from null to its default, regions_unexplored:fungal_fen. 
[19:18:06] [Thread-3/WARN]: Incorrect key -----------------SWAMP_BIOMES--------------------.hot_humid was corrected from null to its default, regions_unexplored:fungal_fen. 
[19:18:06] [Thread-3/WARN]: Incorrect key -----------------OCEAN_BIOMES-------------------- was corrected from null to its default, SimpleCommentedConfig:{}. 
[19:18:06] [Thread-3/WARN]: Incorrect key -----------------OCEAN_BIOMES--------------------.deep_icy was corrected from null to its default, regions_unexplored:hyacinth_deeps. 
[19:18:06] [Thread-3/WARN]: Incorrect key -----------------OCEAN_BIOMES--------------------.deep_cool was corrected from null to its default, minecraft:deep_cold_ocean. 
[19:18:06] [Thread-3/WARN]: Incorrect key -----------------OCEAN_BIOMES--------------------.deep_neutral was corrected from null to its default, minecraft:deep_ocean. 
[19:18:06] [Thread-3/WARN]: Incorrect key -----------------OCEAN_BIOMES--------------------.deep_warm was corrected from null to its default, minecraft:deep_lukewarm_ocean. 
[19:18:06] [Thread-3/WARN]: Incorrect key -----------------OCEAN_BIOMES--------------------.deep_hot was corrected from null to its default, minecraft:warm_ocean. 
[19:18:06] [Thread-3/WARN]: Incorrect key -----------------OCEAN_BIOMES--------------------.icy was corrected from null to its default, minecraft:frozen_ocean. 
[19:18:06] [Thread-3/WARN]: Incorrect key -----------------OCEAN_BIOMES--------------------.cool was corrected from null to its default, minecraft:cold_ocean. 
[19:18:06] [Thread-3/WARN]: Incorrect key -----------------OCEAN_BIOMES--------------------.neutral was corrected from null to its default, minecraft:ocean. 
[19:18:06] [Thread-3/WARN]: Incorrect key -----------------OCEAN_BIOMES--------------------.warm was corrected from null to its default, minecraft:lukewarm_ocean. 
[19:18:06] [Thread-3/WARN]: Incorrect key -----------------OCEAN_BIOMES--------------------.hot was corrected from null to its default, regions_unexplored:rocky_reef. 
[19:18:06] [Thread-3/WARN]: Incorrect key -----------------SHORE_BIOMES-------------------- was corrected from null to its default, SimpleCommentedConfig:{}. 
[19:18:06] [Thread-3/WARN]: Incorrect key -----------------SHORE_BIOMES--------------------.icy_beach_biome was corrected from null to its default, minecraft:snowy_beach. 
[19:18:06] [Thread-3/WARN]: Incorrect key -----------------SHORE_BIOMES--------------------.cold_beach_biome was corrected from null to its default, regions_unexplored:gravel_beach. 
[19:18:06] [Thread-3/WARN]: Incorrect key -----------------SHORE_BIOMES--------------------.neutral_beach_biome was corrected from null to its default, regions_unexplored:grassy_beach. 
[19:18:06] [Thread-3/WARN]: Incorrect key -----------------SHORE_BIOMES--------------------.warm_beach_biome was corrected from null to its default, regions_unexplored:grassy_beach. 
[19:18:06] [Thread-3/WARN]: Incorrect key -----------------SHORE_BIOMES--------------------.hot_beach_biome was corrected from null to its default, minecraft:beach. 
[19:18:06] [Thread-3/WARN]: Incorrect key -----------------SHORE_BIOMES--------------------.cold_stone_beach_biome was corrected from null to its default, minecraft:stony_shore. 
[19:18:06] [Thread-3/WARN]: Incorrect key -----------------SHORE_BIOMES--------------------.hot_stone_beach_biome was corrected from null to its default, regions_unexplored:chalk_cliffs. 
[19:18:06] [Thread-3/WARN]: Incorrect key -----------------UNDERGROUND_BIOMES-------------------- was corrected from null to its default, SimpleCommentedConfig:{}. 
[19:18:06] [Thread-3/WARN]: Incorrect key -----------------UNDERGROUND_BIOMES--------------------.cave_1_biome was corrected from null to its default, minecraft:lush_caves. 
[19:18:06] [Thread-3/WARN]: Incorrect key -----------------UNDERGROUND_BIOMES--------------------.cave_2_biome was corrected from null to its default, minecraft:dripstone_caves. 
[19:18:06] [Thread-3/WARN]: Incorrect key -----------------UNDERGROUND_BIOMES--------------------.cave_3_biome was corrected from null to its default, minecraft:deep_dark. 
[19:18:06] [Thread-3/WARN]: Incorrect key -----------------UNDERGROUND_BIOMES--------------------.cave_4_biome was corrected from null to its default, regions_unexplored:bioshroom_caves. 
[19:18:06] [Thread-3/WARN]: Incorrect key -----------------UNDERGROUND_BIOMES--------------------.cave_5_biome was corrected from null to its default, regions_unexplored:ancient_delta. 
[19:18:06] [Thread-3/WARN]: Incorrect key -----------------UNDERGROUND_BIOMES--------------------.cave_6_biome was corrected from null to its default, regions_unexplored:prismachasm. 
[19:18:06] [Thread-3/WARN]: Incorrect key -----------------UNDERGROUND_BIOMES--------------------.cave_7_biome was corrected from null to its default, regions_unexplored:redstone_caves. 
[19:18:06] [Thread-3/WARN]: Incorrect key -----------------UNDERGROUND_BIOMES--------------------.cave_8_biome was corrected from null to its default, regions_unexplored:scorching_caves. 
[19:18:06] [Thread-3/WARN]: Incorrect key -----------------ISLAND_BIOMES-------------------- was corrected from null to its default, SimpleCommentedConfig:{}. 
[19:18:06] [Thread-3/WARN]: Incorrect key -----------------ISLAND_BIOMES--------------------.icy_island_biome was corrected from null to its default, regions_unexplored:alpha_grove. 
[19:18:06] [Thread-3/WARN]: Incorrect key -----------------ISLAND_BIOMES--------------------.cool_island_biome was corrected from null to its default, regions_unexplored:alpha_grove. 
[19:18:06] [Thread-3/WARN]: Incorrect key -----------------ISLAND_BIOMES--------------------.neutral_island_biome was corrected from null to its default, regions_unexplored:ashen_woodland. 
[19:18:06] [Thread-3/WARN]: Incorrect key -----------------ISLAND_BIOMES--------------------.warm_island_biome was corrected from null to its default, regions_unexplored:tropics. 
[19:18:06] [Thread-3/WARN]: Incorrect key -----------------ISLAND_BIOMES--------------------.hot_island_biome was corrected from null to its default, regions_unexplored:tropics. 
[19:18:06] [Thread-3/WARN]: Incorrect key -----------------OTHER_BIOMES-------------------- was corrected from null to its default, SimpleCommentedConfig:{}. 
[19:18:06] [Thread-3/WARN]: Incorrect key -----------------OTHER_BIOMES--------------------.shattered_cliff_biome was corrected from null to its default, regions_unexplored:towering_cliffs. 
[19:18:06] [main/INFO]: Config initialized!
[19:18:06] [main/INFO]: Successfully initialized Geckolib!
[19:18:07] [main/INFO]: Successfully registered SoulsWeapons content!
[19:18:07] [main/INFO]: Successfully registered built-in 2D model resourcepack!
[19:18:07] [main/INFO]: Successfully registered built-in Legacy 2D Models resourcepack!
[19:18:07] [main/INFO]: Successfully registered built-in Legacy 3D Models resourcepack!
[19:18:07] [main/INFO]: Successfully registered built-in Fresh Animations Compat. resourcepack!
[19:18:07] [main/INFO]: Initializing done, time taken: 354ms
[19:18:07] [main/INFO]: Spell Engine x Open Parties and Claims
[19:18:07] [main/INFO]: Hello Fabric world!
[19:18:07] [main/INFO]: Creating asynchronous mapping cache executor...
[19:18:07] [Mappings Cache Thread #1/INFO]: Verifying cache of yarn mappings...
[19:18:07] [Mappings Cache Thread #1/INFO]: Latest build for yarn is already cached (0 hour(s) ago, refresh in 48 hour(s))
[19:18:07] [Mappings Cache Thread #1/INFO]: Mappings for yarn build 1.20.1+build.10 are already downloaded
[19:18:07] [Mappings Cache Thread #1/INFO]: Verified cache of yarn mappings (took 3ms)
[19:18:07] [Mappings Cache Thread #1/INFO]: Parsing yarn mappings...
[19:18:07] [main/INFO]: Constructing common components for stoneworks:main
[19:18:07] [main/INFO]: Loading common config for stoneworks
[19:18:07] [main/INFO]: structureessentials mod initialized
[19:18:07] [Mappings Cache Thread #1/INFO]: Parsed yarn mappings (took 207ms)
[19:18:07] [Mappings Cache Thread #1/INFO]: Caching yarn mappings...
[19:18:07] [main/INFO]: Loaded config supplementaries-common.json
[19:18:07] [Mappings Cache Thread #1/INFO]: Cached yarn mappings (took 60ms)
[19:18:07] [Mappings Cache Thread #1/INFO]: Cached mappings have been built (took 277ms)
[19:18:07] [Mappings Cache Thread #1/INFO]:   Classes: 6741
[19:18:07] [Mappings Cache Thread #1/INFO]:   Methods: 24982
[19:18:07] [Mappings Cache Thread #1/INFO]:   Fields: 28829
[19:18:07] [ForkJoinPool.commonPool-worker-1/INFO]: Shutting down asynchronous mapping cache executor...
[19:18:07] [ForkJoinPool.commonPool-worker-1/INFO]: Injecting into root logger...
[19:18:08] [main/INFO]: TechReborn setup done!
[19:18:08] [main/INFO]: Registered region minecraft:overworld to index 0 for type OVERWORLD
[19:18:08] [main/INFO]: Registered region minecraft:nether to index 0 for type NETHER
[19:18:08] [main/INFO]: Registered region regions_unexplored:primary to index 1 for type OVERWORLD
[19:18:08] [main/INFO]: Registered region regions_unexplored:secondary to index 2 for type OVERWORLD
[19:18:08] [main/INFO]: Registered region regions_unexplored:nether to index 1 for type NETHER
[19:18:08] [main/INFO]: Registered region riverredux:overworld to index 3 for type OVERWORLD
[19:18:09] [main/WARN]: Registering builtin Fabric Seasons integration with Thermoo. Note that this integration will be removed as a builtin feature in the future.
[19:18:09] [main/INFO]: Creating environment manager EnvironmentManager{controller=com.github.thedeathlycow.thermoo.api.temperature.EmptyEnvironmentController}
[19:18:09] [main/INFO]: Thermoo initialized
[19:18:09] [main/INFO]: File exists, reading config for elocindev.tierify.config.CommonConfig.
[19:18:09] [main/INFO]: Config for elocindev.tierify.config.CommonConfig read successfully.
[19:18:09] [main/INFO]: Constructing common components for tinyskeletons:main
[19:18:09] [main/INFO]: Constructing common components for tradingpost:main
[19:18:09] [main/INFO]: Registered the FluidEffect with Unique ID of minecraft:water for Water (Fluid Amount Required: 81000) with the ID 0
[19:18:09] [main/INFO]: Registered the FluidEffect with Unique ID of minecraft:lava for Lava (Fluid Amount Required: 81000) with the ID 1
[19:18:09] [main/INFO]: Registered the FluidEffect with Unique ID of travelersbackpack:potion for block.travelersbackpack.potion_still (Fluid Amount Required: 27000) with the ID 2
[19:18:09] [main/INFO]: Registered the FluidEffect with Unique ID of minecraft:milk for Air (Fluid Amount Required: 81000) with the ID 3
[19:18:09] [Thread-3/WARN]: Configuration file /workspaces/CraftCoso/servidor_minecraft/./config/treechop-common.toml is not correct. Correcting
[19:18:09] [Thread-3/WARN]: Incorrect key mod.enabled was corrected from null to its default, true. 
[19:18:09] [Thread-3/WARN]: Incorrect key mod.printDebugInfo was corrected from null to its default, true. 
[19:18:09] [Thread-3/WARN]: Incorrect key permissions was corrected from null to its default, SimpleCommentedConfig:{}. 
[19:18:09] [Thread-3/WARN]: Incorrect key permissions.choppingEnabled was corrected from null to its default, SimpleCommentedConfig:{}. 
[19:18:09] [Thread-3/WARN]: Incorrect key permissions.choppingEnabled.canBeFalse was corrected from null to its default, true. 
[19:18:09] [Thread-3/WARN]: Incorrect key permissions.choppingEnabled.canBeTrue was corrected from null to its default, true. 
[19:18:09] [Thread-3/WARN]: Incorrect key permissions.fellingEnabled was corrected from null to its default, SimpleCommentedConfig:{}. 
[19:18:09] [Thread-3/WARN]: Incorrect key permissions.fellingEnabled.canBeFalse was corrected from null to its default, true. 
[19:18:09] [Thread-3/WARN]: Incorrect key permissions.fellingEnabled.canBeTrue was corrected from null to its default, true. 
[19:18:09] [Thread-3/WARN]: Incorrect key permissions.sneakBehavior was corrected from null to its default, SimpleCommentedConfig:{}. 
[19:18:09] [Thread-3/WARN]: Incorrect key permissions.sneakBehavior.canBeInvertFelling was corrected from null to its default, true. 
[19:18:09] [Thread-3/WARN]: Incorrect key permissions.sneakBehavior.canBeInvertChopping was corrected from null to its default, true. 
[19:18:09] [Thread-3/WARN]: Incorrect key permissions.sneakBehavior.canBeNone was corrected from null to its default, true. 
[19:18:09] [Thread-3/WARN]: Incorrect key permissions.treeMustHaveLeaves was corrected from null to its default, SimpleCommentedConfig:{}. 
[19:18:09] [Thread-3/WARN]: Incorrect key permissions.treeMustHaveLeaves.canBeFalse was corrected from null to its default, true. 
[19:18:09] [Thread-3/WARN]: Incorrect key permissions.treeMustHaveLeaves.canBeTrue was corrected from null to its default, true. 
[19:18:09] [Thread-3/WARN]: Incorrect key permissions.chopInCreativeMode was corrected from null to its default, SimpleCommentedConfig:{}. 
[19:18:09] [Thread-3/WARN]: Incorrect key permissions.chopInCreativeMode.canBeFalse was corrected from null to its default, true. 
[19:18:09] [Thread-3/WARN]: Incorrect key permissions.chopInCreativeMode.canBeTrue was corrected from null to its default, true. 
[19:18:09] [Thread-3/WARN]: Incorrect key general was corrected from null to its default, SimpleCommentedConfig:{}. 
[19:18:09] [Thread-3/WARN]: Incorrect key general.dropLootForChoppedBlocks was corrected from null to its default, true. 
[19:18:09] [Thread-3/WARN]: Incorrect key treeDetection was corrected from null to its default, SimpleCommentedConfig:{}. 
[19:18:09] [Thread-3/WARN]: Incorrect key treeDetection.maxTreeBlocks was corrected from null to its default, 320. 
[19:18:09] [Thread-3/WARN]: Incorrect key treeDetection.maxLeavesBlocks was corrected from null to its default, 1024. 
[19:18:09] [Thread-3/WARN]: Incorrect key treeDetection.breakLeaves was corrected from null to its default, true. 
[19:18:09] [Thread-3/WARN]: Incorrect key treeDetection.ignorePersistentLeaves was corrected from null to its default, true. 
[19:18:09] [Thread-3/WARN]: Incorrect key treeDetection.maxBreakLeavesDistance was corrected from null to its default, 7. 
[19:18:09] [Thread-3/WARN]: Incorrect key treeDetection.logs was corrected from null to its default, SimpleCommentedConfig:{}. 
[19:18:09] [Thread-3/WARN]: Incorrect key treeDetection.logs.blocks was corrected from null to its default, [#treechop:choppables, #minecraft:logs]. 
[19:18:09] [Thread-3/WARN]: Incorrect key treeDetection.logs.exceptions was corrected from null to its default, [minecraft:bamboo, #dynamictrees:branches, dynamictrees:trunk_shell]. 
[19:18:09] [Thread-3/WARN]: Incorrect key treeDetection.leaves was corrected from null to its default, SimpleCommentedConfig:{}. 
[19:18:09] [Thread-3/WARN]: Incorrect key treeDetection.leaves.blocks was corrected from null to its default, [#treechop:leaves_like, #minecraft:leaves, pamhc2trees:pam[a-z]+]. 
[19:18:09] [Thread-3/WARN]: Incorrect key treeDetection.leaves.exceptions was corrected from null to its default, []. 
[19:18:09] [Thread-3/WARN]: Incorrect key chopCounting was corrected from null to its default, SimpleCommentedConfig:{}. 
[19:18:09] [Thread-3/WARN]: Incorrect key chopCounting.algorithm was corrected from null to its default, LOGARITHMIC. 
[19:18:09] [Thread-3/WARN]: Incorrect key chopCounting.rounding was corrected from null to its default, NEAREST. 
[19:18:09] [Thread-3/WARN]: Incorrect key chopCounting.canRequireMoreChopsThanBlocks was corrected from null to its default, false. 
[19:18:09] [Thread-3/WARN]: Incorrect key chopCounting.logarithmic was corrected from null to its default, SimpleCommentedConfig:{}. 
[19:18:09] [Thread-3/WARN]: Incorrect key chopCounting.logarithmic.a was corrected from null to its default, 10.0. 
[19:18:09] [Thread-3/WARN]: Incorrect key chopCounting.linear was corrected from null to its default, SimpleCommentedConfig:{}. 
[19:18:09] [Thread-3/WARN]: Incorrect key chopCounting.linear.chopsPerBlock was corrected from null to its default, 1.0. 
[19:18:09] [Thread-3/WARN]: Incorrect key chopCounting.linear.baseNumChops was corrected from null to its default, 0.0. 
[19:18:09] [Thread-3/WARN]: Incorrect key compatibility was corrected from null to its default, SimpleCommentedConfig:{}. 
[19:18:09] [Thread-3/WARN]: Incorrect key compatibility.general was corrected from null to its default, SimpleCommentedConfig:{}. 
[19:18:09] [Thread-3/WARN]: Incorrect key compatibility.general.choppingRequiresCorrectToolForDrops was corrected from null to its default, true. 
[19:18:09] [Thread-3/WARN]: Incorrect key compatibility.general.choppingRequiresFastBreakingTool was corrected from null to its default, false. 
[19:18:09] [Thread-3/WARN]: Incorrect key compatibility.general.preventChoppingOnRightClick was corrected from null to its default, false. 
[19:18:09] [Thread-3/WARN]: Incorrect key compatibility.general.preventChopRecursion was corrected from null to its default, true. 
[19:18:09] [Thread-3/WARN]: Incorrect key compatibility.general.blacklist was corrected from null to its default, SimpleCommentedConfig:{}. 
[19:18:09] [Thread-3/WARN]: Incorrect key compatibility.general.blacklist.blacklistOrWhitelist was corrected from null to its default, BLACKLIST. 
[19:18:09] [Thread-3/WARN]: Incorrect key compatibility.general.blacklist.items was corrected from null to its default, [botania:terra_axe, mekanism:atomic_disassembler, @lumberjack, practicaltools:iron_greataxe, practicaltools:golden_greataxe, practicaltools:diamond_greataxe, practicaltools:netherite_greataxe]. 
[19:18:09] [Thread-3/WARN]: Incorrect key compatibility.general.fakePlayerChopSettings was corrected from null to its default, SimpleCommentedConfig:{}. 
[19:18:09] [Thread-3/WARN]: Incorrect key compatibility.general.fakePlayerChopSettings.choppingEnabled was corrected from null to its default, false. 
[19:18:09] [Thread-3/WARN]: Incorrect key compatibility.general.fakePlayerChopSettings.fellingEnabled was corrected from null to its default, true. 
[19:18:09] [Thread-3/WARN]: Incorrect key compatibility.general.fakePlayerChopSettings.treesMustHaveLeaves was corrected from null to its default, true. 
[19:18:09] [Thread-3/WARN]: Incorrect key compatibility.trees was corrected from null to its default, SimpleCommentedConfig:{}. 
[19:18:09] [Thread-3/WARN]: Incorrect key compatibility.trees.hugeMushrooms was corrected from null to its default, SimpleCommentedConfig:{}. 
[19:18:09] [Thread-3/WARN]: Incorrect key compatibility.trees.hugeMushrooms.logs was corrected from null to its default, [#c:mushroom_stems]. 
[19:18:09] [Thread-3/WARN]: Incorrect key compatibility.trees.hugeMushrooms.leaves was corrected from null to its default, [#c:mushroom_caps]. 
[19:18:09] [Thread-3/WARN]: Incorrect key compatibility.trees.hugeFungi was corrected from null to its default, SimpleCommentedConfig:{}. 
[19:18:09] [Thread-3/WARN]: Incorrect key compatibility.trees.hugeFungi.logs was corrected from null to its default, [#minecraft:crimson_stems, #minecraft:warped_stems]. 
[19:18:09] [Thread-3/WARN]: Incorrect key compatibility.trees.hugeFungi.leaves was corrected from null to its default, [#minecraft:wart_blocks, minecraft:shroomlight]. 
[19:18:09] [Thread-3/WARN]: Incorrect key compatibility.trees.problematicLeavesTrees was corrected from null to its default, SimpleCommentedConfig:{}. 
[19:18:09] [Thread-3/WARN]: Incorrect key compatibility.trees.problematicLeavesTrees.logs was corrected from null to its default, [tropicraft:.*_log(_.*)?, mysticbiomes:.*_log, betternether:.*_bark, betternether:.*_log]. 
[19:18:09] [Thread-3/WARN]: Incorrect key compatibility.trees.problematicLeavesTrees.leaves was corrected from null to its default, [tropicraft:.*_leaves(_.*)?, betternether:.*_leaves]. 
[19:18:09] [Thread-3/WARN]: Incorrect key compatibility.API was corrected from null to its default, SimpleCommentedConfig:{}. 
[19:18:09] [Thread-3/WARN]: Incorrect key compatibility.API.verbose was corrected from null to its default, false. 
[19:18:09] [Thread-3/WARN]: Configuration file /workspaces/CraftCoso/servidor_minecraft/./config/treechop-common.toml is not correct. Correcting
[19:18:09] [Thread-3/WARN]: Incorrect key mod was corrected from null to its default, SimpleCommentedConfig:{}. 
[19:18:09] [Thread-3/WARN]: Incorrect key mod.enabled was corrected from null to its default, true. 
[19:18:09] [Thread-3/WARN]: Incorrect key mod.printDebugInfo was corrected from null to its default, true. 
[19:18:09] [Thread-3/WARN]: Incorrect key permissions was corrected from null to its default, SimpleCommentedConfig:{}. 
[19:18:09] [Thread-3/WARN]: Incorrect key permissions.choppingEnabled was corrected from null to its default, SimpleCommentedConfig:{}. 
[19:18:09] [Thread-3/WARN]: Incorrect key permissions.choppingEnabled.canBeFalse was corrected from null to its default, true. 
[19:18:09] [Thread-3/WARN]: Incorrect key permissions.choppingEnabled.canBeTrue was corrected from null to its default, true. 
[19:18:09] [Thread-3/WARN]: Incorrect key permissions.fellingEnabled was corrected from null to its default, SimpleCommentedConfig:{}. 
[19:18:09] [Thread-3/WARN]: Incorrect key permissions.fellingEnabled.canBeFalse was corrected from null to its default, true. 
[19:18:09] [Thread-3/WARN]: Incorrect key permissions.fellingEnabled.canBeTrue was corrected from null to its default, true. 
[19:18:09] [Thread-3/WARN]: Incorrect key permissions.sneakBehavior was corrected from null to its default, SimpleCommentedConfig:{}. 
[19:18:09] [Thread-3/WARN]: Incorrect key permissions.sneakBehavior.canBeInvertFelling was corrected from null to its default, true. 
[19:18:09] [Thread-3/WARN]: Incorrect key permissions.sneakBehavior.canBeInvertChopping was corrected from null to its default, true. 
[19:18:09] [Thread-3/WARN]: Incorrect key permissions.sneakBehavior.canBeNone was corrected from null to its default, true. 
[19:18:09] [Thread-3/WARN]: Incorrect key permissions.treeMustHaveLeaves was corrected from null to its default, SimpleCommentedConfig:{}. 
[19:18:09] [Thread-3/WARN]: Incorrect key permissions.treeMustHaveLeaves.canBeFalse was corrected from null to its default, true. 
[19:18:09] [Thread-3/WARN]: Incorrect key permissions.treeMustHaveLeaves.canBeTrue was corrected from null to its default, true. 
[19:18:09] [Thread-3/WARN]: Incorrect key permissions.chopInCreativeMode was corrected from null to its default, SimpleCommentedConfig:{}. 
[19:18:09] [Thread-3/WARN]: Incorrect key permissions.chopInCreativeMode.canBeFalse was corrected from null to its default, true. 
[19:18:09] [Thread-3/WARN]: Incorrect key permissions.chopInCreativeMode.canBeTrue was corrected from null to its default, true. 
[19:18:09] [Thread-3/WARN]: Incorrect key general was corrected from null to its default, SimpleCommentedConfig:{}. 
[19:18:09] [Thread-3/WARN]: Incorrect key general.dropLootForChoppedBlocks was corrected from null to its default, true. 
[19:18:09] [Thread-3/WARN]: Incorrect key treeDetection was corrected from null to its default, SimpleCommentedConfig:{}. 
[19:18:09] [Thread-3/WARN]: Incorrect key treeDetection.maxTreeBlocks was corrected from null to its default, 320. 
[19:18:09] [Thread-3/WARN]: Incorrect key treeDetection.maxLeavesBlocks was corrected from null to its default, 1024. 
[19:18:09] [Thread-3/WARN]: Incorrect key treeDetection.breakLeaves was corrected from null to its default, true. 
[19:18:09] [Thread-3/WARN]: Incorrect key treeDetection.ignorePersistentLeaves was corrected from null to its default, true. 
[19:18:09] [Thread-3/WARN]: Incorrect key treeDetection.maxBreakLeavesDistance was corrected from null to its default, 7. 
[19:18:09] [Thread-3/WARN]: Incorrect key treeDetection.logs was corrected from null to its default, SimpleCommentedConfig:{}. 
[19:18:09] [Thread-3/WARN]: Incorrect key treeDetection.logs.blocks was corrected from null to its default, [#treechop:choppables, #minecraft:logs]. 
[19:18:09] [Thread-3/WARN]: Incorrect key treeDetection.logs.exceptions was corrected from null to its default, [minecraft:bamboo, #dynamictrees:branches, dynamictrees:trunk_shell]. 
[19:18:09] [Thread-3/WARN]: Incorrect key treeDetection.leaves was corrected from null to its default, SimpleCommentedConfig:{}. 
[19:18:09] [Thread-3/WARN]: Incorrect key treeDetection.leaves.blocks was corrected from null to its default, [#treechop:leaves_like, #minecraft:leaves, pamhc2trees:pam[a-z]+]. 
[19:18:09] [Thread-3/WARN]: Incorrect key treeDetection.leaves.exceptions was corrected from null to its default, []. 
[19:18:09] [Thread-3/WARN]: Incorrect key chopCounting was corrected from null to its default, SimpleCommentedConfig:{}. 
[19:18:09] [Thread-3/WARN]: Incorrect key chopCounting.algorithm was corrected from null to its default, LOGARITHMIC. 
[19:18:09] [Thread-3/WARN]: Incorrect key chopCounting.rounding was corrected from null to its default, NEAREST. 
[19:18:09] [Thread-3/WARN]: Incorrect key chopCounting.canRequireMoreChopsThanBlocks was corrected from null to its default, false. 
[19:18:09] [Thread-3/WARN]: Incorrect key chopCounting.logarithmic was corrected from null to its default, SimpleCommentedConfig:{}. 
[19:18:09] [Thread-3/WARN]: Incorrect key chopCounting.logarithmic.a was corrected from null to its default, 10.0. 
[19:18:09] [Thread-3/WARN]: Incorrect key chopCounting.linear was corrected from null to its default, SimpleCommentedConfig:{}. 
[19:18:09] [Thread-3/WARN]: Incorrect key chopCounting.linear.chopsPerBlock was corrected from null to its default, 1.0. 
[19:18:09] [Thread-3/WARN]: Incorrect key chopCounting.linear.baseNumChops was corrected from null to its default, 0.0. 
[19:18:09] [Thread-3/WARN]: Incorrect key compatibility was corrected from null to its default, SimpleCommentedConfig:{}. 
[19:18:09] [Thread-3/WARN]: Incorrect key compatibility.general was corrected from null to its default, SimpleCommentedConfig:{}. 
[19:18:09] [Thread-3/WARN]: Incorrect key compatibility.general.choppingRequiresCorrectToolForDrops was corrected from null to its default, true. 
[19:18:09] [Thread-3/WARN]: Incorrect key compatibility.general.choppingRequiresFastBreakingTool was corrected from null to its default, false. 
[19:18:09] [Thread-3/WARN]: Incorrect key compatibility.general.preventChoppingOnRightClick was corrected from null to its default, false. 
[19:18:09] [Thread-3/WARN]: Incorrect key compatibility.general.preventChopRecursion was corrected from null to its default, true. 
[19:18:09] [Thread-3/WARN]: Incorrect key compatibility.general.blacklist was corrected from null to its default, SimpleCommentedConfig:{}. 
[19:18:09] [Thread-3/WARN]: Incorrect key compatibility.general.blacklist.blacklistOrWhitelist was corrected from null to its default, BLACKLIST. 
[19:18:09] [Thread-3/WARN]: Incorrect key compatibility.general.blacklist.items was corrected from null to its default, [botania:terra_axe, mekanism:atomic_disassembler, @lumberjack, practicaltools:iron_greataxe, practicaltools:golden_greataxe, practicaltools:diamond_greataxe, practicaltools:netherite_greataxe]. 
[19:18:09] [Thread-3/WARN]: Incorrect key compatibility.general.fakePlayerChopSettings was corrected from null to its default, SimpleCommentedConfig:{}. 
[19:18:09] [Thread-3/WARN]: Incorrect key compatibility.general.fakePlayerChopSettings.choppingEnabled was corrected from null to its default, false. 
[19:18:09] [Thread-3/WARN]: Incorrect key compatibility.general.fakePlayerChopSettings.fellingEnabled was corrected from null to its default, true. 
[19:18:09] [Thread-3/WARN]: Incorrect key compatibility.general.fakePlayerChopSettings.treesMustHaveLeaves was corrected from null to its default, true. 
[19:18:09] [Thread-3/WARN]: Incorrect key compatibility.trees was corrected from null to its default, SimpleCommentedConfig:{}. 
[19:18:09] [Thread-3/WARN]: Incorrect key compatibility.trees.hugeMushrooms was corrected from null to its default, SimpleCommentedConfig:{}. 
[19:18:09] [Thread-3/WARN]: Incorrect key compatibility.trees.hugeMushrooms.logs was corrected from null to its default, [#c:mushroom_stems]. 
[19:18:09] [Thread-3/WARN]: Incorrect key compatibility.trees.hugeMushrooms.leaves was corrected from null to its default, [#c:mushroom_caps]. 
[19:18:09] [Thread-3/WARN]: Incorrect key compatibility.trees.hugeFungi was corrected from null to its default, SimpleCommentedConfig:{}. 
[19:18:09] [Thread-3/WARN]: Incorrect key compatibility.trees.hugeFungi.logs was corrected from null to its default, [#minecraft:crimson_stems, #minecraft:warped_stems]. 
[19:18:09] [Thread-3/WARN]: Incorrect key compatibility.trees.hugeFungi.leaves was corrected from null to its default, [#minecraft:wart_blocks, minecraft:shroomlight]. 
[19:18:09] [Thread-3/WARN]: Incorrect key compatibility.trees.problematicLeavesTrees was corrected from null to its default, SimpleCommentedConfig:{}. 
[19:18:09] [Thread-3/WARN]: Incorrect key compatibility.trees.problematicLeavesTrees.logs was corrected from null to its default, [tropicraft:.*_log(_.*)?, mysticbiomes:.*_log, betternether:.*_bark, betternether:.*_log]. 
[19:18:09] [Thread-3/WARN]: Incorrect key compatibility.trees.problematicLeavesTrees.leaves was corrected from null to its default, [tropicraft:.*_leaves(_.*)?, betternether:.*_leaves]. 
[19:18:09] [Thread-3/WARN]: Incorrect key compatibility.API was corrected from null to its default, SimpleCommentedConfig:{}. 
[19:18:09] [Thread-3/WARN]: Incorrect key compatibility.API.verbose was corrected from null to its default, false. 
[19:18:09] [Thread-3/WARN]: Configuration file /workspaces/CraftCoso/servidor_minecraft/./config/treechop-common.toml is not correct. Correcting
[19:18:09] [Thread-3/WARN]: Incorrect key compatibility.general was corrected from null to its default, SimpleCommentedConfig:{}. 
[19:18:09] [Thread-3/WARN]: Incorrect key compatibility.general.choppingRequiresCorrectToolForDrops was corrected from null to its default, true. 
[19:18:09] [Thread-3/WARN]: Incorrect key compatibility.general.choppingRequiresFastBreakingTool was corrected from null to its default, false. 
[19:18:09] [Thread-3/WARN]: Incorrect key compatibility.general.preventChoppingOnRightClick was corrected from null to its default, false. 
[19:18:09] [Thread-3/WARN]: Incorrect key compatibility.general.preventChopRecursion was corrected from null to its default, true. 
[19:18:09] [Thread-3/WARN]: Incorrect key compatibility.general.blacklist was corrected from null to its default, SimpleCommentedConfig:{}. 
[19:18:09] [Thread-3/WARN]: Incorrect key compatibility.general.blacklist.blacklistOrWhitelist was corrected from null to its default, BLACKLIST. 
[19:18:09] [Thread-3/WARN]: Incorrect key compatibility.general.blacklist.items was corrected from null to its default, [botania:terra_axe, mekanism:atomic_disassembler, @lumberjack, practicaltools:iron_greataxe, practicaltools:golden_greataxe, practicaltools:diamond_greataxe, practicaltools:netherite_greataxe]. 
[19:18:09] [Thread-3/WARN]: Incorrect key compatibility.general.fakePlayerChopSettings was corrected from null to its default, SimpleCommentedConfig:{}. 
[19:18:09] [Thread-3/WARN]: Incorrect key compatibility.general.fakePlayerChopSettings.choppingEnabled was corrected from null to its default, false. 
[19:18:09] [Thread-3/WARN]: Incorrect key compatibility.general.fakePlayerChopSettings.fellingEnabled was corrected from null to its default, true. 
[19:18:09] [Thread-3/WARN]: Incorrect key compatibility.general.fakePlayerChopSettings.treesMustHaveLeaves was corrected from null to its default, true. 
[19:18:09] [Thread-3/WARN]: Incorrect key compatibility.trees was corrected from null to its default, SimpleCommentedConfig:{}. 
[19:18:09] [Thread-3/WARN]: Incorrect key compatibility.trees.hugeMushrooms was corrected from null to its default, SimpleCommentedConfig:{}. 
[19:18:09] [Thread-3/WARN]: Incorrect key compatibility.trees.hugeMushrooms.logs was corrected from null to its default, [#c:mushroom_stems]. 
[19:18:09] [Thread-3/WARN]: Incorrect key compatibility.trees.hugeMushrooms.leaves was corrected from null to its default, [#c:mushroom_caps]. 
[19:18:09] [Thread-3/WARN]: Incorrect key compatibility.trees.hugeFungi was corrected from null to its default, SimpleCommentedConfig:{}. 
[19:18:09] [Thread-3/WARN]: Incorrect key compatibility.trees.hugeFungi.logs was corrected from null to its default, [#minecraft:crimson_stems, #minecraft:warped_stems]. 
[19:18:09] [Thread-3/WARN]: Incorrect key compatibility.trees.hugeFungi.leaves was corrected from null to its default, [#minecraft:wart_blocks, minecraft:shroomlight]. 
[19:18:09] [Thread-3/WARN]: Incorrect key compatibility.trees.problematicLeavesTrees was corrected from null to its default, SimpleCommentedConfig:{}. 
[19:18:09] [Thread-3/WARN]: Incorrect key compatibility.trees.problematicLeavesTrees.logs was corrected from null to its default, [tropicraft:.*_log(_.*)?, mysticbiomes:.*_log, betternether:.*_bark, betternether:.*_log]. 
[19:18:09] [Thread-3/WARN]: Incorrect key compatibility.trees.problematicLeavesTrees.leaves was corrected from null to its default, [tropicraft:.*_leaves(_.*)?, betternether:.*_leaves]. 
[19:18:09] [Thread-3/WARN]: Incorrect key compatibility.API was corrected from null to its default, SimpleCommentedConfig:{}. 
[19:18:09] [Thread-3/WARN]: Incorrect key compatibility.API.verbose was corrected from null to its default, false. 
[19:18:09] [Thread-3/WARN]: Configuration file /workspaces/CraftCoso/servidor_minecraft/./config/treechop-common.toml is not correct. Correcting
[19:18:09] [Thread-3/WARN]: Incorrect key mod was corrected from null to its default, SimpleCommentedConfig:{}. 
[19:18:09] [Thread-3/WARN]: Incorrect key mod.enabled was corrected from null to its default, true. 
[19:18:09] [Thread-3/WARN]: Incorrect key mod.printDebugInfo was corrected from null to its default, true. 
[19:18:09] [Thread-3/WARN]: Incorrect key permissions was corrected from null to its default, SimpleCommentedConfig:{}. 
[19:18:09] [Thread-3/WARN]: Incorrect key permissions.choppingEnabled was corrected from null to its default, SimpleCommentedConfig:{}. 
[19:18:09] [Thread-3/WARN]: Incorrect key permissions.choppingEnabled.canBeFalse was corrected from null to its default, true. 
[19:18:09] [Thread-3/WARN]: Incorrect key permissions.choppingEnabled.canBeTrue was corrected from null to its default, true. 
[19:18:09] [Thread-3/WARN]: Incorrect key permissions.fellingEnabled was corrected from null to its default, SimpleCommentedConfig:{}. 
[19:18:09] [Thread-3/WARN]: Incorrect key permissions.fellingEnabled.canBeFalse was corrected from null to its default, true. 
[19:18:09] [Thread-3/WARN]: Incorrect key permissions.fellingEnabled.canBeTrue was corrected from null to its default, true. 
[19:18:09] [Thread-3/WARN]: Incorrect key permissions.sneakBehavior was corrected from null to its default, SimpleCommentedConfig:{}. 
[19:18:09] [Thread-3/WARN]: Incorrect key permissions.sneakBehavior.canBeInvertFelling was corrected from null to its default, true. 
[19:18:09] [Thread-3/WARN]: Incorrect key permissions.sneakBehavior.canBeInvertChopping was corrected from null to its default, true. 
[19:18:09] [Thread-3/WARN]: Incorrect key permissions.sneakBehavior.canBeNone was corrected from null to its default, true. 
[19:18:09] [Thread-3/WARN]: Incorrect key permissions.treeMustHaveLeaves was corrected from null to its default, SimpleCommentedConfig:{}. 
[19:18:09] [Thread-3/WARN]: Incorrect key permissions.treeMustHaveLeaves.canBeFalse was corrected from null to its default, true. 
[19:18:09] [Thread-3/WARN]: Incorrect key permissions.treeMustHaveLeaves.canBeTrue was corrected from null to its default, true. 
[19:18:09] [Thread-3/WARN]: Incorrect key permissions.chopInCreativeMode was corrected from null to its default, SimpleCommentedConfig:{}. 
[19:18:09] [Thread-3/WARN]: Incorrect key permissions.chopInCreativeMode.canBeFalse was corrected from null to its default, true. 
[19:18:09] [Thread-3/WARN]: Incorrect key permissions.chopInCreativeMode.canBeTrue was corrected from null to its default, true. 
[19:18:09] [Thread-3/WARN]: Incorrect key general was corrected from null to its default, SimpleCommentedConfig:{}. 
[19:18:09] [Thread-3/WARN]: Incorrect key general.dropLootForChoppedBlocks was corrected from null to its default, true. 
[19:18:09] [Thread-3/WARN]: Incorrect key treeDetection was corrected from null to its default, SimpleCommentedConfig:{}. 
[19:18:09] [Thread-3/WARN]: Incorrect key treeDetection.maxTreeBlocks was corrected from null to its default, 320. 
[19:18:09] [Thread-3/WARN]: Incorrect key treeDetection.maxLeavesBlocks was corrected from null to its default, 1024. 
[19:18:09] [Thread-3/WARN]: Incorrect key treeDetection.breakLeaves was corrected from null to its default, true. 
[19:18:09] [Thread-3/WARN]: Incorrect key treeDetection.ignorePersistentLeaves was corrected from null to its default, true. 
[19:18:09] [Thread-3/WARN]: Incorrect key treeDetection.maxBreakLeavesDistance was corrected from null to its default, 7. 
[19:18:09] [Thread-3/WARN]: Incorrect key treeDetection.logs was corrected from null to its default, SimpleCommentedConfig:{}. 
[19:18:09] [Thread-3/WARN]: Incorrect key treeDetection.logs.blocks was corrected from null to its default, [#treechop:choppables, #minecraft:logs]. 
[19:18:09] [Thread-3/WARN]: Incorrect key treeDetection.logs.exceptions was corrected from null to its default, [minecraft:bamboo, #dynamictrees:branches, dynamictrees:trunk_shell]. 
[19:18:09] [Thread-3/WARN]: Incorrect key treeDetection.leaves was corrected from null to its default, SimpleCommentedConfig:{}. 
[19:18:09] [Thread-3/WARN]: Incorrect key treeDetection.leaves.blocks was corrected from null to its default, [#treechop:leaves_like, #minecraft:leaves, pamhc2trees:pam[a-z]+]. 
[19:18:09] [Thread-3/WARN]: Incorrect key treeDetection.leaves.exceptions was corrected from null to its default, []. 
[19:18:09] [Thread-3/WARN]: Incorrect key chopCounting was corrected from null to its default, SimpleCommentedConfig:{}. 
[19:18:09] [Thread-3/WARN]: Incorrect key chopCounting.algorithm was corrected from null to its default, LOGARITHMIC. 
[19:18:09] [Thread-3/WARN]: Incorrect key chopCounting.rounding was corrected from null to its default, NEAREST. 
[19:18:09] [Thread-3/WARN]: Incorrect key chopCounting.canRequireMoreChopsThanBlocks was corrected from null to its default, false. 
[19:18:09] [Thread-3/WARN]: Incorrect key chopCounting.logarithmic was corrected from null to its default, SimpleCommentedConfig:{}. 
[19:18:09] [Thread-3/WARN]: Incorrect key chopCounting.logarithmic.a was corrected from null to its default, 10.0. 
[19:18:09] [Thread-3/WARN]: Incorrect key chopCounting.linear was corrected from null to its default, SimpleCommentedConfig:{}. 
[19:18:09] [Thread-3/WARN]: Incorrect key chopCounting.linear.chopsPerBlock was corrected from null to its default, 1.0. 
[19:18:09] [Thread-3/WARN]: Incorrect key chopCounting.linear.baseNumChops was corrected from null to its default, 0.0. 
[19:18:09] [Thread-3/WARN]: Incorrect key compatibility was corrected from null to its default, SimpleCommentedConfig:{}. 
[19:18:09] [Thread-3/WARN]: Incorrect key compatibility.general was corrected from null to its default, SimpleCommentedConfig:{}. 
[19:18:09] [Thread-3/WARN]: Incorrect key compatibility.general.choppingRequiresCorrectToolForDrops was corrected from null to its default, true. 
[19:18:09] [Thread-3/WARN]: Incorrect key compatibility.general.choppingRequiresFastBreakingTool was corrected from null to its default, false. 
[19:18:09] [Thread-3/WARN]: Incorrect key compatibility.general.preventChoppingOnRightClick was corrected from null to its default, false. 
[19:18:09] [Thread-3/WARN]: Incorrect key compatibility.general.preventChopRecursion was corrected from null to its default, true. 
[19:18:09] [Thread-3/WARN]: Incorrect key compatibility.general.blacklist was corrected from null to its default, SimpleCommentedConfig:{}. 
[19:18:09] [Thread-3/WARN]: Incorrect key compatibility.general.blacklist.blacklistOrWhitelist was corrected from null to its default, BLACKLIST. 
[19:18:09] [Thread-3/WARN]: Incorrect key compatibility.general.blacklist.items was corrected from null to its default, [botania:terra_axe, mekanism:atomic_disassembler, @lumberjack, practicaltools:iron_greataxe, practicaltools:golden_greataxe, practicaltools:diamond_greataxe, practicaltools:netherite_greataxe]. 
[19:18:09] [Thread-3/WARN]: Incorrect key compatibility.general.fakePlayerChopSettings was corrected from null to its default, SimpleCommentedConfig:{}. 
[19:18:09] [Thread-3/WARN]: Incorrect key compatibility.general.fakePlayerChopSettings.choppingEnabled was corrected from null to its default, false. 
[19:18:09] [Thread-3/WARN]: Incorrect key compatibility.general.fakePlayerChopSettings.fellingEnabled was corrected from null to its default, true. 
[19:18:09] [Thread-3/WARN]: Incorrect key compatibility.general.fakePlayerChopSettings.treesMustHaveLeaves was corrected from null to its default, true. 
[19:18:09] [Thread-3/WARN]: Incorrect key compatibility.trees was corrected from null to its default, SimpleCommentedConfig:{}. 
[19:18:09] [Thread-3/WARN]: Incorrect key compatibility.trees.hugeMushrooms was corrected from null to its default, SimpleCommentedConfig:{}. 
[19:18:09] [Thread-3/WARN]: Incorrect key compatibility.trees.hugeMushrooms.logs was corrected from null to its default, [#c:mushroom_stems]. 
[19:18:09] [Thread-3/WARN]: Incorrect key compatibility.trees.hugeMushrooms.leaves was corrected from null to its default, [#c:mushroom_caps]. 
[19:18:09] [Thread-3/WARN]: Incorrect key compatibility.trees.hugeFungi was corrected from null to its default, SimpleCommentedConfig:{}. 
[19:18:09] [Thread-3/WARN]: Incorrect key compatibility.trees.hugeFungi.logs was corrected from null to its default, [#minecraft:crimson_stems, #minecraft:warped_stems]. 
[19:18:09] [Thread-3/WARN]: Incorrect key compatibility.trees.hugeFungi.leaves was corrected from null to its default, [#minecraft:wart_blocks, minecraft:shroomlight]. 
[19:18:09] [Thread-3/WARN]: Incorrect key compatibility.trees.problematicLeavesTrees was corrected from null to its default, SimpleCommentedConfig:{}. 
[19:18:09] [Thread-3/WARN]: Incorrect key compatibility.trees.problematicLeavesTrees.logs was corrected from null to its default, [tropicraft:.*_log(_.*)?, mysticbiomes:.*_log, betternether:.*_bark, betternether:.*_log]. 
[19:18:09] [Thread-3/WARN]: Incorrect key compatibility.trees.problematicLeavesTrees.leaves was corrected from null to its default, [tropicraft:.*_leaves(_.*)?, betternether:.*_leaves]. 
[19:18:09] [Thread-3/WARN]: Incorrect key compatibility.API was corrected from null to its default, SimpleCommentedConfig:{}. 
[19:18:09] [Thread-3/WARN]: Incorrect key compatibility.API.verbose was corrected from null to its default, false. 
[19:18:09] [Thread-3/WARN]: Configuration file /workspaces/CraftCoso/servidor_minecraft/./config/treechop-common.toml is not correct. Correcting
[19:18:09] [Thread-3/WARN]: Incorrect key mod was corrected from null to its default, SimpleCommentedConfig:{}. 
[19:18:09] [Thread-3/WARN]: Incorrect key mod.enabled was corrected from null to its default, true. 
[19:18:09] [Thread-3/WARN]: Incorrect key mod.printDebugInfo was corrected from null to its default, true. 
[19:18:09] [Thread-3/WARN]: Incorrect key permissions was corrected from null to its default, SimpleCommentedConfig:{}. 
[19:18:09] [Thread-3/WARN]: Incorrect key permissions.choppingEnabled was corrected from null to its default, SimpleCommentedConfig:{}. 
[19:18:09] [Thread-3/WARN]: Incorrect key permissions.choppingEnabled.canBeFalse was corrected from null to its default, true. 
[19:18:09] [Thread-3/WARN]: Incorrect key permissions.choppingEnabled.canBeTrue was corrected from null to its default, true. 
[19:18:09] [Thread-3/WARN]: Incorrect key permissions.fellingEnabled was corrected from null to its default, SimpleCommentedConfig:{}. 
[19:18:09] [Thread-3/WARN]: Incorrect key permissions.fellingEnabled.canBeFalse was corrected from null to its default, true. 
[19:18:09] [Thread-3/WARN]: Incorrect key permissions.fellingEnabled.canBeTrue was corrected from null to its default, true. 
[19:18:09] [Thread-3/WARN]: Incorrect key permissions.sneakBehavior was corrected from null to its default, SimpleCommentedConfig:{}. 
[19:18:09] [Thread-3/WARN]: Incorrect key permissions.sneakBehavior.canBeInvertFelling was corrected from null to its default, true. 
[19:18:09] [Thread-3/WARN]: Incorrect key permissions.sneakBehavior.canBeInvertChopping was corrected from null to its default, true. 
[19:18:09] [Thread-3/WARN]: Incorrect key permissions.sneakBehavior.canBeNone was corrected from null to its default, true. 
[19:18:09] [Thread-3/WARN]: Incorrect key permissions.treeMustHaveLeaves was corrected from null to its default, SimpleCommentedConfig:{}. 
[19:18:09] [Thread-3/WARN]: Incorrect key permissions.treeMustHaveLeaves.canBeFalse was corrected from null to its default, true. 
[19:18:09] [Thread-3/WARN]: Incorrect key permissions.treeMustHaveLeaves.canBeTrue was corrected from null to its default, true. 
[19:18:09] [Thread-3/WARN]: Incorrect key permissions.chopInCreativeMode was corrected from null to its default, SimpleCommentedConfig:{}. 
[19:18:09] [Thread-3/WARN]: Incorrect key permissions.chopInCreativeMode.canBeFalse was corrected from null to its default, true. 
[19:18:09] [Thread-3/WARN]: Incorrect key permissions.chopInCreativeMode.canBeTrue was corrected from null to its default, true. 
[19:18:09] [Thread-3/WARN]: Incorrect key general was corrected from null to its default, SimpleCommentedConfig:{}. 
[19:18:09] [Thread-3/WARN]: Incorrect key general.dropLootForChoppedBlocks was corrected from null to its default, true. 
[19:18:09] [Thread-3/WARN]: Incorrect key treeDetection was corrected from null to its default, SimpleCommentedConfig:{}. 
[19:18:09] [Thread-3/WARN]: Incorrect key treeDetection.maxTreeBlocks was corrected from null to its default, 320. 
[19:18:09] [Thread-3/WARN]: Incorrect key treeDetection.maxLeavesBlocks was corrected from null to its default, 1024. 
[19:18:09] [Thread-3/WARN]: Incorrect key treeDetection.breakLeaves was corrected from null to its default, true. 
[19:18:09] [Thread-3/WARN]: Incorrect key treeDetection.ignorePersistentLeaves was corrected from null to its default, true. 
[19:18:09] [Thread-3/WARN]: Incorrect key treeDetection.maxBreakLeavesDistance was corrected from null to its default, 7. 
[19:18:09] [Thread-3/WARN]: Incorrect key treeDetection.logs was corrected from null to its default, SimpleCommentedConfig:{}. 
[19:18:09] [Thread-3/WARN]: Incorrect key treeDetection.logs.blocks was corrected from null to its default, [#treechop:choppables, #minecraft:logs]. 
[19:18:09] [Thread-3/WARN]: Incorrect key treeDetection.logs.exceptions was corrected from null to its default, [minecraft:bamboo, #dynamictrees:branches, dynamictrees:trunk_shell]. 
[19:18:09] [Thread-3/WARN]: Incorrect key treeDetection.leaves was corrected from null to its default, SimpleCommentedConfig:{}. 
[19:18:09] [Thread-3/WARN]: Incorrect key treeDetection.leaves.blocks was corrected from null to its default, [#treechop:leaves_like, #minecraft:leaves, pamhc2trees:pam[a-z]+]. 
[19:18:09] [Thread-3/WARN]: Incorrect key treeDetection.leaves.exceptions was corrected from null to its default, []. 
[19:18:09] [Thread-3/WARN]: Incorrect key chopCounting was corrected from null to its default, SimpleCommentedConfig:{}. 
[19:18:09] [Thread-3/WARN]: Incorrect key chopCounting.algorithm was corrected from null to its default, LOGARITHMIC. 
[19:18:09] [Thread-3/WARN]: Incorrect key chopCounting.rounding was corrected from null to its default, NEAREST. 
[19:18:09] [Thread-3/WARN]: Incorrect key chopCounting.canRequireMoreChopsThanBlocks was corrected from null to its default, false. 
[19:18:09] [Thread-3/WARN]: Incorrect key chopCounting.logarithmic was corrected from null to its default, SimpleCommentedConfig:{}. 
[19:18:09] [Thread-3/WARN]: Incorrect key chopCounting.logarithmic.a was corrected from null to its default, 10.0. 
[19:18:09] [Thread-3/WARN]: Incorrect key chopCounting.linear was corrected from null to its default, SimpleCommentedConfig:{}. 
[19:18:09] [Thread-3/WARN]: Incorrect key chopCounting.linear.chopsPerBlock was corrected from null to its default, 1.0. 
[19:18:09] [Thread-3/WARN]: Incorrect key chopCounting.linear.baseNumChops was corrected from null to its default, 0.0. 
[19:18:09] [Thread-3/WARN]: Incorrect key compatibility was corrected from null to its default, SimpleCommentedConfig:{}. 
[19:18:09] [Thread-3/WARN]: Incorrect key compatibility.general was corrected from null to its default, SimpleCommentedConfig:{}. 
[19:18:09] [Thread-3/WARN]: Incorrect key compatibility.general.choppingRequiresCorrectToolForDrops was corrected from null to its default, true. 
[19:18:09] [Thread-3/WARN]: Incorrect key compatibility.general.choppingRequiresFastBreakingTool was corrected from null to its default, false. 
[19:18:09] [Thread-3/WARN]: Incorrect key compatibility.general.preventChoppingOnRightClick was corrected from null to its default, false. 
[19:18:09] [Thread-3/WARN]: Incorrect key compatibility.general.preventChopRecursion was corrected from null to its default, true. 
[19:18:09] [Thread-3/WARN]: Incorrect key compatibility.general.blacklist was corrected from null to its default, SimpleCommentedConfig:{}. 
[19:18:09] [Thread-3/WARN]: Incorrect key compatibility.general.blacklist.blacklistOrWhitelist was corrected from null to its default, BLACKLIST. 
[19:18:09] [Thread-3/WARN]: Incorrect key compatibility.general.blacklist.items was corrected from null to its default, [botania:terra_axe, mekanism:atomic_disassembler, @lumberjack, practicaltools:iron_greataxe, practicaltools:golden_greataxe, practicaltools:diamond_greataxe, practicaltools:netherite_greataxe]. 
[19:18:09] [Thread-3/WARN]: Incorrect key compatibility.general.fakePlayerChopSettings was corrected from null to its default, SimpleCommentedConfig:{}. 
[19:18:09] [Thread-3/WARN]: Incorrect key compatibility.general.fakePlayerChopSettings.choppingEnabled was corrected from null to its default, false. 
[19:18:09] [Thread-3/WARN]: Incorrect key compatibility.general.fakePlayerChopSettings.fellingEnabled was corrected from null to its default, true. 
[19:18:09] [Thread-3/WARN]: Incorrect key compatibility.general.fakePlayerChopSettings.treesMustHaveLeaves was corrected from null to its default, true. 
[19:18:09] [Thread-3/WARN]: Incorrect key compatibility.trees was corrected from null to its default, SimpleCommentedConfig:{}. 
[19:18:09] [Thread-3/WARN]: Incorrect key compatibility.trees.hugeMushrooms was corrected from null to its default, SimpleCommentedConfig:{}. 
[19:18:09] [Thread-3/WARN]: Incorrect key compatibility.trees.hugeMushrooms.logs was corrected from null to its default, [#c:mushroom_stems]. 
[19:18:09] [Thread-3/WARN]: Incorrect key compatibility.trees.hugeMushrooms.leaves was corrected from null to its default, [#c:mushroom_caps]. 
[19:18:09] [Thread-3/WARN]: Incorrect key compatibility.trees.hugeFungi was corrected from null to its default, SimpleCommentedConfig:{}. 
[19:18:09] [Thread-3/WARN]: Incorrect key compatibility.trees.hugeFungi.logs was corrected from null to its default, [#minecraft:crimson_stems, #minecraft:warped_stems]. 
[19:18:09] [Thread-3/WARN]: Incorrect key compatibility.trees.hugeFungi.leaves was corrected from null to its default, [#minecraft:wart_blocks, minecraft:shroomlight]. 
[19:18:09] [Thread-3/WARN]: Incorrect key compatibility.trees.problematicLeavesTrees was corrected from null to its default, SimpleCommentedConfig:{}. 
[19:18:09] [Thread-3/WARN]: Incorrect key compatibility.trees.problematicLeavesTrees.logs was corrected from null to its default, [tropicraft:.*_log(_.*)?, mysticbiomes:.*_log, betternether:.*_bark, betternether:.*_log]. 
[19:18:09] [Thread-3/WARN]: Incorrect key compatibility.trees.problematicLeavesTrees.leaves was corrected from null to its default, [tropicraft:.*_leaves(_.*)?, betternether:.*_leaves]. 
[19:18:09] [Thread-3/WARN]: Incorrect key compatibility.API was corrected from null to its default, SimpleCommentedConfig:{}. 
[19:18:09] [Thread-3/WARN]: Incorrect key compatibility.API.verbose was corrected from null to its default, false. 
[19:18:09] [Thread-3/WARN]: Configuration file /workspaces/CraftCoso/servidor_minecraft/./config/treechop-common.toml is not correct. Correcting
[19:18:09] [Thread-3/WARN]: Incorrect key mod was corrected from null to its default, SimpleCommentedConfig:{}. 
[19:18:09] [Thread-3/WARN]: Incorrect key mod.enabled was corrected from null to its default, true. 
[19:18:09] [Thread-3/WARN]: Incorrect key mod.printDebugInfo was corrected from null to its default, true. 
[19:18:09] [Thread-3/WARN]: Incorrect key permissions was corrected from null to its default, SimpleCommentedConfig:{}. 
[19:18:09] [Thread-3/WARN]: Incorrect key permissions.choppingEnabled was corrected from null to its default, SimpleCommentedConfig:{}. 
[19:18:09] [Thread-3/WARN]: Incorrect key permissions.choppingEnabled.canBeFalse was corrected from null to its default, true. 
[19:18:09] [Thread-3/WARN]: Incorrect key permissions.choppingEnabled.canBeTrue was corrected from null to its default, true. 
[19:18:09] [Thread-3/WARN]: Incorrect key permissions.fellingEnabled was corrected from null to its default, SimpleCommentedConfig:{}. 
[19:18:09] [Thread-3/WARN]: Incorrect key permissions.fellingEnabled.canBeFalse was corrected from null to its default, true. 
[19:18:09] [Thread-3/WARN]: Incorrect key permissions.fellingEnabled.canBeTrue was corrected from null to its default, true. 
[19:18:09] [Thread-3/WARN]: Incorrect key permissions.sneakBehavior was corrected from null to its default, SimpleCommentedConfig:{}. 
[19:18:09] [Thread-3/WARN]: Incorrect key permissions.sneakBehavior.canBeInvertFelling was corrected from null to its default, true. 
[19:18:09] [Thread-3/WARN]: Incorrect key permissions.sneakBehavior.canBeInvertChopping was corrected from null to its default, true. 
[19:18:09] [Thread-3/WARN]: Incorrect key permissions.sneakBehavior.canBeNone was corrected from null to its default, true. 
[19:18:09] [Thread-3/WARN]: Incorrect key permissions.treeMustHaveLeaves was corrected from null to its default, SimpleCommentedConfig:{}. 
[19:18:09] [Thread-3/WARN]: Incorrect key permissions.treeMustHaveLeaves.canBeFalse was corrected from null to its default, true. 
[19:18:09] [Thread-3/WARN]: Incorrect key permissions.treeMustHaveLeaves.canBeTrue was corrected from null to its default, true. 
[19:18:09] [Thread-3/WARN]: Incorrect key permissions.chopInCreativeMode was corrected from null to its default, SimpleCommentedConfig:{}. 
[19:18:09] [Thread-3/WARN]: Incorrect key permissions.chopInCreativeMode.canBeFalse was corrected from null to its default, true. 
[19:18:09] [Thread-3/WARN]: Incorrect key permissions.chopInCreativeMode.canBeTrue was corrected from null to its default, true. 
[19:18:09] [Thread-3/WARN]: Incorrect key general was corrected from null to its default, SimpleCommentedConfig:{}. 
[19:18:09] [Thread-3/WARN]: Incorrect key general.dropLootForChoppedBlocks was corrected from null to its default, true. 
[19:18:09] [Thread-3/WARN]: Incorrect key treeDetection was corrected from null to its default, SimpleCommentedConfig:{}. 
[19:18:09] [Thread-3/WARN]: Incorrect key treeDetection.maxTreeBlocks was corrected from null to its default, 320. 
[19:18:09] [Thread-3/WARN]: Incorrect key treeDetection.maxLeavesBlocks was corrected from null to its default, 1024. 
[19:18:09] [Thread-3/WARN]: Incorrect key treeDetection.breakLeaves was corrected from null to its default, true. 
[19:18:09] [Thread-3/WARN]: Incorrect key treeDetection.ignorePersistentLeaves was corrected from null to its default, true. 
[19:18:09] [Thread-3/WARN]: Incorrect key treeDetection.maxBreakLeavesDistance was corrected from null to its default, 7. 
[19:18:09] [Thread-3/WARN]: Incorrect key treeDetection.logs was corrected from null to its default, SimpleCommentedConfig:{}. 
[19:18:09] [Thread-3/WARN]: Incorrect key treeDetection.logs.blocks was corrected from null to its default, [#treechop:choppables, #minecraft:logs]. 
[19:18:09] [Thread-3/WARN]: Incorrect key treeDetection.logs.exceptions was corrected from null to its default, [minecraft:bamboo, #dynamictrees:branches, dynamictrees:trunk_shell]. 
[19:18:09] [Thread-3/WARN]: Incorrect key treeDetection.leaves was corrected from null to its default, SimpleCommentedConfig:{}. 
[19:18:09] [Thread-3/WARN]: Incorrect key treeDetection.leaves.blocks was corrected from null to its default, [#treechop:leaves_like, #minecraft:leaves, pamhc2trees:pam[a-z]+]. 
[19:18:09] [Thread-3/WARN]: Incorrect key treeDetection.leaves.exceptions was corrected from null to its default, []. 
[19:18:09] [Thread-3/WARN]: Incorrect key chopCounting was corrected from null to its default, SimpleCommentedConfig:{}. 
[19:18:09] [Thread-3/WARN]: Incorrect key chopCounting.algorithm was corrected from null to its default, LOGARITHMIC. 
[19:18:09] [Thread-3/WARN]: Incorrect key chopCounting.rounding was corrected from null to its default, NEAREST. 
[19:18:09] [Thread-3/WARN]: Incorrect key chopCounting.canRequireMoreChopsThanBlocks was corrected from null to its default, false. 
[19:18:09] [Thread-3/WARN]: Incorrect key chopCounting.logarithmic was corrected from null to its default, SimpleCommentedConfig:{}. 
[19:18:09] [Thread-3/WARN]: Incorrect key chopCounting.logarithmic.a was corrected from null to its default, 10.0. 
[19:18:09] [Thread-3/WARN]: Incorrect key chopCounting.linear was corrected from null to its default, SimpleCommentedConfig:{}. 
[19:18:09] [Thread-3/WARN]: Incorrect key chopCounting.linear.chopsPerBlock was corrected from null to its default, 1.0. 
[19:18:09] [Thread-3/WARN]: Incorrect key chopCounting.linear.baseNumChops was corrected from null to its default, 0.0. 
[19:18:09] [Thread-3/WARN]: Incorrect key compatibility was corrected from null to its default, SimpleCommentedConfig:{}. 
[19:18:09] [Thread-3/WARN]: Incorrect key compatibility.general was corrected from null to its default, SimpleCommentedConfig:{}. 
[19:18:09] [Thread-3/WARN]: Incorrect key compatibility.general.choppingRequiresCorrectToolForDrops was corrected from null to its default, true. 
[19:18:09] [Thread-3/WARN]: Incorrect key compatibility.general.choppingRequiresFastBreakingTool was corrected from null to its default, false. 
[19:18:09] [Thread-3/WARN]: Incorrect key compatibility.general.preventChoppingOnRightClick was corrected from null to its default, false. 
[19:18:09] [Thread-3/WARN]: Incorrect key compatibility.general.preventChopRecursion was corrected from null to its default, true. 
[19:18:09] [Thread-3/WARN]: Incorrect key compatibility.general.blacklist was corrected from null to its default, SimpleCommentedConfig:{}. 
[19:18:09] [Thread-3/WARN]: Incorrect key compatibility.general.blacklist.blacklistOrWhitelist was corrected from null to its default, BLACKLIST. 
[19:18:09] [Thread-3/WARN]: Incorrect key compatibility.general.blacklist.items was corrected from null to its default, [botania:terra_axe, mekanism:atomic_disassembler, @lumberjack, practicaltools:iron_greataxe, practicaltools:golden_greataxe, practicaltools:diamond_greataxe, practicaltools:netherite_greataxe]. 
[19:18:09] [Thread-3/WARN]: Incorrect key compatibility.general.fakePlayerChopSettings was corrected from null to its default, SimpleCommentedConfig:{}. 
[19:18:09] [Thread-3/WARN]: Incorrect key compatibility.general.fakePlayerChopSettings.choppingEnabled was corrected from null to its default, false. 
[19:18:09] [Thread-3/WARN]: Incorrect key compatibility.general.fakePlayerChopSettings.fellingEnabled was corrected from null to its default, true. 
[19:18:09] [Thread-3/WARN]: Incorrect key compatibility.general.fakePlayerChopSettings.treesMustHaveLeaves was corrected from null to its default, true. 
[19:18:09] [Thread-3/WARN]: Incorrect key compatibility.trees was corrected from null to its default, SimpleCommentedConfig:{}. 
[19:18:09] [Thread-3/WARN]: Incorrect key compatibility.trees.hugeMushrooms was corrected from null to its default, SimpleCommentedConfig:{}. 
[19:18:09] [Thread-3/WARN]: Incorrect key compatibility.trees.hugeMushrooms.logs was corrected from null to its default, [#c:mushroom_stems]. 
[19:18:09] [Thread-3/WARN]: Incorrect key compatibility.trees.hugeMushrooms.leaves was corrected from null to its default, [#c:mushroom_caps]. 
[19:18:09] [Thread-3/WARN]: Incorrect key compatibility.trees.hugeFungi was corrected from null to its default, SimpleCommentedConfig:{}. 
[19:18:09] [Thread-3/WARN]: Incorrect key compatibility.trees.hugeFungi.logs was corrected from null to its default, [#minecraft:crimson_stems, #minecraft:warped_stems]. 
[19:18:09] [Thread-3/WARN]: Incorrect key compatibility.trees.hugeFungi.leaves was corrected from null to its default, [#minecraft:wart_blocks, minecraft:shroomlight]. 
[19:18:09] [Thread-3/WARN]: Incorrect key compatibility.trees.problematicLeavesTrees was corrected from null to its default, SimpleCommentedConfig:{}. 
[19:18:09] [Thread-3/WARN]: Incorrect key compatibility.trees.problematicLeavesTrees.logs was corrected from null to its default, [tropicraft:.*_log(_.*)?, mysticbiomes:.*_log, betternether:.*_bark, betternether:.*_log]. 
[19:18:09] [Thread-3/WARN]: Incorrect key compatibility.trees.problematicLeavesTrees.leaves was corrected from null to its default, [tropicraft:.*_leaves(_.*)?, betternether:.*_leaves]. 
[19:18:09] [Thread-3/WARN]: Incorrect key compatibility.API was corrected from null to its default, SimpleCommentedConfig:{}. 
[19:18:09] [Thread-3/WARN]: Incorrect key compatibility.API.verbose was corrected from null to its default, false. 
[19:18:09] [Thread-3/WARN]: Configuration file /workspaces/CraftCoso/servidor_minecraft/./config/treechop-common.toml is not correct. Correcting
[19:18:09] [Thread-3/WARN]: Incorrect key chopCounting.algorithm was corrected from null to its default, LOGARITHMIC. 
[19:18:09] [Thread-3/WARN]: Incorrect key chopCounting.rounding was corrected from null to its default, NEAREST. 
[19:18:09] [Thread-3/WARN]: Incorrect key chopCounting.canRequireMoreChopsThanBlocks was corrected from null to its default, false. 
[19:18:09] [Thread-3/WARN]: Incorrect key chopCounting.logarithmic was corrected from null to its default, SimpleCommentedConfig:{}. 
[19:18:09] [Thread-3/WARN]: Incorrect key chopCounting.logarithmic.a was corrected from null to its default, 10.0. 
[19:18:09] [Thread-3/WARN]: Incorrect key chopCounting.linear was corrected from null to its default, SimpleCommentedConfig:{}. 
[19:18:09] [Thread-3/WARN]: Incorrect key chopCounting.linear.chopsPerBlock was corrected from null to its default, 1.0. 
[19:18:09] [Thread-3/WARN]: Incorrect key chopCounting.linear.baseNumChops was corrected from null to its default, 0.0. 
[19:18:09] [Thread-3/WARN]: Incorrect key compatibility was corrected from null to its default, SimpleCommentedConfig:{}. 
[19:18:09] [Thread-3/WARN]: Incorrect key compatibility.general was corrected from null to its default, SimpleCommentedConfig:{}. 
[19:18:09] [Thread-3/WARN]: Incorrect key compatibility.general.choppingRequiresCorrectToolForDrops was corrected from null to its default, true. 
[19:18:09] [Thread-3/WARN]: Incorrect key compatibility.general.choppingRequiresFastBreakingTool was corrected from null to its default, false. 
[19:18:09] [Thread-3/WARN]: Incorrect key compatibility.general.preventChoppingOnRightClick was corrected from null to its default, false. 
[19:18:09] [Thread-3/WARN]: Incorrect key compatibility.general.preventChopRecursion was corrected from null to its default, true. 
[19:18:09] [Thread-3/WARN]: Incorrect key compatibility.general.blacklist was corrected from null to its default, SimpleCommentedConfig:{}. 
[19:18:09] [Thread-3/WARN]: Incorrect key compatibility.general.blacklist.blacklistOrWhitelist was corrected from null to its default, BLACKLIST. 
[19:18:09] [Thread-3/WARN]: Incorrect key compatibility.general.blacklist.items was corrected from null to its default, [botania:terra_axe, mekanism:atomic_disassembler, @lumberjack, practicaltools:iron_greataxe, practicaltools:golden_greataxe, practicaltools:diamond_greataxe, practicaltools:netherite_greataxe]. 
[19:18:09] [Thread-3/WARN]: Incorrect key compatibility.general.fakePlayerChopSettings was corrected from null to its default, SimpleCommentedConfig:{}. 
[19:18:09] [Thread-3/WARN]: Incorrect key compatibility.general.fakePlayerChopSettings.choppingEnabled was corrected from null to its default, false. 
[19:18:09] [Thread-3/WARN]: Incorrect key compatibility.general.fakePlayerChopSettings.fellingEnabled was corrected from null to its default, true. 
[19:18:09] [Thread-3/WARN]: Incorrect key compatibility.general.fakePlayerChopSettings.treesMustHaveLeaves was corrected from null to its default, true. 
[19:18:09] [Thread-3/WARN]: Incorrect key compatibility.trees was corrected from null to its default, SimpleCommentedConfig:{}. 
[19:18:09] [Thread-3/WARN]: Incorrect key compatibility.trees.hugeMushrooms was corrected from null to its default, SimpleCommentedConfig:{}. 
[19:18:09] [Thread-3/WARN]: Incorrect key compatibility.trees.hugeMushrooms.logs was corrected from null to its default, [#c:mushroom_stems]. 
[19:18:09] [Thread-3/WARN]: Incorrect key compatibility.trees.hugeMushrooms.leaves was corrected from null to its default, [#c:mushroom_caps]. 
[19:18:09] [Thread-3/WARN]: Incorrect key compatibility.trees.hugeFungi was corrected from null to its default, SimpleCommentedConfig:{}. 
[19:18:09] [Thread-3/WARN]: Incorrect key compatibility.trees.hugeFungi.logs was corrected from null to its default, [#minecraft:crimson_stems, #minecraft:warped_stems]. 
[19:18:09] [Thread-3/WARN]: Incorrect key compatibility.trees.hugeFungi.leaves was corrected from null to its default, [#minecraft:wart_blocks, minecraft:shroomlight]. 
[19:18:09] [Thread-3/WARN]: Incorrect key compatibility.trees.problematicLeavesTrees was corrected from null to its default, SimpleCommentedConfig:{}. 
[19:18:09] [Thread-3/WARN]: Incorrect key compatibility.trees.problematicLeavesTrees.logs was corrected from null to its default, [tropicraft:.*_log(_.*)?, mysticbiomes:.*_log, betternether:.*_bark, betternether:.*_log]. 
[19:18:09] [Thread-3/WARN]: Incorrect key compatibility.trees.problematicLeavesTrees.leaves was corrected from null to its default, [tropicraft:.*_leaves(_.*)?, betternether:.*_leaves]. 
[19:18:09] [Thread-3/WARN]: Incorrect key compatibility.API was corrected from null to its default, SimpleCommentedConfig:{}. 
[19:18:09] [Thread-3/WARN]: Incorrect key compatibility.API.verbose was corrected from null to its default, false. 
[19:18:09] [Thread-3/WARN]: Configuration file /workspaces/CraftCoso/servidor_minecraft/./config/treechop-common.toml is not correct. Correcting
[19:18:09] [Thread-3/WARN]: Incorrect key mod was corrected from null to its default, SimpleCommentedConfig:{}. 
[19:18:09] [Thread-3/WARN]: Incorrect key mod.enabled was corrected from null to its default, true. 
[19:18:09] [Thread-3/WARN]: Incorrect key mod.printDebugInfo was corrected from null to its default, true. 
[19:18:09] [Thread-3/WARN]: Incorrect key permissions was corrected from null to its default, SimpleCommentedConfig:{}. 
[19:18:09] [Thread-3/WARN]: Incorrect key permissions.choppingEnabled was corrected from null to its default, SimpleCommentedConfig:{}. 
[19:18:09] [Thread-3/WARN]: Incorrect key permissions.choppingEnabled.canBeFalse was corrected from null to its default, true. 
[19:18:09] [Thread-3/WARN]: Incorrect key permissions.choppingEnabled.canBeTrue was corrected from null to its default, true. 
[19:18:09] [Thread-3/WARN]: Incorrect key permissions.fellingEnabled was corrected from null to its default, SimpleCommentedConfig:{}. 
[19:18:09] [Thread-3/WARN]: Incorrect key permissions.fellingEnabled.canBeFalse was corrected from null to its default, true. 
[19:18:09] [Thread-3/WARN]: Incorrect key permissions.fellingEnabled.canBeTrue was corrected from null to its default, true. 
[19:18:09] [Thread-3/WARN]: Incorrect key permissions.sneakBehavior was corrected from null to its default, SimpleCommentedConfig:{}. 
[19:18:09] [Thread-3/WARN]: Incorrect key permissions.sneakBehavior.canBeInvertFelling was corrected from null to its default, true. 
[19:18:09] [Thread-3/WARN]: Incorrect key permissions.sneakBehavior.canBeInvertChopping was corrected from null to its default, true. 
[19:18:09] [Thread-3/WARN]: Incorrect key permissions.sneakBehavior.canBeNone was corrected from null to its default, true. 
[19:18:09] [Thread-3/WARN]: Incorrect key permissions.treeMustHaveLeaves was corrected from null to its default, SimpleCommentedConfig:{}. 
[19:18:09] [Thread-3/WARN]: Incorrect key permissions.treeMustHaveLeaves.canBeFalse was corrected from null to its default, true. 
[19:18:09] [Thread-3/WARN]: Incorrect key permissions.treeMustHaveLeaves.canBeTrue was corrected from null to its default, true. 
[19:18:09] [Thread-3/WARN]: Incorrect key permissions.chopInCreativeMode was corrected from null to its default, SimpleCommentedConfig:{}. 
[19:18:09] [Thread-3/WARN]: Incorrect key permissions.chopInCreativeMode.canBeFalse was corrected from null to its default, true. 
[19:18:09] [Thread-3/WARN]: Incorrect key permissions.chopInCreativeMode.canBeTrue was corrected from null to its default, true. 
[19:18:09] [Thread-3/WARN]: Incorrect key general was corrected from null to its default, SimpleCommentedConfig:{}. 
[19:18:09] [Thread-3/WARN]: Incorrect key general.dropLootForChoppedBlocks was corrected from null to its default, true. 
[19:18:09] [Thread-3/WARN]: Incorrect key treeDetection was corrected from null to its default, SimpleCommentedConfig:{}. 
[19:18:09] [Thread-3/WARN]: Incorrect key treeDetection.maxTreeBlocks was corrected from null to its default, 320. 
[19:18:09] [Thread-3/WARN]: Incorrect key treeDetection.maxLeavesBlocks was corrected from null to its default, 1024. 
[19:18:09] [Thread-3/WARN]: Incorrect key treeDetection.breakLeaves was corrected from null to its default, true. 
[19:18:09] [Thread-3/WARN]: Incorrect key treeDetection.ignorePersistentLeaves was corrected from null to its default, true. 
[19:18:09] [Thread-3/WARN]: Incorrect key treeDetection.maxBreakLeavesDistance was corrected from null to its default, 7. 
[19:18:09] [Thread-3/WARN]: Incorrect key treeDetection.logs was corrected from null to its default, SimpleCommentedConfig:{}. 
[19:18:09] [Thread-3/WARN]: Incorrect key treeDetection.logs.blocks was corrected from null to its default, [#treechop:choppables, #minecraft:logs]. 
[19:18:09] [Thread-3/WARN]: Incorrect key treeDetection.logs.exceptions was corrected from null to its default, [minecraft:bamboo, #dynamictrees:branches, dynamictrees:trunk_shell]. 
[19:18:09] [Thread-3/WARN]: Incorrect key treeDetection.leaves was corrected from null to its default, SimpleCommentedConfig:{}. 
[19:18:09] [Thread-3/WARN]: Incorrect key treeDetection.leaves.blocks was corrected from null to its default, [#treechop:leaves_like, #minecraft:leaves, pamhc2trees:pam[a-z]+]. 
[19:18:09] [Thread-3/WARN]: Incorrect key treeDetection.leaves.exceptions was corrected from null to its default, []. 
[19:18:09] [Thread-3/WARN]: Incorrect key chopCounting was corrected from null to its default, SimpleCommentedConfig:{}. 
[19:18:09] [Thread-3/WARN]: Incorrect key chopCounting.algorithm was corrected from null to its default, LOGARITHMIC. 
[19:18:09] [Thread-3/WARN]: Incorrect key chopCounting.rounding was corrected from null to its default, NEAREST. 
[19:18:09] [Thread-3/WARN]: Incorrect key chopCounting.canRequireMoreChopsThanBlocks was corrected from null to its default, false. 
[19:18:09] [Thread-3/WARN]: Incorrect key chopCounting.logarithmic was corrected from null to its default, SimpleCommentedConfig:{}. 
[19:18:09] [Thread-3/WARN]: Incorrect key chopCounting.logarithmic.a was corrected from null to its default, 10.0. 
[19:18:09] [Thread-3/WARN]: Incorrect key chopCounting.linear was corrected from null to its default, SimpleCommentedConfig:{}. 
[19:18:09] [Thread-3/WARN]: Incorrect key chopCounting.linear.chopsPerBlock was corrected from null to its default, 1.0. 
[19:18:09] [Thread-3/WARN]: Incorrect key chopCounting.linear.baseNumChops was corrected from null to its default, 0.0. 
[19:18:09] [Thread-3/WARN]: Incorrect key compatibility was corrected from null to its default, SimpleCommentedConfig:{}. 
[19:18:09] [Thread-3/WARN]: Incorrect key compatibility.general was corrected from null to its default, SimpleCommentedConfig:{}. 
[19:18:09] [Thread-3/WARN]: Incorrect key compatibility.general.choppingRequiresCorrectToolForDrops was corrected from null to its default, true. 
[19:18:09] [Thread-3/WARN]: Incorrect key compatibility.general.choppingRequiresFastBreakingTool was corrected from null to its default, false. 
[19:18:09] [Thread-3/WARN]: Incorrect key compatibility.general.preventChoppingOnRightClick was corrected from null to its default, false. 
[19:18:09] [Thread-3/WARN]: Incorrect key compatibility.general.preventChopRecursion was corrected from null to its default, true. 
[19:18:09] [Thread-3/WARN]: Incorrect key compatibility.general.blacklist was corrected from null to its default, SimpleCommentedConfig:{}. 
[19:18:09] [Thread-3/WARN]: Incorrect key compatibility.general.blacklist.blacklistOrWhitelist was corrected from null to its default, BLACKLIST. 
[19:18:09] [Thread-3/WARN]: Incorrect key compatibility.general.blacklist.items was corrected from null to its default, [botania:terra_axe, mekanism:atomic_disassembler, @lumberjack, practicaltools:iron_greataxe, practicaltools:golden_greataxe, practicaltools:diamond_greataxe, practicaltools:netherite_greataxe]. 
[19:18:09] [Thread-3/WARN]: Incorrect key compatibility.general.fakePlayerChopSettings was corrected from null to its default, SimpleCommentedConfig:{}. 
[19:18:09] [Thread-3/WARN]: Incorrect key compatibility.general.fakePlayerChopSettings.choppingEnabled was corrected from null to its default, false. 
[19:18:09] [Thread-3/WARN]: Incorrect key compatibility.general.fakePlayerChopSettings.fellingEnabled was corrected from null to its default, true. 
[19:18:09] [Thread-3/WARN]: Incorrect key compatibility.general.fakePlayerChopSettings.treesMustHaveLeaves was corrected from null to its default, true. 
[19:18:09] [Thread-3/WARN]: Incorrect key compatibility.trees was corrected from null to its default, SimpleCommentedConfig:{}. 
[19:18:09] [Thread-3/WARN]: Incorrect key compatibility.trees.hugeMushrooms was corrected from null to its default, SimpleCommentedConfig:{}. 
[19:18:09] [Thread-3/WARN]: Incorrect key compatibility.trees.hugeMushrooms.logs was corrected from null to its default, [#c:mushroom_stems]. 
[19:18:09] [Thread-3/WARN]: Incorrect key compatibility.trees.hugeMushrooms.leaves was corrected from null to its default, [#c:mushroom_caps]. 
[19:18:09] [Thread-3/WARN]: Incorrect key compatibility.trees.hugeFungi was corrected from null to its default, SimpleCommentedConfig:{}. 
[19:18:09] [Thread-3/WARN]: Incorrect key compatibility.trees.hugeFungi.logs was corrected from null to its default, [#minecraft:crimson_stems, #minecraft:warped_stems]. 
[19:18:09] [Thread-3/WARN]: Incorrect key compatibility.trees.hugeFungi.leaves was corrected from null to its default, [#minecraft:wart_blocks, minecraft:shroomlight]. 
[19:18:09] [Thread-3/WARN]: Incorrect key compatibility.trees.problematicLeavesTrees was corrected from null to its default, SimpleCommentedConfig:{}. 
[19:18:09] [Thread-3/WARN]: Incorrect key compatibility.trees.problematicLeavesTrees.logs was corrected from null to its default, [tropicraft:.*_log(_.*)?, mysticbiomes:.*_log, betternether:.*_bark, betternether:.*_log]. 
[19:18:09] [Thread-3/WARN]: Incorrect key compatibility.trees.problematicLeavesTrees.leaves was corrected from null to its default, [tropicraft:.*_leaves(_.*)?, betternether:.*_leaves]. 
[19:18:09] [Thread-3/WARN]: Incorrect key compatibility.API was corrected from null to its default, SimpleCommentedConfig:{}. 
[19:18:09] [Thread-3/WARN]: Incorrect key compatibility.API.verbose was corrected from null to its default, false. 
[19:18:09] [Thread-3/WARN]: Configuration file /workspaces/CraftCoso/servidor_minecraft/./config/treechop-common.toml is not correct. Correcting
[19:18:09] [Thread-3/WARN]: Incorrect key mod was corrected from null to its default, SimpleCommentedConfig:{}. 
[19:18:09] [Thread-3/WARN]: Incorrect key mod.enabled was corrected from null to its default, true. 
[19:18:09] [Thread-3/WARN]: Incorrect key mod.printDebugInfo was corrected from null to its default, true. 
[19:18:09] [Thread-3/WARN]: Incorrect key permissions was corrected from null to its default, SimpleCommentedConfig:{}. 
[19:18:09] [Thread-3/WARN]: Incorrect key permissions.choppingEnabled was corrected from null to its default, SimpleCommentedConfig:{}. 
[19:18:09] [Thread-3/WARN]: Incorrect key permissions.choppingEnabled.canBeFalse was corrected from null to its default, true. 
[19:18:09] [Thread-3/WARN]: Incorrect key permissions.choppingEnabled.canBeTrue was corrected from null to its default, true. 
[19:18:09] [Thread-3/WARN]: Incorrect key permissions.fellingEnabled was corrected from null to its default, SimpleCommentedConfig:{}. 
[19:18:09] [Thread-3/WARN]: Incorrect key permissions.fellingEnabled.canBeFalse was corrected from null to its default, true. 
[19:18:09] [Thread-3/WARN]: Incorrect key permissions.fellingEnabled.canBeTrue was corrected from null to its default, true. 
[19:18:09] [Thread-3/WARN]: Incorrect key permissions.sneakBehavior was corrected from null to its default, SimpleCommentedConfig:{}. 
[19:18:09] [Thread-3/WARN]: Incorrect key permissions.sneakBehavior.canBeInvertFelling was corrected from null to its default, true. 
[19:18:09] [Thread-3/WARN]: Incorrect key permissions.sneakBehavior.canBeInvertChopping was corrected from null to its default, true. 
[19:18:09] [Thread-3/WARN]: Incorrect key permissions.sneakBehavior.canBeNone was corrected from null to its default, true. 
[19:18:09] [Thread-3/WARN]: Incorrect key permissions.treeMustHaveLeaves was corrected from null to its default, SimpleCommentedConfig:{}. 
[19:18:09] [Thread-3/WARN]: Incorrect key permissions.treeMustHaveLeaves.canBeFalse was corrected from null to its default, true. 
[19:18:09] [Thread-3/WARN]: Incorrect key permissions.treeMustHaveLeaves.canBeTrue was corrected from null to its default, true. 
[19:18:09] [Thread-3/WARN]: Incorrect key permissions.chopInCreativeMode was corrected from null to its default, SimpleCommentedConfig:{}. 
[19:18:09] [Thread-3/WARN]: Incorrect key permissions.chopInCreativeMode.canBeFalse was corrected from null to its default, true. 
[19:18:09] [Thread-3/WARN]: Incorrect key permissions.chopInCreativeMode.canBeTrue was corrected from null to its default, true. 
[19:18:09] [Thread-3/WARN]: Incorrect key general was corrected from null to its default, SimpleCommentedConfig:{}. 
[19:18:09] [Thread-3/WARN]: Incorrect key general.dropLootForChoppedBlocks was corrected from null to its default, true. 
[19:18:09] [Thread-3/WARN]: Incorrect key treeDetection was corrected from null to its default, SimpleCommentedConfig:{}. 
[19:18:09] [Thread-3/WARN]: Incorrect key treeDetection.maxTreeBlocks was corrected from null to its default, 320. 
[19:18:09] [Thread-3/WARN]: Incorrect key treeDetection.maxLeavesBlocks was corrected from null to its default, 1024. 
[19:18:09] [Thread-3/WARN]: Incorrect key treeDetection.breakLeaves was corrected from null to its default, true. 
[19:18:09] [Thread-3/WARN]: Incorrect key treeDetection.ignorePersistentLeaves was corrected from null to its default, true. 
[19:18:09] [Thread-3/WARN]: Incorrect key treeDetection.maxBreakLeavesDistance was corrected from null to its default, 7. 
[19:18:09] [Thread-3/WARN]: Incorrect key treeDetection.logs was corrected from null to its default, SimpleCommentedConfig:{}. 
[19:18:09] [Thread-3/WARN]: Incorrect key treeDetection.logs.blocks was corrected from null to its default, [#treechop:choppables, #minecraft:logs]. 
[19:18:09] [Thread-3/WARN]: Incorrect key treeDetection.logs.exceptions was corrected from null to its default, [minecraft:bamboo, #dynamictrees:branches, dynamictrees:trunk_shell]. 
[19:18:09] [Thread-3/WARN]: Incorrect key treeDetection.leaves was corrected from null to its default, SimpleCommentedConfig:{}. 
[19:18:09] [Thread-3/WARN]: Incorrect key treeDetection.leaves.blocks was corrected from null to its default, [#treechop:leaves_like, #minecraft:leaves, pamhc2trees:pam[a-z]+]. 
[19:18:09] [Thread-3/WARN]: Incorrect key treeDetection.leaves.exceptions was corrected from null to its default, []. 
[19:18:09] [Thread-3/WARN]: Incorrect key chopCounting was corrected from null to its default, SimpleCommentedConfig:{}. 
[19:18:09] [Thread-3/WARN]: Incorrect key chopCounting.algorithm was corrected from null to its default, LOGARITHMIC. 
[19:18:09] [Thread-3/WARN]: Incorrect key chopCounting.rounding was corrected from null to its default, NEAREST. 
[19:18:09] [Thread-3/WARN]: Incorrect key chopCounting.canRequireMoreChopsThanBlocks was corrected from null to its default, false. 
[19:18:09] [Thread-3/WARN]: Incorrect key chopCounting.logarithmic was corrected from null to its default, SimpleCommentedConfig:{}. 
[19:18:09] [Thread-3/WARN]: Incorrect key chopCounting.logarithmic.a was corrected from null to its default, 10.0. 
[19:18:09] [Thread-3/WARN]: Incorrect key chopCounting.linear was corrected from null to its default, SimpleCommentedConfig:{}. 
[19:18:09] [Thread-3/WARN]: Incorrect key chopCounting.linear.chopsPerBlock was corrected from null to its default, 1.0. 
[19:18:09] [Thread-3/WARN]: Incorrect key chopCounting.linear.baseNumChops was corrected from null to its default, 0.0. 
[19:18:09] [Thread-3/WARN]: Incorrect key compatibility was corrected from null to its default, SimpleCommentedConfig:{}. 
[19:18:09] [Thread-3/WARN]: Incorrect key compatibility.general was corrected from null to its default, SimpleCommentedConfig:{}. 
[19:18:09] [Thread-3/WARN]: Incorrect key compatibility.general.choppingRequiresCorrectToolForDrops was corrected from null to its default, true. 
[19:18:09] [Thread-3/WARN]: Incorrect key compatibility.general.choppingRequiresFastBreakingTool was corrected from null to its default, false. 
[19:18:09] [Thread-3/WARN]: Incorrect key compatibility.general.preventChoppingOnRightClick was corrected from null to its default, false. 
[19:18:09] [Thread-3/WARN]: Incorrect key compatibility.general.preventChopRecursion was corrected from null to its default, true. 
[19:18:09] [Thread-3/WARN]: Incorrect key compatibility.general.blacklist was corrected from null to its default, SimpleCommentedConfig:{}. 
[19:18:09] [Thread-3/WARN]: Incorrect key compatibility.general.blacklist.blacklistOrWhitelist was corrected from null to its default, BLACKLIST. 
[19:18:09] [Thread-3/WARN]: Incorrect key compatibility.general.blacklist.items was corrected from null to its default, [botania:terra_axe, mekanism:atomic_disassembler, @lumberjack, practicaltools:iron_greataxe, practicaltools:golden_greataxe, practicaltools:diamond_greataxe, practicaltools:netherite_greataxe]. 
[19:18:09] [Thread-3/WARN]: Incorrect key compatibility.general.fakePlayerChopSettings was corrected from null to its default, SimpleCommentedConfig:{}. 
[19:18:09] [Thread-3/WARN]: Incorrect key compatibility.general.fakePlayerChopSettings.choppingEnabled was corrected from null to its default, false. 
[19:18:09] [Thread-3/WARN]: Incorrect key compatibility.general.fakePlayerChopSettings.fellingEnabled was corrected from null to its default, true. 
[19:18:09] [Thread-3/WARN]: Incorrect key compatibility.general.fakePlayerChopSettings.treesMustHaveLeaves was corrected from null to its default, true. 
[19:18:09] [Thread-3/WARN]: Incorrect key compatibility.trees was corrected from null to its default, SimpleCommentedConfig:{}. 
[19:18:09] [Thread-3/WARN]: Incorrect key compatibility.trees.hugeMushrooms was corrected from null to its default, SimpleCommentedConfig:{}. 
[19:18:09] [Thread-3/WARN]: Incorrect key compatibility.trees.hugeMushrooms.logs was corrected from null to its default, [#c:mushroom_stems]. 
[19:18:09] [Thread-3/WARN]: Incorrect key compatibility.trees.hugeMushrooms.leaves was corrected from null to its default, [#c:mushroom_caps]. 
[19:18:09] [Thread-3/WARN]: Incorrect key compatibility.trees.hugeFungi was corrected from null to its default, SimpleCommentedConfig:{}. 
[19:18:09] [Thread-3/WARN]: Incorrect key compatibility.trees.hugeFungi.logs was corrected from null to its default, [#minecraft:crimson_stems, #minecraft:warped_stems]. 
[19:18:09] [Thread-3/WARN]: Incorrect key compatibility.trees.hugeFungi.leaves was corrected from null to its default, [#minecraft:wart_blocks, minecraft:shroomlight]. 
[19:18:09] [Thread-3/WARN]: Incorrect key compatibility.trees.problematicLeavesTrees was corrected from null to its default, SimpleCommentedConfig:{}. 
[19:18:09] [Thread-3/WARN]: Incorrect key compatibility.trees.problematicLeavesTrees.logs was corrected from null to its default, [tropicraft:.*_log(_.*)?, mysticbiomes:.*_log, betternether:.*_bark, betternether:.*_log]. 
[19:18:09] [Thread-3/WARN]: Incorrect key compatibility.trees.problematicLeavesTrees.leaves was corrected from null to its default, [tropicraft:.*_leaves(_.*)?, betternether:.*_leaves]. 
[19:18:09] [Thread-3/WARN]: Incorrect key compatibility.API was corrected from null to its default, SimpleCommentedConfig:{}. 
[19:18:09] [Thread-3/WARN]: Incorrect key compatibility.API.verbose was corrected from null to its default, false. 
[19:18:09] [main/INFO]: [STDOUT]: TxniLib onInitialize!!
[19:18:09] [main/INFO]: [Collective] JSON file 'entity_names.json' generation requested by mod 'villagernames'.
[19:18:09] [main/INFO]: Registered JSON trade offer adapter.
[19:18:09] [main/INFO]: Constructing common components for visualworkbench:main
[19:18:09] [main/INFO]: [STDOUT]: Config updated!
[19:18:09] [main/INFO]: [STDOUT]: Config loaded!
[19:18:09] [main/INFO]: Registering C2S receiver with id wands:key_packet
[19:18:09] [main/INFO]: Registering C2S receiver with id wands:palette_packet
[19:18:09] [main/INFO]: Registering C2S receiver with id wands:wand_packet
[19:18:09] [main/INFO]: Registering C2S receiver with id wands:pos_packet
[19:18:09] [main/INFO]: Registering C2S receiver with id wands:global_settings_packet
[19:18:10] [main/INFO]: File exists, reading config for elocindev.ysns.config.DisabledEntities.
[19:18:10] [main/INFO]: Config for elocindev.ysns.config.DisabledEntities read successfully.
[19:18:10] [main/INFO]: File exists, reading config for elocindev.ysns.config.PerDimensionEntities.
[19:18:10] [main/INFO]: Config for elocindev.ysns.config.PerDimensionEntities read successfully.
[19:18:10] [main/INFO]: You Shall Not Spawn's Config initialized
[19:18:10] [main/INFO]: Reflections took 2 ms to scan 1 urls, producing 1 keys and 4 values
[19:18:10] [main/INFO]: Reflections took 3 ms to scan 1 urls, producing 1 keys and 4 values
[19:18:10] [main/INFO]: Reflections took 1 ms to scan 1 urls, producing 1 keys and 2 values
[19:18:10] [main/INFO]: Reflections took 1 ms to scan 1 urls, producing 1 keys and 2 values
[19:18:10] [main/INFO]: Registering content
[19:18:10] [main/INFO]: Registered extendedae config for auto-sync function
[19:18:10] [main/INFO]: Initialised items.
[19:18:10] [main/INFO]: Initialised blocks.
[19:18:10] [main/INFO]: Initialised block entities.
[19:18:10] [main/INFO]: Initialised Applied Botanics integration.
[19:18:10] [main/INFO]: Initialised AE2WT integration.
[19:18:11] [main/INFO]: Initializing 'Better Statistics Screen' as 'BetterStatsServer'.
[19:18:11] [main/INFO]: Its Morbin' time
[19:18:11] [main/INFO]: Initialized Frostiful server!
[19:18:11] [main/INFO]: [STDOUT]: [Modpack Update Checker] Registered commands
[19:18:11] [main/INFO]: Initialized block sets in 76ms
[19:18:11] [main/INFO]: Loaded config dummmmmmy-common.json
[19:18:11] [main/INFO]: Initialized color sets in 148ms
[19:18:11] [main/INFO]: Finished mod setup in: [15, 0, 0, 0, 0, 0, 13, 7, 1] ms
[19:18:11] [main/INFO]: Loading Open Parties and Claims!
[19:18:11] [main/INFO]: File exists, reading config for elocindev.prominent.config.ServerConfig.
[19:18:11] [main/INFO]: Config for elocindev.prominent.config.ServerConfig read successfully.
[19:18:11] [main/INFO]: Initializing 'TCD Commons API' 3.5+fabric-1.20.1 as 'TCDCommonsServer'.
[19:18:11] [main/INFO]: Loading Xaero's Minimap - Stage 1/2 (Server)
[19:18:11] [main/INFO]: Loading Xaero's World Map - Stage 1/2 (Server)
[19:18:11] [Thread-3/INFO]: Loading default config file from path ./config/farmersdelight-common.toml
[19:18:11] [Thread-3/WARN]: Configuration file /workspaces/CraftCoso/servidor_minecraft/./config/farmersdelight-common.toml could not be parsed. Correcting
[19:18:11] [Thread-3/WARN]: Configuration file /workspaces/CraftCoso/servidor_minecraft/./config/farmersdelight-common.toml is not correct. Correcting
[19:18:11] [Thread-3/WARN]: Configuration file /workspaces/CraftCoso/servidor_minecraft/./config/farmersdelight-common.toml is not correct. Correcting
[19:18:12] [Thread-3/WARN]: Configuration file /workspaces/CraftCoso/servidor_minecraft/./config/watut-client.toml is not correct. Correcting
[19:18:12] [Thread-3/WARN]: Incorrect key general was corrected from null to its default, SimpleCommentedConfig:{}. 
[19:18:12] [Thread-3/WARN]: Incorrect key general.sendMouseInfo was corrected from null to its default, true. 
[19:18:12] [Thread-3/WARN]: Incorrect key general.sendTypingSpeed was corrected from null to its default, true. 
[19:18:12] [Thread-3/WARN]: Incorrect key general.sendActiveGui was corrected from null to its default, true. 
[19:18:12] [Thread-3/WARN]: Incorrect key general.sendIdleState was corrected from null to its default, true. 
[19:18:12] [Thread-3/WARN]: Incorrect key general.showIdleStatesInPlayerList was corrected from null to its default, true. 
[19:18:12] [Thread-3/WARN]: Incorrect key general.showIdleStatesInPlayerAboveHead was corrected from null to its default, true. 
[19:18:12] [Thread-3/WARN]: Incorrect key general.showPlayerAnimations was corrected from null to its default, true. 
[19:18:12] [Thread-3/WARN]: Incorrect key general.playScreenOpenSounds was corrected from null to its default, true. 
[19:18:12] [Thread-3/WARN]: Incorrect key general.playMouseClickSounds was corrected from null to its default, true. 
[19:18:12] [Thread-3/WARN]: Configuration file /workspaces/CraftCoso/servidor_minecraft/./config/watut-client.toml is not correct. Correcting
[19:18:12] [Thread-3/WARN]: Incorrect key general.sendMouseInfo was corrected from null to its default, true. 
[19:18:12] [Thread-3/WARN]: Incorrect key general.sendTypingSpeed was corrected from null to its default, true. 
[19:18:12] [Thread-3/WARN]: Incorrect key general.sendActiveGui was corrected from null to its default, true. 
[19:18:12] [Thread-3/WARN]: Incorrect key general.sendIdleState was corrected from null to its default, true. 
[19:18:12] [Thread-3/WARN]: Incorrect key general.showIdleStatesInPlayerList was corrected from null to its default, true. 
[19:18:12] [Thread-3/WARN]: Incorrect key general.showIdleStatesInPlayerAboveHead was corrected from null to its default, true. 
[19:18:12] [Thread-3/WARN]: Incorrect key general.showPlayerAnimations was corrected from null to its default, true. 
[19:18:12] [Thread-3/WARN]: Incorrect key general.playScreenOpenSounds was corrected from null to its default, true. 
[19:18:12] [Thread-3/WARN]: Incorrect key general.playMouseClickSounds was corrected from null to its default, true. 
[19:18:12] [main/INFO]: Environment: authHost='https://authserver.mojang.com', accountsHost='https://api.mojang.com', sessionHost='https://sessionserver.mojang.com', servicesHost='https://api.minecraftservices.com', name='PROD'
[19:18:12] [main/ERROR]: Failed to start the minecraft server
net.minecraft.world.level.storage.SessionLock$AlreadyLockedException: /workspaces/CraftCoso/servidor_minecraft/./world/session.lock: already locked (possibly by other Minecraft instance?)
	at net.minecraft.world.level.storage.SessionLock$AlreadyLockedException.create(SessionLock.java:95) ~[server-intermediary.jar:?]
	at net.minecraft.world.level.storage.SessionLock.create(SessionLock.java:41) ~[server-intermediary.jar:?]
	at net.minecraft.world.level.storage.LevelStorage$Session.<init>(LevelStorage.java:398) ~[server-intermediary.jar:?]
	at net.minecraft.world.level.storage.LevelStorage.createSession(LevelStorage.java:377) ~[server-intermediary.jar:?]
	at net.minecraft.server.Main.main(Main.java:136) ~[server-intermediary.jar:?]
	at net.fabricmc.loader.impl.game.minecraft.MinecraftGameProvider.launch(MinecraftGameProvider.java:480) ~[fabric-loader-0.16.10.jar:?]
	at net.fabricmc.loader.impl.launch.knot.Knot.launch(Knot.java:74) ~[fabric-loader-0.16.10.jar:?]
	at net.fabricmc.loader.impl.launch.knot.KnotServer.main(KnotServer.java:23) ~[fabric-loader-0.16.10.jar:?]
	at net.fabricmc.loader.impl.launch.server.FabricServerLauncher.main(FabricServerLauncher.java:69) ~[fabric-loader-0.16.10.jar:?]
	at net.fabricmc.installer.ServerLauncher.main(ServerLauncher.java:69) ~[fabric-server-launch.jar:1.0.1]
